[{"id":135238,"name":"Abbadia San Salvatore","stateCode":"52","countryCode":"IT"},{"id":135244,"name":"Abetone","stateCode":"52","countryCode":"IT"},{"id":135276,"name":"Acquaviva","stateCode":"52","countryCode":"IT"},{"id":135301,"name":"Agliana","stateCode":"52","countryCode":"IT"},{"id":135371,"name":"Albiano Magra","stateCode":"52","countryCode":"IT"},{"id":135378,"name":"Albinia","stateCode":"52","countryCode":"IT"},{"id":135446,"name":"Altopascio","stateCode":"52","countryCode":"IT"},{"id":135466,"name":"Ambra","stateCode":"52","countryCode":"IT"},{"id":135478,"name":"Anchione","stateCode":"52","countryCode":"IT"},{"id":135497,"name":"Anghiari","stateCode":"52","countryCode":"IT"},{"id":135513,"name":"Antella","stateCode":"52","countryCode":"IT"},{"id":135554,"name":"Arbia","stateCode":"52","countryCode":"IT"},{"id":135567,"name":"Arcidosso","stateCode":"52","countryCode":"IT"},{"id":135590,"name":"Arezzo","stateCode":"52","countryCode":"IT"},{"id":135654,"name":"Asciano","stateCode":"52","countryCode":"IT"},{"id":135687,"name":"Aulla","stateCode":"52","countryCode":"IT"},{"id":135696,"name":"Avane","stateCode":"52","countryCode":"IT"},{"id":135739,"name":"Badia al Pino","stateCode":"52","countryCode":"IT"},{"id":135738,"name":"Badia Tedalda","stateCode":"52","countryCode":"IT"},{"id":135757,"name":"Bagni di Lucca","stateCode":"52","countryCode":"IT"},{"id":135761,"name":"Bagno a Ripoli","stateCode":"52","countryCode":"IT"},{"id":135760,"name":"Bagno Roselle","stateCode":"52","countryCode":"IT"},{"id":135774,"name":"Bagnone","stateCode":"52","countryCode":"IT"},{"id":135817,"name":"Barba","stateCode":"52","countryCode":"IT"},{"id":135822,"name":"Barbarasco","stateCode":"52","countryCode":"IT"},{"id":135828,"name":"Barberino di Mugello","stateCode":"52","countryCode":"IT"},{"id":135827,"name":"Barberino Val d'Elsa","stateCode":"52","countryCode":"IT"},{"id":135848,"name":"Barga","stateCode":"52","countryCode":"IT"},{"id":135907,"name":"Battifolle-Ruscello-Poggiola","stateCode":"52","countryCode":"IT"},{"id":135941,"name":"Bellavista","stateCode":"52","countryCode":"IT"},{"id":135968,"name":"Belverde","stateCode":"52","countryCode":"IT"},{"id":136021,"name":"Bettolle","stateCode":"52","countryCode":"IT"},{"id":136039,"name":"Bibbiena","stateCode":"52","countryCode":"IT"},{"id":136040,"name":"Bibbona","stateCode":"52","countryCode":"IT"},{"id":136049,"name":"Bientina","stateCode":"52","countryCode":"IT"},{"id":136164,"name":"Borghetto-Melara","stateCode":"52","countryCode":"IT"},{"id":136197,"name":"Borgo a Buggiano","stateCode":"52","countryCode":"IT"},{"id":136198,"name":"Borgo a Mozzano","stateCode":"52","countryCode":"IT"},{"id":136184,"name":"Borgo San Lorenzo","stateCode":"52","countryCode":"IT"},{"id":136280,"name":"Braccagni","stateCode":"52","countryCode":"IT"},{"id":136389,"name":"Bucine","stateCode":"52","countryCode":"IT"},{"id":136407,"name":"Buonconvento","stateCode":"52","countryCode":"IT"},{"id":136437,"name":"Buti","stateCode":"52","countryCode":"IT"},{"id":136503,"name":"Calci","stateCode":"52","countryCode":"IT"},{"id":136505,"name":"Calcinaia","stateCode":"52","countryCode":"IT"},{"id":136518,"name":"Caldine","stateCode":"52","countryCode":"IT"},{"id":136522,"name":"Calenzano","stateCode":"52","countryCode":"IT"},{"id":136567,"name":"Camaiore","stateCode":"52","countryCode":"IT"},{"id":136602,"name":"Campagnatico","stateCode":"52","countryCode":"IT"},{"id":136615,"name":"Campi Bisenzio","stateCode":"52","countryCode":"IT"},{"id":136618,"name":"Campiglia Marittima","stateCode":"52","countryCode":"IT"},{"id":136626,"name":"Campo","stateCode":"52","countryCode":"IT"},{"id":136637,"name":"Campo nell'Elba","stateCode":"52","countryCode":"IT"},{"id":136632,"name":"Campo Tizzoro","stateCode":"52","countryCode":"IT"},{"id":136675,"name":"Camporgiano","stateCode":"52","countryCode":"IT"},{"id":136684,"name":"Camucia-Monsigliolo","stateCode":"52","countryCode":"IT"},{"id":136737,"name":"Cantagallo","stateCode":"52","countryCode":"IT"},{"id":136738,"name":"Cantagrillo-Casalguidi","stateCode":"52","countryCode":"IT"},{"id":136759,"name":"Capalbio","stateCode":"52","countryCode":"IT"},{"id":136760,"name":"Capanne-Prato-Cinquale","stateCode":"52","countryCode":"IT"},{"id":136761,"name":"Capannoli","stateCode":"52","countryCode":"IT"},{"id":136762,"name":"Capannori","stateCode":"52","countryCode":"IT"},{"id":136783,"name":"Capoliveri","stateCode":"52","countryCode":"IT"},{"id":136784,"name":"Capolona","stateCode":"52","countryCode":"IT"},{"id":136799,"name":"Capraia e Limite","stateCode":"52","countryCode":"IT"},{"id":136798,"name":"Capraia Isola","stateCode":"52","countryCode":"IT"},{"id":136807,"name":"Caprese Michelangelo","stateCode":"52","countryCode":"IT"},{"id":136864,"name":"Careggine","stateCode":"52","countryCode":"IT"},{"id":136892,"name":"Carmignano","stateCode":"52","countryCode":"IT"},{"id":136923,"name":"Carraia","stateCode":"52","countryCode":"IT"},{"id":136924,"name":"Carrara","stateCode":"52","countryCode":"IT"},{"id":136977,"name":"Casale Marittimo","stateCode":"52","countryCode":"IT"},{"id":137047,"name":"Casciana Terme","stateCode":"52","countryCode":"IT"},{"id":137048,"name":"Cascina","stateCode":"52","countryCode":"IT"},{"id":137051,"name":"Cascine-La Croce","stateCode":"52","countryCode":"IT"},{"id":137080,"name":"Casola in Lunigiana","stateCode":"52","countryCode":"IT"},{"id":137082,"name":"Casole d'Elsa","stateCode":"52","countryCode":"IT"},{"id":137117,"name":"Castagneto Carducci","stateCode":"52","countryCode":"IT"},{"id":137166,"name":"Castel del Piano","stateCode":"52","countryCode":"IT"},{"id":137153,"name":"Castel San Niccolò","stateCode":"52","countryCode":"IT"},{"id":137193,"name":"Castelfiorentino","stateCode":"52","countryCode":"IT"},{"id":137199,"name":"Castelfranco di Sopra","stateCode":"52","countryCode":"IT"},{"id":137200,"name":"Castelfranco di Sotto","stateCode":"52","countryCode":"IT"},{"id":137208,"name":"Castell'Azzara","stateCode":"52","countryCode":"IT"},{"id":137246,"name":"Castellina in Chianti","stateCode":"52","countryCode":"IT"},{"id":137244,"name":"Castellina Marittima","stateCode":"52","countryCode":"IT"},{"id":137245,"name":"Castellina Scalo","stateCode":"52","countryCode":"IT"},{"id":137283,"name":"Castelnuovo Berardenga","stateCode":"52","countryCode":"IT"},{"id":137296,"name":"Castelnuovo dei Sabbioni","stateCode":"52","countryCode":"IT"},{"id":137302,"name":"Castelnuovo di Garfagnana","stateCode":"52","countryCode":"IT"},{"id":137304,"name":"Castelnuovo di Val di Cecina","stateCode":"52","countryCode":"IT"},{"id":137336,"name":"Castiglion Fibocchi","stateCode":"52","countryCode":"IT"},{"id":137337,"name":"Castiglion Fiorentino","stateCode":"52","countryCode":"IT"},{"id":137350,"name":"Castiglione d'Orcia","stateCode":"52","countryCode":"IT"},{"id":137354,"name":"Castiglione della Pescaia","stateCode":"52","countryCode":"IT"},{"id":137356,"name":"Castiglione di Garfagnana","stateCode":"52","countryCode":"IT"},{"id":137393,"name":"Catena","stateCode":"52","countryCode":"IT"},{"id":137417,"name":"Cavallina","stateCode":"52","countryCode":"IT"},{"id":137444,"name":"Cavriglia-Monastero","stateCode":"52","countryCode":"IT"},{"id":137454,"name":"Cecina","stateCode":"52","countryCode":"IT"},{"id":137486,"name":"Cenaia","stateCode":"52","countryCode":"IT"},{"id":137519,"name":"Cerbaia","stateCode":"52","countryCode":"IT"},{"id":137563,"name":"Cerreto Guidi","stateCode":"52","countryCode":"IT"},{"id":137578,"name":"Certaldo","stateCode":"52","countryCode":"IT"},{"id":137601,"name":"Cesa","stateCode":"52","countryCode":"IT"},{"id":137622,"name":"Cetona","stateCode":"52","countryCode":"IT"},{"id":137645,"name":"Chianciano Terme","stateCode":"52","countryCode":"IT"},{"id":137646,"name":"Chianni","stateCode":"52","countryCode":"IT"},{"id":137656,"name":"Chiassa-Tregozzano","stateCode":"52","countryCode":"IT"},{"id":137670,"name":"Chiesina Uzzanese","stateCode":"52","countryCode":"IT"},{"id":137671,"name":"Chiesino-Collodi","stateCode":"52","countryCode":"IT"},{"id":137681,"name":"Chitignano","stateCode":"52","countryCode":"IT"},{"id":137695,"name":"Chiusdino","stateCode":"52","countryCode":"IT"},{"id":137696,"name":"Chiusi","stateCode":"52","countryCode":"IT"},{"id":137698,"name":"Chiusi della Verna","stateCode":"52","countryCode":"IT"},{"id":137697,"name":"Chiusi Scalo","stateCode":"52","countryCode":"IT"},{"id":137733,"name":"Cinigiano","stateCode":"52","countryCode":"IT"},{"id":137741,"name":"Cintolese","stateCode":"52","countryCode":"IT"},{"id":137804,"name":"Civitella in Val di Chiana","stateCode":"52","countryCode":"IT"},{"id":137797,"name":"Civitella Marittima","stateCode":"52","countryCode":"IT"},{"id":137873,"name":"Colle di Val d'Elsa","stateCode":"52","countryCode":"IT"},{"id":137893,"name":"Collesalvetti","stateCode":"52","countryCode":"IT"},{"id":137935,"name":"Comano","stateCode":"52","countryCode":"IT"},{"id":137937,"name":"Comeana","stateCode":"52","countryCode":"IT"},{"id":137949,"name":"Compiobbi","stateCode":"52","countryCode":"IT"},{"id":138005,"name":"Coreglia Antelminelli","stateCode":"52","countryCode":"IT"},{"id":138046,"name":"Corsanico-Bargecchia","stateCode":"52","countryCode":"IT"},{"id":138071,"name":"Cortona","stateCode":"52","countryCode":"IT"},{"id":138146,"name":"Crespina","stateCode":"52","countryCode":"IT"},{"id":138217,"name":"Cutigliano","stateCode":"52","countryCode":"IT"},{"id":138265,"name":"Dicomano","stateCode":"52","countryCode":"IT"},{"id":138303,"name":"Donoratico","stateCode":"52","countryCode":"IT"},{"id":138356,"name":"Empoli","stateCode":"52","countryCode":"IT"},{"id":138391,"name":"Fabbriche di Vallico","stateCode":"52","countryCode":"IT"},{"id":138402,"name":"Faella","stateCode":"52","countryCode":"IT"},{"id":138456,"name":"Fauglia","stateCode":"52","countryCode":"IT"},{"id":138511,"name":"Fiesole","stateCode":"52","countryCode":"IT"},{"id":138519,"name":"Figline Valdarno","stateCode":"52","countryCode":"IT"},{"id":138525,"name":"Filattiera","stateCode":"52","countryCode":"IT"},{"id":138528,"name":"Filettole","stateCode":"52","countryCode":"IT"},{"id":138543,"name":"Firenzuola","stateCode":"52","countryCode":"IT"},{"id":138556,"name":"Fivizzano","stateCode":"52","countryCode":"IT"},{"id":138563,"name":"Florence","stateCode":"52","countryCode":"IT"},{"id":138578,"name":"Foiano della Chiana","stateCode":"52","countryCode":"IT"},{"id":138584,"name":"Follonica","stateCode":"52","countryCode":"IT"},{"id":138593,"name":"Fontana delle Monache","stateCode":"52","countryCode":"IT"},{"id":138608,"name":"Fonteblanda","stateCode":"52","countryCode":"IT"},{"id":138622,"name":"Forcoli","stateCode":"52","countryCode":"IT"},{"id":138645,"name":"Fornacelle","stateCode":"52","countryCode":"IT"},{"id":138646,"name":"Fornacette","stateCode":"52","countryCode":"IT"},{"id":138650,"name":"Fornaci di Barga","stateCode":"52","countryCode":"IT"},{"id":138661,"name":"Forte dei Marmi","stateCode":"52","countryCode":"IT"},{"id":138665,"name":"Fosciandora","stateCode":"52","countryCode":"IT"},{"id":138666,"name":"Fosdinovo","stateCode":"52","countryCode":"IT"},{"id":138746,"name":"Fucecchio","stateCode":"52","countryCode":"IT"},{"id":138768,"name":"Gabella","stateCode":"52","countryCode":"IT"},{"id":138791,"name":"Gaiole in Chianti","stateCode":"52","countryCode":"IT"},{"id":138803,"name":"Galliano","stateCode":"52","countryCode":"IT"},{"id":138807,"name":"Gallicano","stateCode":"52","countryCode":"IT"},{"id":138829,"name":"Gambassi Terme","stateCode":"52","countryCode":"IT"},{"id":138880,"name":"Gavorrano","stateCode":"52","countryCode":"IT"},{"id":138890,"name":"Gello","stateCode":"52","countryCode":"IT"},{"id":138958,"name":"Giglio Castello","stateCode":"52","countryCode":"IT"},{"id":138964,"name":"Ginestra Fiorentina","stateCode":"52","countryCode":"IT"},{"id":138978,"name":"Giovi-Ponte alla Chiassa","stateCode":"52","countryCode":"IT"},{"id":138994,"name":"Giuncugnano","stateCode":"52","countryCode":"IT"},{"id":139073,"name":"Grassina Ponte a Ema","stateCode":"52","countryCode":"IT"},{"id":139092,"name":"Greve in Chianti","stateCode":"52","countryCode":"IT"},{"id":139118,"name":"Grosseto","stateCode":"52","countryCode":"IT"},{"id":139166,"name":"Guardistallo","stateCode":"52","countryCode":"IT"},{"id":139170,"name":"Guasticce","stateCode":"52","countryCode":"IT"},{"id":139171,"name":"Guazzino","stateCode":"52","countryCode":"IT"},{"id":139193,"name":"Il Romito","stateCode":"52","countryCode":"IT"},{"id":139202,"name":"Impruneta","stateCode":"52","countryCode":"IT"},{"id":139205,"name":"Incisa in Val d'Arno","stateCode":"52","countryCode":"IT"},{"id":139237,"name":"Isola D'Arbia","stateCode":"52","countryCode":"IT"},{"id":139244,"name":"Isola del Giglio","stateCode":"52","countryCode":"IT"},{"id":139265,"name":"Istia D'Ombrone-Le Stiacciole","stateCode":"52","countryCode":"IT"},{"id":139288,"name":"La California","stateCode":"52","countryCode":"IT"},{"id":139298,"name":"La Pieve-Molino","stateCode":"52","countryCode":"IT"},{"id":139301,"name":"La Rotta","stateCode":"52","countryCode":"IT"},{"id":139337,"name":"Lajatico","stateCode":"52","countryCode":"IT"},{"id":139350,"name":"Lamporecchio","stateCode":"52","countryCode":"IT"},{"id":139370,"name":"Larciano","stateCode":"52","countryCode":"IT"},{"id":139374,"name":"Lari","stateCode":"52","countryCode":"IT"},{"id":139385,"name":"Lastra a Signa","stateCode":"52","countryCode":"IT"},{"id":139387,"name":"Laterina","stateCode":"52","countryCode":"IT"},{"id":139423,"name":"Lazzeretto","stateCode":"52","countryCode":"IT"},{"id":139424,"name":"Le Casine-Perignano-Spinelli","stateCode":"52","countryCode":"IT"},{"id":139495,"name":"Licciana Nardi","stateCode":"52","countryCode":"IT"},{"id":139523,"name":"Limite","stateCode":"52","countryCode":"IT"},{"id":139551,"name":"Livorno","stateCode":"52","countryCode":"IT"},{"id":139587,"name":"Londa","stateCode":"52","countryCode":"IT"},{"id":139607,"name":"Lorenzana","stateCode":"52","countryCode":"IT"},{"id":139613,"name":"Loro Ciuffenna","stateCode":"52","countryCode":"IT"},{"id":139629,"name":"Lucca","stateCode":"52","countryCode":"IT"},{"id":139632,"name":"Lucignano","stateCode":"52","countryCode":"IT"},{"id":139637,"name":"Luco Mugello","stateCode":"52","countryCode":"IT"},{"id":139711,"name":"Madonna dell'Acqua","stateCode":"52","countryCode":"IT"},{"id":139730,"name":"Magliano in Toscana","stateCode":"52","countryCode":"IT"},{"id":139770,"name":"Malmantile","stateCode":"52","countryCode":"IT"},{"id":139782,"name":"Manciano","stateCode":"52","countryCode":"IT"},{"id":139810,"name":"Mantignano-Ugnano","stateCode":"52","countryCode":"IT"},{"id":139845,"name":"Marciana","stateCode":"52","countryCode":"IT"},{"id":139846,"name":"Marciana Marina","stateCode":"52","countryCode":"IT"},{"id":139848,"name":"Marciano","stateCode":"52","countryCode":"IT"},{"id":139849,"name":"Marciano della Chiana","stateCode":"52","countryCode":"IT"},{"id":139851,"name":"Marcignana","stateCode":"52","countryCode":"IT"},{"id":139864,"name":"Margine Coperta-Traversagna","stateCode":"52","countryCode":"IT"},{"id":139879,"name":"Marina di Campo","stateCode":"52","countryCode":"IT"},{"id":139881,"name":"Marina di Carrara","stateCode":"52","countryCode":"IT"},{"id":139888,"name":"Marina di Grosseto","stateCode":"52","countryCode":"IT"},{"id":139889,"name":"Marina di Massa","stateCode":"52","countryCode":"IT"},{"id":139891,"name":"Marina di Pisa","stateCode":"52","countryCode":"IT"},{"id":139892,"name":"Marina di Pisa-Tirrenia-Calambrone","stateCode":"52","countryCode":"IT"},{"id":139904,"name":"Marliana","stateCode":"52","countryCode":"IT"},{"id":139915,"name":"Marradi","stateCode":"52","countryCode":"IT"},{"id":139929,"name":"Marti","stateCode":"52","countryCode":"IT"},{"id":139966,"name":"Massa","stateCode":"52","countryCode":"IT"},{"id":139973,"name":"Massa Marittima","stateCode":"52","countryCode":"IT"},{"id":139980,"name":"Massarosa","stateCode":"52","countryCode":"IT"},{"id":140072,"name":"Mercatale","stateCode":"52","countryCode":"IT"},{"id":140073,"name":"Mercatale-San Quirico","stateCode":"52","countryCode":"IT"},{"id":140102,"name":"Metato","stateCode":"52","countryCode":"IT"},{"id":140134,"name":"Migliarino","stateCode":"52","countryCode":"IT"},{"id":140163,"name":"Minucciano","stateCode":"52","countryCode":"IT"},{"id":140211,"name":"Molazzana","stateCode":"52","countryCode":"IT"},{"id":140224,"name":"Molino del Piano","stateCode":"52","countryCode":"IT"},{"id":140303,"name":"Monsummano Terme","stateCode":"52","countryCode":"IT"},{"id":140314,"name":"Montaione","stateCode":"52","countryCode":"IT"},{"id":140319,"name":"Montalcino","stateCode":"52","countryCode":"IT"},{"id":140326,"name":"Montale","stateCode":"52","countryCode":"IT"},{"id":140330,"name":"Montalto","stateCode":"52","countryCode":"IT"},{"id":140352,"name":"Monte Argentario","stateCode":"52","countryCode":"IT"},{"id":140377,"name":"Monte San Savino","stateCode":"52","countryCode":"IT"},{"id":140392,"name":"Montebonello","stateCode":"52","countryCode":"IT"},{"id":140399,"name":"Montecalvoli","stateCode":"52","countryCode":"IT"},{"id":140400,"name":"Montecarlo","stateCode":"52","countryCode":"IT"},{"id":140405,"name":"Montecatini Val di Cecina","stateCode":"52","countryCode":"IT"},{"id":140406,"name":"Montecatini-Terme","stateCode":"52","countryCode":"IT"},{"id":140481,"name":"Montelupo Fiorentino","stateCode":"52","countryCode":"IT"},{"id":140493,"name":"Montemignaio","stateCode":"52","countryCode":"IT"},{"id":140498,"name":"Montemurlo","stateCode":"52","countryCode":"IT"},{"id":140510,"name":"Montepulciano","stateCode":"52","countryCode":"IT"},{"id":140511,"name":"Montepulciano Stazione","stateCode":"52","countryCode":"IT"},{"id":140513,"name":"Monterchi","stateCode":"52","countryCode":"IT"},{"id":140517,"name":"Monteriggioni","stateCode":"52","countryCode":"IT"},{"id":140519,"name":"Monteroni d'Arbia","stateCode":"52","countryCode":"IT"},{"id":140527,"name":"Monterotondo Marittimo","stateCode":"52","countryCode":"IT"},{"id":140537,"name":"Montescudaio","stateCode":"52","countryCode":"IT"},{"id":140543,"name":"Montespertoli","stateCode":"52","countryCode":"IT"},{"id":140547,"name":"Montevarchi","stateCode":"52","countryCode":"IT"},{"id":140550,"name":"Monteverdi Marittimo","stateCode":"52","countryCode":"IT"},{"id":140554,"name":"Monti","stateCode":"52","countryCode":"IT"},{"id":140570,"name":"Monticiano","stateCode":"52","countryCode":"IT"},{"id":140571,"name":"Montieri","stateCode":"52","countryCode":"IT"},{"id":140574,"name":"Montignoso","stateCode":"52","countryCode":"IT"},{"id":140580,"name":"Montopoli","stateCode":"52","countryCode":"IT"},{"id":140682,"name":"Mulazzo","stateCode":"52","countryCode":"IT"},{"id":140692,"name":"Murlo","stateCode":"52","countryCode":"IT"},{"id":140940,"name":"Orbetello","stateCode":"52","countryCode":"IT"},{"id":140941,"name":"Orbetello Scalo","stateCode":"52","countryCode":"IT"},{"id":140943,"name":"Orciano Pisano","stateCode":"52","countryCode":"IT"},{"id":140947,"name":"Orentano","stateCode":"52","countryCode":"IT"},{"id":140985,"name":"Ortignano Raggiolo","stateCode":"52","countryCode":"IT"},{"id":140996,"name":"Orzignano","stateCode":"52","countryCode":"IT"},{"id":58222,"name":"Palaia","stateCode":"52","countryCode":"IT"},{"id":58237,"name":"Palazzuolo sul Senio","stateCode":"52","countryCode":"IT"},{"id":58252,"name":"Pallerone","stateCode":"52","countryCode":"IT"},{"id":58286,"name":"Panzano in Chianti","stateCode":"52","countryCode":"IT"},{"id":58347,"name":"Patigno","stateCode":"52","countryCode":"IT"},{"id":58367,"name":"Peccioli","stateCode":"52","countryCode":"IT"},{"id":58390,"name":"Pelago","stateCode":"52","countryCode":"IT"},{"id":58422,"name":"Pergine Valdarno","stateCode":"52","countryCode":"IT"},{"id":58448,"name":"Pescaglia","stateCode":"52","countryCode":"IT"},{"id":58457,"name":"Pescia","stateCode":"52","countryCode":"IT"},{"id":58509,"name":"Pian di Mugnone","stateCode":"52","countryCode":"IT"},{"id":58510,"name":"Pian di Scò","stateCode":"52","countryCode":"IT"},{"id":58517,"name":"Piancastagnaio","stateCode":"52","countryCode":"IT"},{"id":58541,"name":"Piano di Conca","stateCode":"52","countryCode":"IT"},{"id":58542,"name":"Piano di Coreglia-Ghivizzano","stateCode":"52","countryCode":"IT"},{"id":58544,"name":"Piano di Mommio","stateCode":"52","countryCode":"IT"},{"id":58569,"name":"Piazza al Serchio-San Michele","stateCode":"52","countryCode":"IT"},{"id":58597,"name":"Pienza","stateCode":"52","countryCode":"IT"},{"id":58625,"name":"Pietrasanta","stateCode":"52","countryCode":"IT"},{"id":58643,"name":"Pieve a Nievole","stateCode":"52","countryCode":"IT"},{"id":58644,"name":"Pieve al Toppo","stateCode":"52","countryCode":"IT"},{"id":58635,"name":"Pieve Fosciana","stateCode":"52","countryCode":"IT"},{"id":58639,"name":"Pieve Santo Stefano","stateCode":"52","countryCode":"IT"},{"id":58689,"name":"Piombino","stateCode":"52","countryCode":"IT"},{"id":58702,"name":"Pisa","stateCode":"52","countryCode":"IT"},{"id":58714,"name":"Pistoia","stateCode":"52","countryCode":"IT"},{"id":58716,"name":"Piteglio","stateCode":"52","countryCode":"IT"},{"id":58718,"name":"Pitigliano","stateCode":"52","countryCode":"IT"},{"id":58744,"name":"Podenzana","stateCode":"52","countryCode":"IT"},{"id":58747,"name":"Poggetto","stateCode":"52","countryCode":"IT"},{"id":58749,"name":"Poggibonsi","stateCode":"52","countryCode":"IT"},{"id":58750,"name":"Poggio A Caiano","stateCode":"52","countryCode":"IT"},{"id":58808,"name":"Pomarance","stateCode":"52","countryCode":"IT"},{"id":58825,"name":"Ponsacco","stateCode":"52","countryCode":"IT"},{"id":58830,"name":"Pontasserchio","stateCode":"52","countryCode":"IT"},{"id":58831,"name":"Pontassieve","stateCode":"52","countryCode":"IT"},{"id":58833,"name":"Ponte A Elsa","stateCode":"52","countryCode":"IT"},{"id":58851,"name":"Ponte a Poppi","stateCode":"52","countryCode":"IT"},{"id":58834,"name":"Ponte A Tressa","stateCode":"52","countryCode":"IT"},{"id":58836,"name":"Ponte Buggianese","stateCode":"52","countryCode":"IT"},{"id":58869,"name":"Pontedera","stateCode":"52","countryCode":"IT"},{"id":58878,"name":"Pontestazzemese","stateCode":"52","countryCode":"IT"},{"id":58886,"name":"Ponticino","stateCode":"52","countryCode":"IT"},{"id":58893,"name":"Pontremoli","stateCode":"52","countryCode":"IT"},{"id":58901,"name":"Poppi","stateCode":"52","countryCode":"IT"},{"id":58903,"name":"Porcari","stateCode":"52","countryCode":"IT"},{"id":58923,"name":"Porto Azzurro","stateCode":"52","countryCode":"IT"},{"id":58929,"name":"Porto Ercole","stateCode":"52","countryCode":"IT"},{"id":58936,"name":"Porto Santo Stefano","stateCode":"52","countryCode":"IT"},{"id":58944,"name":"Portoferraio","stateCode":"52","countryCode":"IT"},{"id":58978,"name":"Pozzale-Case Nuove","stateCode":"52","countryCode":"IT"},{"id":59018,"name":"Pratantico-Indicatore","stateCode":"52","countryCode":"IT"},{"id":59026,"name":"Prato","stateCode":"52","countryCode":"IT"},{"id":59036,"name":"Pratovecchio","stateCode":"52","countryCode":"IT"},{"id":59100,"name":"Province of Arezzo","stateCode":"52","countryCode":"IT"},{"id":59102,"name":"Province of Florence","stateCode":"52","countryCode":"IT"},{"id":59103,"name":"Province of Pisa","stateCode":"52","countryCode":"IT"},{"id":59136,"name":"Provincia di Grosseto","stateCode":"52","countryCode":"IT"},{"id":59143,"name":"Provincia di Livorno","stateCode":"52","countryCode":"IT"},{"id":59145,"name":"Provincia di Lucca","stateCode":"52","countryCode":"IT"},{"id":59148,"name":"Provincia di Massa-Carrara","stateCode":"52","countryCode":"IT"},{"id":59162,"name":"Provincia di Pistoia","stateCode":"52","countryCode":"IT"},{"id":59165,"name":"Provincia di Prato","stateCode":"52","countryCode":"IT"},{"id":59175,"name":"Provincia di Siena","stateCode":"52","countryCode":"IT"},{"id":59218,"name":"Quarata","stateCode":"52","countryCode":"IT"},{"id":59224,"name":"Quarrata","stateCode":"52","countryCode":"IT"},{"id":59237,"name":"Quattro Strade","stateCode":"52","countryCode":"IT"},{"id":59240,"name":"Quercianella","stateCode":"52","countryCode":"IT"},{"id":59261,"name":"Radda in Chianti","stateCode":"52","countryCode":"IT"},{"id":59263,"name":"Radicofani","stateCode":"52","countryCode":"IT"},{"id":59264,"name":"Radicondoli","stateCode":"52","countryCode":"IT"},{"id":59286,"name":"Rapolano Terme","stateCode":"52","countryCode":"IT"},{"id":59290,"name":"Rassina","stateCode":"52","countryCode":"IT"},{"id":59319,"name":"Reggello","stateCode":"52","countryCode":"IT"},{"id":59360,"name":"Ribolla","stateCode":"52","countryCode":"IT"},{"id":59379,"name":"Rignano sull'Arno","stateCode":"52","countryCode":"IT"},{"id":59386,"name":"Rio Marina","stateCode":"52","countryCode":"IT"},{"id":59390,"name":"Rio nell'Elba","stateCode":"52","countryCode":"IT"},{"id":59400,"name":"Ripa-Pozzi-Querceta-Ponterosso","stateCode":"52","countryCode":"IT"},{"id":59407,"name":"Riparbella","stateCode":"52","countryCode":"IT"},{"id":59505,"name":"Roccalbegna","stateCode":"52","countryCode":"IT"},{"id":59525,"name":"Roccastrada","stateCode":"52","countryCode":"IT"},{"id":59617,"name":"Ronta","stateCode":"52","countryCode":"IT"},{"id":59638,"name":"Rosia","stateCode":"52","countryCode":"IT"},{"id":59639,"name":"Rosignano Marittimo","stateCode":"52","countryCode":"IT"},{"id":59641,"name":"Rosignano Solvay-Castiglioncello","stateCode":"52","countryCode":"IT"},{"id":59699,"name":"Rufina","stateCode":"52","countryCode":"IT"},{"id":59710,"name":"S.P. in Palazzi","stateCode":"52","countryCode":"IT"},{"id":59770,"name":"Saline","stateCode":"52","countryCode":"IT"},{"id":59803,"name":"Sambuca","stateCode":"52","countryCode":"IT"},{"id":59804,"name":"Sambuca Pistoiese","stateCode":"52","countryCode":"IT"},{"id":59857,"name":"San Casciano dei Bagni","stateCode":"52","countryCode":"IT"},{"id":59858,"name":"San Casciano in Val di Pesa","stateCode":"52","countryCode":"IT"},{"id":59872,"name":"San Cipriano-S.Barbara-Centinale","stateCode":"52","countryCode":"IT"},{"id":59895,"name":"San Donato","stateCode":"52","countryCode":"IT"},{"id":59900,"name":"San Donnino","stateCode":"52","countryCode":"IT"},{"id":59926,"name":"San Francesco","stateCode":"52","countryCode":"IT"},{"id":59949,"name":"San Gimignano","stateCode":"52","countryCode":"IT"},{"id":59993,"name":"San Giovanni d'Asso","stateCode":"52","countryCode":"IT"},{"id":59990,"name":"San Giovanni Valdarno","stateCode":"52","countryCode":"IT"},{"id":60005,"name":"San Giuliano Terme","stateCode":"52","countryCode":"IT"},{"id":60016,"name":"San Giustino Valdarno","stateCode":"52","countryCode":"IT"},{"id":60018,"name":"San Godenzo","stateCode":"52","countryCode":"IT"},{"id":60026,"name":"San Jacopo al Girone","stateCode":"52","countryCode":"IT"},{"id":60059,"name":"San Marcello Pistoiese","stateCode":"52","countryCode":"IT"},{"id":60091,"name":"San Martino in Freddana-Monsagrati","stateCode":"52","countryCode":"IT"},{"id":60104,"name":"San Mauro","stateCode":"52","countryCode":"IT"},{"id":60127,"name":"San Miniato","stateCode":"52","countryCode":"IT"},{"id":60128,"name":"San Miniato Basso","stateCode":"52","countryCode":"IT"},{"id":60166,"name":"San Pierino","stateCode":"52","countryCode":"IT"},{"id":60168,"name":"San Piero a Sieve","stateCode":"52","countryCode":"IT"},{"id":60175,"name":"San Pietro Belvedere","stateCode":"52","countryCode":"IT"},{"id":60217,"name":"San Quirico d'Orcia","stateCode":"52","countryCode":"IT"},{"id":60224,"name":"San Rocco","stateCode":"52","countryCode":"IT"},{"id":60227,"name":"San Romano","stateCode":"52","countryCode":"IT"},{"id":60228,"name":"San Romano in Garfagnana","stateCode":"52","countryCode":"IT"},{"id":60267,"name":"San Vincenzo","stateCode":"52","countryCode":"IT"},{"id":60285,"name":"San Vito-Cerreto","stateCode":"52","countryCode":"IT"},{"id":60313,"name":"Sansepolcro","stateCode":"52","countryCode":"IT"},{"id":60332,"name":"Sant'Albino","stateCode":"52","countryCode":"IT"},{"id":60430,"name":"Santa Croce sull'Arno","stateCode":"52","countryCode":"IT"},{"id":60436,"name":"Santa Fiora","stateCode":"52","countryCode":"IT"},{"id":60443,"name":"Santa Luce","stateCode":"52","countryCode":"IT"},{"id":60444,"name":"Santa Lucia","stateCode":"52","countryCode":"IT"},{"id":60470,"name":"Santa Maria a Monte","stateCode":"52","countryCode":"IT"},{"id":60560,"name":"Sarteano","stateCode":"52","countryCode":"IT"},{"id":60570,"name":"Sassetta","stateCode":"52","countryCode":"IT"},{"id":60617,"name":"Scandicci","stateCode":"52","countryCode":"IT"},{"id":60625,"name":"Scansano","stateCode":"52","countryCode":"IT"},{"id":60632,"name":"Scarlino","stateCode":"52","countryCode":"IT"},{"id":60633,"name":"Scarlino Scalo","stateCode":"52","countryCode":"IT"},{"id":60636,"name":"Scarperia","stateCode":"52","countryCode":"IT"},{"id":60673,"name":"Seano","stateCode":"52","countryCode":"IT"},{"id":60688,"name":"Seggiano","stateCode":"52","countryCode":"IT"},{"id":60709,"name":"Selvatelle","stateCode":"52","countryCode":"IT"},{"id":60717,"name":"Semproniano","stateCode":"52","countryCode":"IT"},{"id":60735,"name":"Seravezza","stateCode":"52","countryCode":"IT"},{"id":60773,"name":"Serravalle Pistoiese","stateCode":"52","countryCode":"IT"},{"id":60780,"name":"Serre di Rapolano","stateCode":"52","countryCode":"IT"},{"id":60793,"name":"Sestino","stateCode":"52","countryCode":"IT"},{"id":60797,"name":"Sesto Fiorentino","stateCode":"52","countryCode":"IT"},{"id":60843,"name":"Sieci","stateCode":"52","countryCode":"IT"},{"id":60844,"name":"Siena","stateCode":"52","countryCode":"IT"},{"id":60846,"name":"Signa","stateCode":"52","countryCode":"IT"},{"id":60853,"name":"Sillano","stateCode":"52","countryCode":"IT"},{"id":60863,"name":"Sinalunga","stateCode":"52","countryCode":"IT"},{"id":60894,"name":"Soci","stateCode":"52","countryCode":"IT"},{"id":60947,"name":"Sorano","stateCode":"52","countryCode":"IT"},{"id":60983,"name":"Sovicille","stateCode":"52","countryCode":"IT"},{"id":61004,"name":"Spianate","stateCode":"52","countryCode":"IT"},{"id":61006,"name":"Spicchio-Sovigliana","stateCode":"52","countryCode":"IT"},{"id":61037,"name":"Stabbia","stateCode":"52","countryCode":"IT"},{"id":61040,"name":"Staggia","stateCode":"52","countryCode":"IT"},{"id":61050,"name":"Stazione","stateCode":"52","countryCode":"IT"},{"id":61052,"name":"Stazione Masotti","stateCode":"52","countryCode":"IT"},{"id":61069,"name":"Stia","stateCode":"52","countryCode":"IT"},{"id":61070,"name":"Stiava","stateCode":"52","countryCode":"IT"},{"id":61083,"name":"Strada","stateCode":"52","countryCode":"IT"},{"id":61085,"name":"Strada in Chianti","stateCode":"52","countryCode":"IT"},{"id":61094,"name":"Strettoia","stateCode":"52","countryCode":"IT"},{"id":61108,"name":"Subbiano","stateCode":"52","countryCode":"IT"},{"id":61135,"name":"Suvereto","stateCode":"52","countryCode":"IT"},{"id":61155,"name":"Talla","stateCode":"52","countryCode":"IT"},{"id":61180,"name":"Tavarnelle Val di Pesa","stateCode":"52","countryCode":"IT"},{"id":61181,"name":"Tavarnuzze","stateCode":"52","countryCode":"IT"},{"id":61186,"name":"Taverne D'Arbia","stateCode":"52","countryCode":"IT"},{"id":61204,"name":"Tegoleto","stateCode":"52","countryCode":"IT"},{"id":61234,"name":"Terontola","stateCode":"52","countryCode":"IT"},{"id":61243,"name":"Terranuova Bracciolini","stateCode":"52","countryCode":"IT"},{"id":61244,"name":"Terrarossa","stateCode":"52","countryCode":"IT"},{"id":61251,"name":"Terricciola","stateCode":"52","countryCode":"IT"},{"id":61372,"name":"Torre del Lago Puccini","stateCode":"52","countryCode":"IT"},{"id":61385,"name":"Torrenieri","stateCode":"52","countryCode":"IT"},{"id":61410,"name":"Torrita di Siena","stateCode":"52","countryCode":"IT"},{"id":61472,"name":"Treggiaia","stateCode":"52","countryCode":"IT"},{"id":61490,"name":"Trequanda","stateCode":"52","countryCode":"IT"},{"id":61492,"name":"Tresana","stateCode":"52","countryCode":"IT"},{"id":61589,"name":"Uggia-Pazzera-Bizzarrino","stateCode":"52","countryCode":"IT"},{"id":61594,"name":"Uliveto Terme","stateCode":"52","countryCode":"IT"},{"id":61621,"name":"Uzzano","stateCode":"52","countryCode":"IT"},{"id":61623,"name":"Vacchereccia","stateCode":"52","countryCode":"IT"},{"id":61627,"name":"Vada","stateCode":"52","countryCode":"IT"},{"id":61633,"name":"Vaglia","stateCode":"52","countryCode":"IT"},{"id":61637,"name":"Vaiano","stateCode":"52","countryCode":"IT"},{"id":61646,"name":"Val di Cava","stateCode":"52","countryCode":"IT"},{"id":61658,"name":"Valdottavo","stateCode":"52","countryCode":"IT"},{"id":61666,"name":"Valenzatico","stateCode":"52","countryCode":"IT"},{"id":61787,"name":"Vecchiano-Nodica","stateCode":"52","countryCode":"IT"},{"id":61829,"name":"Venturina","stateCode":"52","countryCode":"IT"},{"id":61857,"name":"Vernio","stateCode":"52","countryCode":"IT"},{"id":61879,"name":"Vescovado","stateCode":"52","countryCode":"IT"},{"id":61905,"name":"Viareggio","stateCode":"52","countryCode":"IT"},{"id":61910,"name":"Vicarello","stateCode":"52","countryCode":"IT"},{"id":61913,"name":"Vicchio","stateCode":"52","countryCode":"IT"},{"id":61915,"name":"Viciomaggio","stateCode":"52","countryCode":"IT"},{"id":61925,"name":"Vicopisano","stateCode":"52","countryCode":"IT"},{"id":61957,"name":"Vignale Riotorto","stateCode":"52","countryCode":"IT"},{"id":61964,"name":"Vignole-Olmi","stateCode":"52","countryCode":"IT"},{"id":61986,"name":"Villa Basilica","stateCode":"52","countryCode":"IT"},{"id":61994,"name":"Villa Collemandina","stateCode":"52","countryCode":"IT"},{"id":62062,"name":"Villafranca in Lunigiana","stateCode":"52","countryCode":"IT"},{"id":62163,"name":"Vinci","stateCode":"52","countryCode":"IT"},{"id":62218,"name":"Volterra","stateCode":"52","countryCode":"IT"},{"id":62253,"name":"Zeri","stateCode":"52","countryCode":"IT"}]