[{"id":16151,"name":"Airdrie","stateCode":"AB","countryCode":"CA"},{"id":16178,"name":"Athabasca","stateCode":"AB","countryCode":"CA"},{"id":16190,"name":"Banff","stateCode":"AB","countryCode":"CA"},{"id":16192,"name":"Barrhead","stateCode":"AB","countryCode":"CA"},{"id":16196,"name":"Bassano","stateCode":"AB","countryCode":"CA"},{"id":16204,"name":"Beaumont","stateCode":"AB","countryCode":"CA"},{"id":16207,"name":"Beaverlodge","stateCode":"AB","countryCode":"CA"},{"id":16219,"name":"Black Diamond","stateCode":"AB","countryCode":"CA"},{"id":16220,"name":"Blackfalds","stateCode":"AB","countryCode":"CA"},{"id":16226,"name":"Bon Accord","stateCode":"AB","countryCode":"CA"},{"id":16229,"name":"Bonnyville","stateCode":"AB","countryCode":"CA"},{"id":16234,"name":"Bow Island","stateCode":"AB","countryCode":"CA"},{"id":16245,"name":"Brooks","stateCode":"AB","countryCode":"CA"},{"id":16259,"name":"Calgary","stateCode":"AB","countryCode":"CA"},{"id":16260,"name":"Calmar","stateCode":"AB","countryCode":"CA"},{"id":16265,"name":"Camrose","stateCode":"AB","countryCode":"CA"},{"id":16267,"name":"Canmore","stateCode":"AB","countryCode":"CA"},{"id":16277,"name":"Cardston","stateCode":"AB","countryCode":"CA"},{"id":16284,"name":"Carstairs","stateCode":"AB","countryCode":"CA"},{"id":16305,"name":"Chestermere","stateCode":"AB","countryCode":"CA"},{"id":16314,"name":"Claresholm","stateCode":"AB","countryCode":"CA"},{"id":16316,"name":"Coaldale","stateCode":"AB","countryCode":"CA"},{"id":16317,"name":"Coalhurst","stateCode":"AB","countryCode":"CA"},{"id":16320,"name":"Cochrane","stateCode":"AB","countryCode":"CA"},{"id":16323,"name":"Cold Lake","stateCode":"AB","countryCode":"CA"},{"id":16349,"name":"Crossfield","stateCode":"AB","countryCode":"CA"},{"id":16371,"name":"Devon","stateCode":"AB","countryCode":"CA"},{"id":16372,"name":"Didsbury","stateCode":"AB","countryCode":"CA"},{"id":16383,"name":"Drayton Valley","stateCode":"AB","countryCode":"CA"},{"id":16396,"name":"Edmonton","stateCode":"AB","countryCode":"CA"},{"id":16398,"name":"Edson","stateCode":"AB","countryCode":"CA"},{"id":16399,"name":"Elk Point","stateCode":"AB","countryCode":"CA"},{"id":16413,"name":"Fairview","stateCode":"AB","countryCode":"CA"},{"id":16415,"name":"Falher","stateCode":"AB","countryCode":"CA"},{"id":16429,"name":"Fort Macleod","stateCode":"AB","countryCode":"CA"},{"id":16430,"name":"Fort McMurray","stateCode":"AB","countryCode":"CA"},{"id":16433,"name":"Fort Saskatchewan","stateCode":"AB","countryCode":"CA"},{"id":16438,"name":"Fox Creek","stateCode":"AB","countryCode":"CA"},{"id":16450,"name":"Gibbons","stateCode":"AB","countryCode":"CA"},{"id":16463,"name":"Grand Centre","stateCode":"AB","countryCode":"CA"},{"id":16466,"name":"Grande Cache","stateCode":"AB","countryCode":"CA"},{"id":16467,"name":"Grande Prairie","stateCode":"AB","countryCode":"CA"},{"id":16476,"name":"Grimshaw","stateCode":"AB","countryCode":"CA"},{"id":16488,"name":"Hanna","stateCode":"AB","countryCode":"CA"},{"id":16502,"name":"Heritage Pointe","stateCode":"AB","countryCode":"CA"},{"id":16503,"name":"High Level","stateCode":"AB","countryCode":"CA"},{"id":16504,"name":"High Prairie","stateCode":"AB","countryCode":"CA"},{"id":16505,"name":"High River","stateCode":"AB","countryCode":"CA"},{"id":16506,"name":"Hinton","stateCode":"AB","countryCode":"CA"},{"id":16526,"name":"Irricana","stateCode":"AB","countryCode":"CA"},{"id":16528,"name":"Jasper Park Lodge","stateCode":"AB","countryCode":"CA"},{"id":16543,"name":"Killam","stateCode":"AB","countryCode":"CA"},{"id":16575,"name":"Lac La Biche","stateCode":"AB","countryCode":"CA"},{"id":16585,"name":"Lacombe","stateCode":"AB","countryCode":"CA"},{"id":16592,"name":"Lamont","stateCode":"AB","countryCode":"CA"},{"id":16602,"name":"Larkspur","stateCode":"AB","countryCode":"CA"},{"id":16603,"name":"Laurel","stateCode":"AB","countryCode":"CA"},{"id":16610,"name":"Leduc","stateCode":"AB","countryCode":"CA"},{"id":16614,"name":"Lethbridge","stateCode":"AB","countryCode":"CA"},{"id":16625,"name":"Lloydminster","stateCode":"AB","countryCode":"CA"},{"id":16645,"name":"Magrath","stateCode":"AB","countryCode":"CA"},{"id":16653,"name":"Manning","stateCode":"AB","countryCode":"CA"},{"id":16654,"name":"Mannville","stateCode":"AB","countryCode":"CA"},{"id":16657,"name":"Maple Ridge","stateCode":"AB","countryCode":"CA"},{"id":16671,"name":"Mayerthorpe","stateCode":"AB","countryCode":"CA"},{"id":16675,"name":"Medicine Hat","stateCode":"AB","countryCode":"CA"},{"id":16689,"name":"Mill Woods Town Centre","stateCode":"AB","countryCode":"CA"},{"id":16691,"name":"Millet","stateCode":"AB","countryCode":"CA"},{"id":16719,"name":"Morinville","stateCode":"AB","countryCode":"CA"},{"id":16729,"name":"Nanton","stateCode":"AB","countryCode":"CA"},{"id":16774,"name":"Okotoks","stateCode":"AB","countryCode":"CA"},{"id":16775,"name":"Olds","stateCode":"AB","countryCode":"CA"},{"id":16803,"name":"Peace River","stateCode":"AB","countryCode":"CA"},{"id":16810,"name":"Penhold","stateCode":"AB","countryCode":"CA"},{"id":16820,"name":"Picture Butte","stateCode":"AB","countryCode":"CA"},{"id":16824,"name":"Pincher Creek","stateCode":"AB","countryCode":"CA"},{"id":16834,"name":"Ponoka","stateCode":"AB","countryCode":"CA"},{"id":16861,"name":"Provost","stateCode":"AB","countryCode":"CA"},{"id":16871,"name":"Raymond","stateCode":"AB","countryCode":"CA"},{"id":16873,"name":"Red Deer","stateCode":"AB","countryCode":"CA"},{"id":16889,"name":"Rideau Park","stateCode":"AB","countryCode":"CA"},{"id":16892,"name":"Rimbey","stateCode":"AB","countryCode":"CA"},{"id":16901,"name":"Rocky Mountain House","stateCode":"AB","countryCode":"CA"},{"id":17029,"name":"Sexsmith","stateCode":"AB","countryCode":"CA"},{"id":17040,"name":"Sherwood Park","stateCode":"AB","countryCode":"CA"},{"id":17044,"name":"Silver Berry","stateCode":"AB","countryCode":"CA"},{"id":17049,"name":"Slave Lake","stateCode":"AB","countryCode":"CA"},{"id":17052,"name":"Smoky Lake","stateCode":"AB","countryCode":"CA"},{"id":17061,"name":"Spirit River","stateCode":"AB","countryCode":"CA"},{"id":17062,"name":"Springbrook","stateCode":"AB","countryCode":"CA"},{"id":17065,"name":"Spruce Grove","stateCode":"AB","countryCode":"CA"},{"id":17068,"name":"St. Albert","stateCode":"AB","countryCode":"CA"},{"id":17078,"name":"Stettler","stateCode":"AB","countryCode":"CA"},{"id":17082,"name":"Stony Plain","stateCode":"AB","countryCode":"CA"},{"id":17084,"name":"Strathmore","stateCode":"AB","countryCode":"CA"},{"id":17088,"name":"Sundre","stateCode":"AB","countryCode":"CA"},{"id":17092,"name":"Swan Hills","stateCode":"AB","countryCode":"CA"},{"id":17097,"name":"Sylvan Lake","stateCode":"AB","countryCode":"CA"},{"id":17098,"name":"Taber","stateCode":"AB","countryCode":"CA"},{"id":17099,"name":"Tamarack","stateCode":"AB","countryCode":"CA"},{"id":17110,"name":"Three Hills","stateCode":"AB","countryCode":"CA"},{"id":17118,"name":"Tofield","stateCode":"AB","countryCode":"CA"},{"id":17131,"name":"Two Hills","stateCode":"AB","countryCode":"CA"},{"id":17143,"name":"Valleyview","stateCode":"AB","countryCode":"CA"},{"id":17151,"name":"Vegreville","stateCode":"AB","countryCode":"CA"},{"id":17154,"name":"Vermilion","stateCode":"AB","countryCode":"CA"},{"id":17158,"name":"Viking","stateCode":"AB","countryCode":"CA"},{"id":17163,"name":"Vulcan","stateCode":"AB","countryCode":"CA"},{"id":17166,"name":"Wainwright","stateCode":"AB","countryCode":"CA"},{"id":17187,"name":"Wembley","stateCode":"AB","countryCode":"CA"},{"id":17194,"name":"Westlake","stateCode":"AB","countryCode":"CA"},{"id":17195,"name":"Westlock","stateCode":"AB","countryCode":"CA"},{"id":17197,"name":"Wetaskiwin","stateCode":"AB","countryCode":"CA"},{"id":17203,"name":"Whitecourt","stateCode":"AB","countryCode":"CA"},{"id":17205,"name":"Wild Rose","stateCode":"AB","countryCode":"CA"},{"id":16146,"name":"Abbotsford","stateCode":"BC","countryCode":"CA"},{"id":16150,"name":"Agassiz","stateCode":"BC","countryCode":"CA"},{"id":16155,"name":"Aldergrove","stateCode":"BC","countryCode":"CA"},{"id":16156,"name":"Aldergrove East","stateCode":"BC","countryCode":"CA"},{"id":16169,"name":"Anmore","stateCode":"BC","countryCode":"CA"},{"id":16172,"name":"Arbutus Ridge","stateCode":"BC","countryCode":"CA"},{"id":16173,"name":"Armstrong","stateCode":"BC","countryCode":"CA"},{"id":16176,"name":"Ashcroft","stateCode":"BC","countryCode":"CA"},{"id":16194,"name":"Barrière","stateCode":"BC","countryCode":"CA"},{"id":16235,"name":"Bowen Island","stateCode":"BC","countryCode":"CA"},{"id":16253,"name":"Burnaby","stateCode":"BC","countryCode":"CA"},{"id":16254,"name":"Burns Lake","stateCode":"BC","countryCode":"CA"},{"id":16257,"name":"Cache Creek","stateCode":"BC","countryCode":"CA"},{"id":16263,"name":"Campbell River","stateCode":"BC","countryCode":"CA"},{"id":16286,"name":"Castlegar","stateCode":"BC","countryCode":"CA"},{"id":16288,"name":"Cedar","stateCode":"BC","countryCode":"CA"},{"id":16289,"name":"Central Coast Regional District","stateCode":"BC","countryCode":"CA"},{"id":16298,"name":"Chase","stateCode":"BC","countryCode":"CA"},{"id":16302,"name":"Chemainus","stateCode":"BC","countryCode":"CA"},{"id":16306,"name":"Chetwynd","stateCode":"BC","countryCode":"CA"},{"id":16308,"name":"Chilliwack","stateCode":"BC","countryCode":"CA"},{"id":16326,"name":"Colwood","stateCode":"BC","countryCode":"CA"},{"id":16334,"name":"Coombs","stateCode":"BC","countryCode":"CA"},{"id":16335,"name":"Coquitlam","stateCode":"BC","countryCode":"CA"},{"id":16341,"name":"Courtenay","stateCode":"BC","countryCode":"CA"},{"id":16344,"name":"Cowichan Bay","stateCode":"BC","countryCode":"CA"},{"id":16346,"name":"Cranbrook","stateCode":"BC","countryCode":"CA"},{"id":16347,"name":"Creston","stateCode":"BC","countryCode":"CA"},{"id":16350,"name":"Cumberland","stateCode":"BC","countryCode":"CA"},{"id":16359,"name":"Dawson Creek","stateCode":"BC","countryCode":"CA"},{"id":16366,"name":"Delta","stateCode":"BC","countryCode":"CA"},{"id":16367,"name":"Denman Island","stateCode":"BC","countryCode":"CA"},{"id":16368,"name":"Denman Island Trust Area","stateCode":"BC","countryCode":"CA"},{"id":16386,"name":"Duck Lake","stateCode":"BC","countryCode":"CA"},{"id":16387,"name":"Duncan","stateCode":"BC","countryCode":"CA"},{"id":16394,"name":"East Wellington","stateCode":"BC","countryCode":"CA"},{"id":16400,"name":"Elkford","stateCode":"BC","countryCode":"CA"},{"id":16402,"name":"Ellison","stateCode":"BC","countryCode":"CA"},{"id":16404,"name":"Enderby","stateCode":"BC","countryCode":"CA"},{"id":16414,"name":"Fairwinds","stateCode":"BC","countryCode":"CA"},{"id":16421,"name":"Fernie","stateCode":"BC","countryCode":"CA"},{"id":16432,"name":"Fort Nelson","stateCode":"BC","countryCode":"CA"},{"id":16435,"name":"Fort St. John","stateCode":"BC","countryCode":"CA"},{"id":16440,"name":"Fraser Valley Regional District","stateCode":"BC","countryCode":"CA"},{"id":16442,"name":"French Creek","stateCode":"BC","countryCode":"CA"},{"id":16443,"name":"Fruitvale","stateCode":"BC","countryCode":"CA"},{"id":16451,"name":"Gibsons","stateCode":"BC","countryCode":"CA"},{"id":16458,"name":"Golden","stateCode":"BC","countryCode":"CA"},{"id":16465,"name":"Grand Forks","stateCode":"BC","countryCode":"CA"},{"id":16487,"name":"Hanceville","stateCode":"BC","countryCode":"CA"},{"id":16507,"name":"Hope","stateCode":"BC","countryCode":"CA"},{"id":16508,"name":"Hornby Island","stateCode":"BC","countryCode":"CA"},{"id":16510,"name":"Houston","stateCode":"BC","countryCode":"CA"},{"id":16523,"name":"Invermere","stateCode":"BC","countryCode":"CA"},{"id":16531,"name":"Kamloops","stateCode":"BC","countryCode":"CA"},{"id":16536,"name":"Kelowna","stateCode":"BC","countryCode":"CA"},{"id":16545,"name":"Kimberley","stateCode":"BC","countryCode":"CA"},{"id":16554,"name":"Kitimat","stateCode":"BC","countryCode":"CA"},{"id":16586,"name":"Ladner","stateCode":"BC","countryCode":"CA"},{"id":16587,"name":"Ladysmith","stateCode":"BC","countryCode":"CA"},{"id":16588,"name":"Lake Cowichan","stateCode":"BC","countryCode":"CA"},{"id":16595,"name":"Langford","stateCode":"BC","countryCode":"CA"},{"id":16597,"name":"Langley","stateCode":"BC","countryCode":"CA"},{"id":16616,"name":"Lillooet","stateCode":"BC","countryCode":"CA"},{"id":16621,"name":"Lions Bay","stateCode":"BC","countryCode":"CA"},{"id":16626,"name":"Logan Lake","stateCode":"BC","countryCode":"CA"},{"id":16635,"name":"Lumby","stateCode":"BC","countryCode":"CA"},{"id":16641,"name":"Mackenzie","stateCode":"BC","countryCode":"CA"},{"id":16656,"name":"Maple Ridge","stateCode":"BC","countryCode":"CA"},{"id":16681,"name":"Merritt","stateCode":"BC","countryCode":"CA"},{"id":16684,"name":"Metchosin","stateCode":"BC","countryCode":"CA"},{"id":16685,"name":"Metro Vancouver Regional District","stateCode":"BC","countryCode":"CA"},{"id":16696,"name":"Mission","stateCode":"BC","countryCode":"CA"},{"id":16727,"name":"Nakusp","stateCode":"BC","countryCode":"CA"},{"id":16728,"name":"Nanaimo","stateCode":"BC","countryCode":"CA"},{"id":16735,"name":"Nelson","stateCode":"BC","countryCode":"CA"},{"id":16742,"name":"New Westminster","stateCode":"BC","countryCode":"CA"},{"id":16757,"name":"North Cowichan","stateCode":"BC","countryCode":"CA"},{"id":16758,"name":"North Oyster/Yellow Point","stateCode":"BC","countryCode":"CA"},{"id":16760,"name":"North Saanich","stateCode":"BC","countryCode":"CA"},{"id":16761,"name":"North Vancouver","stateCode":"BC","countryCode":"CA"},{"id":16769,"name":"Oak Bay","stateCode":"BC","countryCode":"CA"},{"id":16772,"name":"Okanagan","stateCode":"BC","countryCode":"CA"},{"id":16773,"name":"Okanagan Falls","stateCode":"BC","countryCode":"CA"},{"id":16776,"name":"Oliver","stateCode":"BC","countryCode":"CA"},{"id":16784,"name":"Osoyoos","stateCode":"BC","countryCode":"CA"},{"id":16798,"name":"Parksville","stateCode":"BC","countryCode":"CA"},{"id":16804,"name":"Peace River Regional District","stateCode":"BC","countryCode":"CA"},{"id":16805,"name":"Peachland","stateCode":"BC","countryCode":"CA"},{"id":16808,"name":"Pemberton","stateCode":"BC","countryCode":"CA"},{"id":16811,"name":"Penticton","stateCode":"BC","countryCode":"CA"},{"id":16826,"name":"Pitt Meadows","stateCode":"BC","countryCode":"CA"},{"id":16837,"name":"Port Alberni","stateCode":"BC","countryCode":"CA"},{"id":16839,"name":"Port Coquitlam","stateCode":"BC","countryCode":"CA"},{"id":16842,"name":"Port McNeill","stateCode":"BC","countryCode":"CA"},{"id":16843,"name":"Port Moody","stateCode":"BC","countryCode":"CA"},{"id":16851,"name":"Powell River","stateCode":"BC","countryCode":"CA"},{"id":16856,"name":"Prince George","stateCode":"BC","countryCode":"CA"},{"id":16857,"name":"Prince Rupert","stateCode":"BC","countryCode":"CA"},{"id":16858,"name":"Princeton","stateCode":"BC","countryCode":"CA"},{"id":16863,"name":"Puntledge","stateCode":"BC","countryCode":"CA"},{"id":16865,"name":"Quesnel","stateCode":"BC","countryCode":"CA"},{"id":16877,"name":"Regional District of Alberni-Clayoquot","stateCode":"BC","countryCode":"CA"},{"id":16878,"name":"Regional District of Central Okanagan","stateCode":"BC","countryCode":"CA"},{"id":16882,"name":"Revelstoke","stateCode":"BC","countryCode":"CA"},{"id":16885,"name":"Richmond","stateCode":"BC","countryCode":"CA"},{"id":16904,"name":"Rossland","stateCode":"BC","countryCode":"CA"},{"id":16908,"name":"Royston","stateCode":"BC","countryCode":"CA"},{"id":17016,"name":"Salmo","stateCode":"BC","countryCode":"CA"},{"id":17017,"name":"Salmon Arm","stateCode":"BC","countryCode":"CA"},{"id":17018,"name":"Salt Spring Island","stateCode":"BC","countryCode":"CA"},{"id":17019,"name":"Saltair","stateCode":"BC","countryCode":"CA"},{"id":17025,"name":"Sechelt","stateCode":"BC","countryCode":"CA"},{"id":17043,"name":"Sicamous","stateCode":"BC","countryCode":"CA"},{"id":17047,"name":"Six Mile","stateCode":"BC","countryCode":"CA"},{"id":17050,"name":"Smithers","stateCode":"BC","countryCode":"CA"},{"id":17053,"name":"Sooke","stateCode":"BC","countryCode":"CA"},{"id":17058,"name":"South Pender Harbour","stateCode":"BC","countryCode":"CA"},{"id":17060,"name":"Sparwood","stateCode":"BC","countryCode":"CA"},{"id":17086,"name":"Summerland","stateCode":"BC","countryCode":"CA"},{"id":17089,"name":"Surrey","stateCode":"BC","countryCode":"CA"},{"id":17102,"name":"Terrace","stateCode":"BC","countryCode":"CA"},{"id":17119,"name":"Tofino","stateCode":"BC","countryCode":"CA"},{"id":17125,"name":"Trail","stateCode":"BC","countryCode":"CA"},{"id":17128,"name":"Tsawwassen","stateCode":"BC","countryCode":"CA"},{"id":17129,"name":"Tumbler Ridge","stateCode":"BC","countryCode":"CA"},{"id":17133,"name":"Ucluelet","stateCode":"BC","countryCode":"CA"},{"id":17145,"name":"Vancouver","stateCode":"BC","countryCode":"CA"},{"id":17146,"name":"Vanderhoof","stateCode":"BC","countryCode":"CA"},{"id":17155,"name":"Vernon","stateCode":"BC","countryCode":"CA"},{"id":17156,"name":"Victoria","stateCode":"BC","countryCode":"CA"},{"id":17168,"name":"Walnut Grove","stateCode":"BC","countryCode":"CA"},{"id":17183,"name":"Welcome Beach","stateCode":"BC","countryCode":"CA"},{"id":17189,"name":"West End","stateCode":"BC","countryCode":"CA"},{"id":17190,"name":"West Kelowna","stateCode":"BC","countryCode":"CA"},{"id":17193,"name":"West Vancouver","stateCode":"BC","countryCode":"CA"},{"id":17200,"name":"Whistler","stateCode":"BC","countryCode":"CA"},{"id":17202,"name":"White Rock","stateCode":"BC","countryCode":"CA"},{"id":17207,"name":"Williams Lake","stateCode":"BC","countryCode":"CA"},{"id":16160,"name":"Altona","stateCode":"MB","countryCode":"CA"},{"id":16206,"name":"Beausejour","stateCode":"MB","countryCode":"CA"},{"id":16225,"name":"Boissevain","stateCode":"MB","countryCode":"CA"},{"id":16238,"name":"Brandon","stateCode":"MB","countryCode":"CA"},{"id":16275,"name":"Carberry","stateCode":"MB","countryCode":"CA"},{"id":16283,"name":"Carman","stateCode":"MB","countryCode":"CA"},{"id":16348,"name":"Cross Lake 19A","stateCode":"MB","countryCode":"CA"},{"id":16356,"name":"Dauphin","stateCode":"MB","countryCode":"CA"},{"id":16360,"name":"De Salaberry","stateCode":"MB","countryCode":"CA"},{"id":16364,"name":"Deloraine","stateCode":"MB","countryCode":"CA"},{"id":16422,"name":"Flin Flon","stateCode":"MB","countryCode":"CA"},{"id":16452,"name":"Gimli","stateCode":"MB","countryCode":"CA"},{"id":16477,"name":"Grunthal","stateCode":"MB","countryCode":"CA"},{"id":16500,"name":"Headingley","stateCode":"MB","countryCode":"CA"},{"id":16518,"name":"Ile des Chênes","stateCode":"MB","countryCode":"CA"},{"id":16544,"name":"Killarney","stateCode":"MB","countryCode":"CA"},{"id":16563,"name":"La Broquerie","stateCode":"MB","countryCode":"CA"},{"id":16576,"name":"Lac du Bonnet","stateCode":"MB","countryCode":"CA"},{"id":16593,"name":"Landmark","stateCode":"MB","countryCode":"CA"},{"id":16629,"name":"Lorette","stateCode":"MB","countryCode":"CA"},{"id":16677,"name":"Melita","stateCode":"MB","countryCode":"CA"},{"id":16693,"name":"Minnedosa","stateCode":"MB","countryCode":"CA"},{"id":16714,"name":"Moose Lake","stateCode":"MB","countryCode":"CA"},{"id":16717,"name":"Morden","stateCode":"MB","countryCode":"CA"},{"id":16720,"name":"Morris","stateCode":"MB","countryCode":"CA"},{"id":16734,"name":"Neepawa","stateCode":"MB","countryCode":"CA"},{"id":16749,"name":"Niverville","stateCode":"MB","countryCode":"CA"},{"id":16848,"name":"Portage la Prairie","stateCode":"MB","countryCode":"CA"},{"id":16894,"name":"Rivers","stateCode":"MB","countryCode":"CA"},{"id":16898,"name":"Roblin","stateCode":"MB","countryCode":"CA"},{"id":17026,"name":"Selkirk","stateCode":"MB","countryCode":"CA"},{"id":17041,"name":"Shilo","stateCode":"MB","countryCode":"CA"},{"id":17056,"name":"Souris","stateCode":"MB","countryCode":"CA"},{"id":17067,"name":"St. Adolphe","stateCode":"MB","countryCode":"CA"},{"id":17075,"name":"Steinbach","stateCode":"MB","countryCode":"CA"},{"id":17080,"name":"Stonewall","stateCode":"MB","countryCode":"CA"},{"id":17093,"name":"Swan River","stateCode":"MB","countryCode":"CA"},{"id":17105,"name":"The Pas","stateCode":"MB","countryCode":"CA"},{"id":17108,"name":"Thompson","stateCode":"MB","countryCode":"CA"},{"id":17161,"name":"Virden","stateCode":"MB","countryCode":"CA"},{"id":17192,"name":"West St. Paul","stateCode":"MB","countryCode":"CA"},{"id":17214,"name":"Winkler","stateCode":"MB","countryCode":"CA"},{"id":17215,"name":"Winnipeg","stateCode":"MB","countryCode":"CA"},{"id":16184,"name":"Baie Ste. Anne","stateCode":"NB","countryCode":"CA"},{"id":16198,"name":"Bathurst","stateCode":"NB","countryCode":"CA"},{"id":16232,"name":"Bouctouche","stateCode":"NB","countryCode":"CA"},{"id":16264,"name":"Campbellton","stateCode":"NB","countryCode":"CA"},{"id":16373,"name":"Dieppe","stateCode":"NB","countryCode":"CA"},{"id":16397,"name":"Edmundston","stateCode":"NB","countryCode":"CA"},{"id":16423,"name":"Florenceville-Bristol","stateCode":"NB","countryCode":"CA"},{"id":16441,"name":"Fredericton","stateCode":"NB","countryCode":"CA"},{"id":16444,"name":"Fundy Bay","stateCode":"NB","countryCode":"CA"},{"id":16468,"name":"Grande-Digue","stateCode":"NB","countryCode":"CA"},{"id":16471,"name":"Greater Lakeburn","stateCode":"NB","countryCode":"CA"},{"id":16486,"name":"Hampton","stateCode":"NB","countryCode":"CA"},{"id":16493,"name":"Harrison Brook","stateCode":"NB","countryCode":"CA"},{"id":16542,"name":"Keswick Ridge","stateCode":"NB","countryCode":"CA"},{"id":16618,"name":"Lincoln","stateCode":"NB","countryCode":"CA"},{"id":16638,"name":"Lutes Mountain","stateCode":"NB","countryCode":"CA"},{"id":16672,"name":"McEwen","stateCode":"NB","countryCode":"CA"},{"id":16695,"name":"Miramichi","stateCode":"NB","countryCode":"CA"},{"id":16700,"name":"Moncton","stateCode":"NB","countryCode":"CA"},{"id":16726,"name":"Nackawic","stateCode":"NB","countryCode":"CA"},{"id":16741,"name":"New Maryland","stateCode":"NB","countryCode":"CA"},{"id":16750,"name":"Noonan","stateCode":"NB","countryCode":"CA"},{"id":16781,"name":"Oromocto","stateCode":"NB","countryCode":"CA"},{"id":16884,"name":"Richibucto","stateCode":"NB","countryCode":"CA"},{"id":16910,"name":"Sackville","stateCode":"NB","countryCode":"CA"},{"id":16913,"name":"Saint Andrews","stateCode":"NB","countryCode":"CA"},{"id":16914,"name":"Saint John","stateCode":"NB","countryCode":"CA"},{"id":16921,"name":"Saint-Antoine","stateCode":"NB","countryCode":"CA"},{"id":16967,"name":"Saint-Léonard","stateCode":"NB","countryCode":"CA"},{"id":17014,"name":"Salisbury","stateCode":"NB","countryCode":"CA"},{"id":17034,"name":"Shediac","stateCode":"NB","countryCode":"CA"},{"id":17035,"name":"Shediac Bridge-Shediac River","stateCode":"NB","countryCode":"CA"},{"id":17042,"name":"Shippagan","stateCode":"NB","countryCode":"CA"},{"id":17074,"name":"Starlight Village","stateCode":"NB","countryCode":"CA"},{"id":17090,"name":"Sussex","stateCode":"NB","countryCode":"CA"},{"id":17124,"name":"Tracadie-Sheila","stateCode":"NB","countryCode":"CA"},{"id":17186,"name":"Wells","stateCode":"NB","countryCode":"CA"},{"id":16199,"name":"Bay Roberts","stateCode":"NL","countryCode":"CA"},{"id":16200,"name":"Bay St. George South","stateCode":"NL","countryCode":"CA"},{"id":16228,"name":"Bonavista","stateCode":"NL","countryCode":"CA"},{"id":16230,"name":"Botwood","stateCode":"NL","countryCode":"CA"},{"id":16251,"name":"Burgeo","stateCode":"NL","countryCode":"CA"},{"id":16276,"name":"Carbonear","stateCode":"NL","countryCode":"CA"},{"id":16287,"name":"Catalina","stateCode":"NL","countryCode":"CA"},{"id":16294,"name":"Channel-Port aux Basques","stateCode":"NL","countryCode":"CA"},{"id":16313,"name":"Clarenville-Shoal Harbour","stateCode":"NL","countryCode":"CA"},{"id":16327,"name":"Conception Bay South","stateCode":"NL","countryCode":"CA"},{"id":16336,"name":"Corner Brook","stateCode":"NL","countryCode":"CA"},{"id":16362,"name":"Deer Lake","stateCode":"NL","countryCode":"CA"},{"id":16425,"name":"Fogo Island","stateCode":"NL","countryCode":"CA"},{"id":16445,"name":"Gambo","stateCode":"NL","countryCode":"CA"},{"id":16460,"name":"Goulds","stateCode":"NL","countryCode":"CA"},{"id":16462,"name":"Grand Bank","stateCode":"NL","countryCode":"CA"},{"id":16464,"name":"Grand Falls-Windsor","stateCode":"NL","countryCode":"CA"},{"id":16491,"name":"Happy Valley-Goose Bay","stateCode":"NL","countryCode":"CA"},{"id":16492,"name":"Harbour Breton","stateCode":"NL","countryCode":"CA"},{"id":16574,"name":"Labrador City","stateCode":"NL","countryCode":"CA"},{"id":16615,"name":"Lewisporte","stateCode":"NL","countryCode":"CA"},{"id":16664,"name":"Marystown","stateCode":"NL","countryCode":"CA"},{"id":16724,"name":"Mount Pearl","stateCode":"NL","countryCode":"CA"},{"id":16802,"name":"Pasadena","stateCode":"NL","countryCode":"CA"},{"id":17063,"name":"Springdale","stateCode":"NL","countryCode":"CA"},{"id":17069,"name":"St. Anthony","stateCode":"NL","countryCode":"CA"},{"id":17072,"name":"St. John's","stateCode":"NL","countryCode":"CA"},{"id":17076,"name":"Stephenville","stateCode":"NL","countryCode":"CA"},{"id":17077,"name":"Stephenville Crossing","stateCode":"NL","countryCode":"CA"},{"id":17120,"name":"Torbay","stateCode":"NL","countryCode":"CA"},{"id":17135,"name":"Upper Island Cove","stateCode":"NL","countryCode":"CA"},{"id":17164,"name":"Wabana","stateCode":"NL","countryCode":"CA"},{"id":16209,"name":"Behchokǫ̀","stateCode":"NT","countryCode":"CA"},{"id":16431,"name":"Fort McPherson","stateCode":"NT","countryCode":"CA"},{"id":16434,"name":"Fort Smith","stateCode":"NT","countryCode":"CA"},{"id":16498,"name":"Hay River","stateCode":"NT","countryCode":"CA"},{"id":16522,"name":"Inuvik","stateCode":"NT","countryCode":"CA"},{"id":16753,"name":"Norman Wells","stateCode":"NT","countryCode":"CA"},{"id":17221,"name":"Yellowknife","stateCode":"NT","countryCode":"CA"},{"id":16161,"name":"Amherst","stateCode":"NS","countryCode":"CA"},{"id":16170,"name":"Annapolis County","stateCode":"NS","countryCode":"CA"},{"id":16171,"name":"Antigonish","stateCode":"NS","countryCode":"CA"},{"id":16216,"name":"Berwick","stateCode":"NS","countryCode":"CA"},{"id":16242,"name":"Bridgewater","stateCode":"NS","countryCode":"CA"},{"id":16272,"name":"Cape Breton County","stateCode":"NS","countryCode":"CA"},{"id":16304,"name":"Chester","stateCode":"NS","countryCode":"CA"},{"id":16322,"name":"Colchester","stateCode":"NS","countryCode":"CA"},{"id":16324,"name":"Cole Harbour","stateCode":"NS","countryCode":"CA"},{"id":16342,"name":"Cow Bay","stateCode":"NS","countryCode":"CA"},{"id":16355,"name":"Dartmouth","stateCode":"NS","countryCode":"CA"},{"id":16374,"name":"Digby","stateCode":"NS","countryCode":"CA"},{"id":16375,"name":"Digby County","stateCode":"NS","countryCode":"CA"},{"id":16406,"name":"English Corner","stateCode":"NS","countryCode":"CA"},{"id":16407,"name":"Eskasoni 3","stateCode":"NS","countryCode":"CA"},{"id":16416,"name":"Fall River","stateCode":"NS","countryCode":"CA"},{"id":16454,"name":"Glace Bay","stateCode":"NS","countryCode":"CA"},{"id":16475,"name":"Greenwood","stateCode":"NS","countryCode":"CA"},{"id":16482,"name":"Halifax","stateCode":"NS","countryCode":"CA"},{"id":16490,"name":"Hantsport","stateCode":"NS","countryCode":"CA"},{"id":16499,"name":"Hayes Subdivision","stateCode":"NS","countryCode":"CA"},{"id":16539,"name":"Kentville","stateCode":"NS","countryCode":"CA"},{"id":16589,"name":"Lake Echo","stateCode":"NS","countryCode":"CA"},{"id":16600,"name":"Lantz","stateCode":"NS","countryCode":"CA"},{"id":16632,"name":"Lower Sackville","stateCode":"NS","countryCode":"CA"},{"id":16637,"name":"Lunenburg","stateCode":"NS","countryCode":"CA"},{"id":16686,"name":"Middleton","stateCode":"NS","countryCode":"CA"},{"id":16739,"name":"New Glasgow","stateCode":"NS","countryCode":"CA"},{"id":16791,"name":"Oxford","stateCode":"NS","countryCode":"CA"},{"id":16799,"name":"Parrsboro","stateCode":"NS","countryCode":"CA"},{"id":16818,"name":"Pictou","stateCode":"NS","countryCode":"CA"},{"id":16819,"name":"Pictou County","stateCode":"NS","countryCode":"CA"},{"id":16840,"name":"Port Hawkesbury","stateCode":"NS","countryCode":"CA"},{"id":16846,"name":"Port Williams","stateCode":"NS","countryCode":"CA"},{"id":16859,"name":"Princeville","stateCode":"NS","countryCode":"CA"},{"id":17037,"name":"Shelburne","stateCode":"NS","countryCode":"CA"},{"id":17064,"name":"Springhill","stateCode":"NS","countryCode":"CA"},{"id":17095,"name":"Sydney","stateCode":"NS","countryCode":"CA"},{"id":17096,"name":"Sydney Mines","stateCode":"NS","countryCode":"CA"},{"id":17127,"name":"Truro","stateCode":"NS","countryCode":"CA"},{"id":17211,"name":"Windsor","stateCode":"NS","countryCode":"CA"},{"id":17216,"name":"Wolfville","stateCode":"NS","countryCode":"CA"},{"id":17220,"name":"Yarmouth","stateCode":"NS","countryCode":"CA"},{"id":16315,"name":"Clyde River","stateCode":"NU","countryCode":"CA"},{"id":16453,"name":"Gjoa Haven","stateCode":"NU","countryCode":"CA"},{"id":16524,"name":"Iqaluit","stateCode":"NU","countryCode":"CA"},{"id":16555,"name":"Kugluktuk","stateCode":"NU","countryCode":"CA"},{"id":16793,"name":"Pangnirtung","stateCode":"NU","countryCode":"CA"},{"id":16869,"name":"Rankin Inlet","stateCode":"NU","countryCode":"CA"},{"id":16152,"name":"Ajax","stateCode":"ON","countryCode":"CA"},{"id":16157,"name":"Algoma","stateCode":"ON","countryCode":"CA"},{"id":16158,"name":"Alliston","stateCode":"ON","countryCode":"CA"},{"id":16162,"name":"Amherstburg","stateCode":"ON","countryCode":"CA"},{"id":16163,"name":"Amigo Beach","stateCode":"ON","countryCode":"CA"},{"id":16166,"name":"Ancaster","stateCode":"ON","countryCode":"CA"},{"id":16168,"name":"Angus","stateCode":"ON","countryCode":"CA"},{"id":16174,"name":"Arnprior","stateCode":"ON","countryCode":"CA"},{"id":16179,"name":"Atikokan","stateCode":"ON","countryCode":"CA"},{"id":16180,"name":"Attawapiskat","stateCode":"ON","countryCode":"CA"},{"id":16181,"name":"Aurora","stateCode":"ON","countryCode":"CA"},{"id":16182,"name":"Aylmer","stateCode":"ON","countryCode":"CA"},{"id":16183,"name":"Azilda","stateCode":"ON","countryCode":"CA"},{"id":16188,"name":"Ballantrae","stateCode":"ON","countryCode":"CA"},{"id":16189,"name":"Bancroft","stateCode":"ON","countryCode":"CA"},{"id":16193,"name":"Barrie","stateCode":"ON","countryCode":"CA"},{"id":16197,"name":"Bath","stateCode":"ON","countryCode":"CA"},{"id":16211,"name":"Belleville","stateCode":"ON","countryCode":"CA"},{"id":16212,"name":"Bells Corners","stateCode":"ON","countryCode":"CA"},{"id":16213,"name":"Belmont","stateCode":"ON","countryCode":"CA"},{"id":16218,"name":"Binbrook","stateCode":"ON","countryCode":"CA"},{"id":16222,"name":"Bluewater","stateCode":"ON","countryCode":"CA"},{"id":16233,"name":"Bourget","stateCode":"ON","countryCode":"CA"},{"id":16236,"name":"Bracebridge","stateCode":"ON","countryCode":"CA"},{"id":16237,"name":"Brampton","stateCode":"ON","countryCode":"CA"},{"id":16239,"name":"Brant","stateCode":"ON","countryCode":"CA"},{"id":16240,"name":"Brantford","stateCode":"ON","countryCode":"CA"},{"id":16243,"name":"Brockville","stateCode":"ON","countryCode":"CA"},{"id":16248,"name":"Brussels","stateCode":"ON","countryCode":"CA"},{"id":16250,"name":"Burford","stateCode":"ON","countryCode":"CA"},{"id":16252,"name":"Burlington","stateCode":"ON","countryCode":"CA"},{"id":16261,"name":"Cambridge","stateCode":"ON","countryCode":"CA"},{"id":16262,"name":"Camlachie","stateCode":"ON","countryCode":"CA"},{"id":16274,"name":"Capreol","stateCode":"ON","countryCode":"CA"},{"id":16280,"name":"Carleton Place","stateCode":"ON","countryCode":"CA"},{"id":16285,"name":"Casselman","stateCode":"ON","countryCode":"CA"},{"id":16299,"name":"Chatham","stateCode":"ON","countryCode":"CA"},{"id":16300,"name":"Chatham-Kent","stateCode":"ON","countryCode":"CA"},{"id":16312,"name":"Clarence-Rockland","stateCode":"ON","countryCode":"CA"},{"id":16319,"name":"Cobourg","stateCode":"ON","countryCode":"CA"},{"id":16321,"name":"Cochrane District","stateCode":"ON","countryCode":"CA"},{"id":16325,"name":"Collingwood","stateCode":"ON","countryCode":"CA"},{"id":16328,"name":"Concord","stateCode":"ON","countryCode":"CA"},{"id":16329,"name":"Constance Bay","stateCode":"ON","countryCode":"CA"},{"id":16333,"name":"Cookstown","stateCode":"ON","countryCode":"CA"},{"id":16337,"name":"Cornwall","stateCode":"ON","countryCode":"CA"},{"id":16339,"name":"Corunna","stateCode":"ON","countryCode":"CA"},{"id":16361,"name":"Deep River","stateCode":"ON","countryCode":"CA"},{"id":16363,"name":"Delaware","stateCode":"ON","countryCode":"CA"},{"id":16369,"name":"Deseronto","stateCode":"ON","countryCode":"CA"},{"id":16380,"name":"Dorchester","stateCode":"ON","countryCode":"CA"},{"id":16382,"name":"Dowling","stateCode":"ON","countryCode":"CA"},{"id":16385,"name":"Dryden","stateCode":"ON","countryCode":"CA"},{"id":16389,"name":"Durham","stateCode":"ON","countryCode":"CA"},{"id":16390,"name":"Ear Falls","stateCode":"ON","countryCode":"CA"},{"id":16393,"name":"East Gwillimbury","stateCode":"ON","countryCode":"CA"},{"id":16395,"name":"East York","stateCode":"ON","countryCode":"CA"},{"id":16401,"name":"Elliot Lake","stateCode":"ON","countryCode":"CA"},{"id":16403,"name":"Elmvale","stateCode":"ON","countryCode":"CA"},{"id":16405,"name":"Englehart","stateCode":"ON","countryCode":"CA"},{"id":16408,"name":"Espanola","stateCode":"ON","countryCode":"CA"},{"id":16409,"name":"Essex","stateCode":"ON","countryCode":"CA"},{"id":16412,"name":"Etobicoke","stateCode":"ON","countryCode":"CA"},{"id":153520,"name":"Exeter","stateCode":"ON","countryCode":"CA"},{"id":16427,"name":"Fort Erie","stateCode":"ON","countryCode":"CA"},{"id":16428,"name":"Fort Frances","stateCode":"ON","countryCode":"CA"},{"id":16446,"name":"Gananoque","stateCode":"ON","countryCode":"CA"},{"id":16455,"name":"Glencoe","stateCode":"ON","countryCode":"CA"},{"id":16457,"name":"Goderich","stateCode":"ON","countryCode":"CA"},{"id":16459,"name":"Golden","stateCode":"ON","countryCode":"CA"},{"id":16470,"name":"Gravenhurst","stateCode":"ON","countryCode":"CA"},{"id":16472,"name":"Greater Napanee","stateCode":"ON","countryCode":"CA"},{"id":16473,"name":"Greater Sudbury","stateCode":"ON","countryCode":"CA"},{"id":16474,"name":"Greenstone","stateCode":"ON","countryCode":"CA"},{"id":16478,"name":"Guelph","stateCode":"ON","countryCode":"CA"},{"id":16480,"name":"Haldimand County","stateCode":"ON","countryCode":"CA"},{"id":16481,"name":"Haliburton Village","stateCode":"ON","countryCode":"CA"},{"id":16483,"name":"Halton","stateCode":"ON","countryCode":"CA"},{"id":16484,"name":"Hamilton","stateCode":"ON","countryCode":"CA"},{"id":16489,"name":"Hanover","stateCode":"ON","countryCode":"CA"},{"id":16494,"name":"Harriston","stateCode":"ON","countryCode":"CA"},{"id":16497,"name":"Hawkesbury","stateCode":"ON","countryCode":"CA"},{"id":16501,"name":"Hearst","stateCode":"ON","countryCode":"CA"},{"id":16509,"name":"Hornepayne","stateCode":"ON","countryCode":"CA"},{"id":16515,"name":"Huntsville","stateCode":"ON","countryCode":"CA"},{"id":16516,"name":"Huron East","stateCode":"ON","countryCode":"CA"},{"id":16520,"name":"Ingersoll","stateCode":"ON","countryCode":"CA"},{"id":16521,"name":"Innisfil","stateCode":"ON","countryCode":"CA"},{"id":16525,"name":"Iroquois Falls","stateCode":"ON","countryCode":"CA"},{"id":16527,"name":"Jarvis","stateCode":"ON","countryCode":"CA"},{"id":16533,"name":"Kanata","stateCode":"ON","countryCode":"CA"},{"id":16534,"name":"Kapuskasing","stateCode":"ON","countryCode":"CA"},{"id":16535,"name":"Kawartha Lakes","stateCode":"ON","countryCode":"CA"},{"id":16537,"name":"Kenora","stateCode":"ON","countryCode":"CA"},{"id":16541,"name":"Keswick","stateCode":"ON","countryCode":"CA"},{"id":16546,"name":"Kincardine","stateCode":"ON","countryCode":"CA"},{"id":16548,"name":"King","stateCode":"ON","countryCode":"CA"},{"id":16550,"name":"Kingston","stateCode":"ON","countryCode":"CA"},{"id":16552,"name":"Kirkland Lake","stateCode":"ON","countryCode":"CA"},{"id":16553,"name":"Kitchener","stateCode":"ON","countryCode":"CA"},{"id":16560,"name":"L'Orignal","stateCode":"ON","countryCode":"CA"},{"id":16590,"name":"Lakefield","stateCode":"ON","countryCode":"CA"},{"id":16591,"name":"Lambton Shores","stateCode":"ON","countryCode":"CA"},{"id":16601,"name":"Lappe","stateCode":"ON","countryCode":"CA"},{"id":16607,"name":"Leamington","stateCode":"ON","countryCode":"CA"},{"id":16617,"name":"Limoges","stateCode":"ON","countryCode":"CA"},{"id":16619,"name":"Lindsay","stateCode":"ON","countryCode":"CA"},{"id":16622,"name":"Listowel","stateCode":"ON","countryCode":"CA"},{"id":16623,"name":"Little Current","stateCode":"ON","countryCode":"CA"},{"id":16624,"name":"Lively","stateCode":"ON","countryCode":"CA"},{"id":16627,"name":"London","stateCode":"ON","countryCode":"CA"},{"id":16633,"name":"Lucan","stateCode":"ON","countryCode":"CA"},{"id":16643,"name":"Madoc","stateCode":"ON","countryCode":"CA"},{"id":16650,"name":"Manitoulin District","stateCode":"ON","countryCode":"CA"},{"id":16651,"name":"Manitouwadge","stateCode":"ON","countryCode":"CA"},{"id":16658,"name":"Marathon","stateCode":"ON","countryCode":"CA"},{"id":16661,"name":"Markdale","stateCode":"ON","countryCode":"CA"},{"id":16662,"name":"Markham","stateCode":"ON","countryCode":"CA"},{"id":16669,"name":"Mattawa","stateCode":"ON","countryCode":"CA"},{"id":16674,"name":"Meaford","stateCode":"ON","countryCode":"CA"},{"id":16683,"name":"Metcalfe","stateCode":"ON","countryCode":"CA"},{"id":16687,"name":"Midland","stateCode":"ON","countryCode":"CA"},{"id":16688,"name":"Mildmay","stateCode":"ON","countryCode":"CA"},{"id":16690,"name":"Millbrook","stateCode":"ON","countryCode":"CA"},{"id":16692,"name":"Milton","stateCode":"ON","countryCode":"CA"},{"id":16697,"name":"Mississauga","stateCode":"ON","countryCode":"CA"},{"id":16698,"name":"Mississauga Beach","stateCode":"ON","countryCode":"CA"},{"id":16712,"name":"Moose Factory","stateCode":"ON","countryCode":"CA"},{"id":16716,"name":"Moosonee","stateCode":"ON","countryCode":"CA"},{"id":16721,"name":"Morrisburg","stateCode":"ON","countryCode":"CA"},{"id":16722,"name":"Mount Albert","stateCode":"ON","countryCode":"CA"},{"id":16723,"name":"Mount Brydges","stateCode":"ON","countryCode":"CA"},{"id":16730,"name":"Napanee","stateCode":"ON","countryCode":"CA"},{"id":16731,"name":"Napanee Downtown","stateCode":"ON","countryCode":"CA"},{"id":16733,"name":"Neebing","stateCode":"ON","countryCode":"CA"},{"id":16736,"name":"Nepean","stateCode":"ON","countryCode":"CA"},{"id":16740,"name":"New Hamburg","stateCode":"ON","countryCode":"CA"},{"id":16744,"name":"Newmarket","stateCode":"ON","countryCode":"CA"},{"id":16745,"name":"Niagara Falls","stateCode":"ON","countryCode":"CA"},{"id":16748,"name":"Nipissing District","stateCode":"ON","countryCode":"CA"},{"id":16752,"name":"Norfolk County","stateCode":"ON","countryCode":"CA"},{"id":16756,"name":"North Bay","stateCode":"ON","countryCode":"CA"},{"id":16759,"name":"North Perth","stateCode":"ON","countryCode":"CA"},{"id":16762,"name":"North York","stateCode":"ON","countryCode":"CA"},{"id":16763,"name":"Norwood","stateCode":"ON","countryCode":"CA"},{"id":16770,"name":"Oakville","stateCode":"ON","countryCode":"CA"},{"id":16777,"name":"Omemee","stateCode":"ON","countryCode":"CA"},{"id":16778,"name":"Orangeville","stateCode":"ON","countryCode":"CA"},{"id":16779,"name":"Orillia","stateCode":"ON","countryCode":"CA"},{"id":16782,"name":"Osgoode","stateCode":"ON","countryCode":"CA"},{"id":16783,"name":"Oshawa","stateCode":"ON","countryCode":"CA"},{"id":16785,"name":"Ottawa","stateCode":"ON","countryCode":"CA"},{"id":16789,"name":"Owen Sound","stateCode":"ON","countryCode":"CA"},{"id":16792,"name":"Paisley","stateCode":"ON","countryCode":"CA"},{"id":16796,"name":"Paris","stateCode":"ON","countryCode":"CA"},{"id":16797,"name":"Parkhill","stateCode":"ON","countryCode":"CA"},{"id":16800,"name":"Parry Sound","stateCode":"ON","countryCode":"CA"},{"id":16801,"name":"Parry Sound District","stateCode":"ON","countryCode":"CA"},{"id":16806,"name":"Peel","stateCode":"ON","countryCode":"CA"},{"id":16809,"name":"Pembroke","stateCode":"ON","countryCode":"CA"},{"id":16812,"name":"Perth","stateCode":"ON","countryCode":"CA"},{"id":16813,"name":"Petawawa","stateCode":"ON","countryCode":"CA"},{"id":16814,"name":"Peterborough","stateCode":"ON","countryCode":"CA"},{"id":16815,"name":"Petrolia","stateCode":"ON","countryCode":"CA"},{"id":16816,"name":"Pickering","stateCode":"ON","countryCode":"CA"},{"id":16817,"name":"Picton","stateCode":"ON","countryCode":"CA"},{"id":16827,"name":"Plantagenet","stateCode":"ON","countryCode":"CA"},{"id":16828,"name":"Plattsville","stateCode":"ON","countryCode":"CA"},{"id":16838,"name":"Port Colborne","stateCode":"ON","countryCode":"CA"},{"id":16841,"name":"Port Hope","stateCode":"ON","countryCode":"CA"},{"id":16844,"name":"Port Rowan","stateCode":"ON","countryCode":"CA"},{"id":16845,"name":"Port Stanley","stateCode":"ON","countryCode":"CA"},{"id":16850,"name":"Powassan","stateCode":"ON","countryCode":"CA"},{"id":16853,"name":"Prescott","stateCode":"ON","countryCode":"CA"},{"id":16855,"name":"Prince Edward","stateCode":"ON","countryCode":"CA"},{"id":16864,"name":"Queenswood Heights","stateCode":"ON","countryCode":"CA"},{"id":16866,"name":"Quinte West","stateCode":"ON","countryCode":"CA"},{"id":16868,"name":"Rainy River District","stateCode":"ON","countryCode":"CA"},{"id":16872,"name":"Rayside-Balfour","stateCode":"ON","countryCode":"CA"},{"id":16874,"name":"Red Lake","stateCode":"ON","countryCode":"CA"},{"id":16879,"name":"Regional Municipality of Waterloo","stateCode":"ON","countryCode":"CA"},{"id":16880,"name":"Renfrew","stateCode":"ON","countryCode":"CA"},{"id":16887,"name":"Richmond","stateCode":"ON","countryCode":"CA"},{"id":16888,"name":"Richmond Hill","stateCode":"ON","countryCode":"CA"},{"id":16890,"name":"Ridgetown","stateCode":"ON","countryCode":"CA"},{"id":16900,"name":"Rockwood","stateCode":"ON","countryCode":"CA"},{"id":16909,"name":"Russell","stateCode":"ON","countryCode":"CA"},{"id":17020,"name":"Sarnia","stateCode":"ON","countryCode":"CA"},{"id":17022,"name":"Sault Ste. Marie","stateCode":"ON","countryCode":"CA"},{"id":17023,"name":"Scarborough","stateCode":"ON","countryCode":"CA"},{"id":17024,"name":"Seaforth","stateCode":"ON","countryCode":"CA"},{"id":17036,"name":"Shelburne","stateCode":"ON","countryCode":"CA"},{"id":17045,"name":"Simcoe","stateCode":"ON","countryCode":"CA"},{"id":17046,"name":"Sioux Lookout","stateCode":"ON","countryCode":"CA"},{"id":17048,"name":"Skatepark","stateCode":"ON","countryCode":"CA"},{"id":17051,"name":"Smiths Falls","stateCode":"ON","countryCode":"CA"},{"id":17057,"name":"South Huron","stateCode":"ON","countryCode":"CA"},{"id":17059,"name":"South River","stateCode":"ON","countryCode":"CA"},{"id":17070,"name":"St. Catharines","stateCode":"ON","countryCode":"CA"},{"id":17071,"name":"St. George","stateCode":"ON","countryCode":"CA"},{"id":17073,"name":"St. Thomas","stateCode":"ON","countryCode":"CA"},{"id":17079,"name":"Stirling","stateCode":"ON","countryCode":"CA"},{"id":17081,"name":"Stoney Point","stateCode":"ON","countryCode":"CA"},{"id":17083,"name":"Stratford","stateCode":"ON","countryCode":"CA"},{"id":17085,"name":"Sudbury","stateCode":"ON","countryCode":"CA"},{"id":17100,"name":"Tavistock","stateCode":"ON","countryCode":"CA"},{"id":17101,"name":"Temiskaming Shores","stateCode":"ON","countryCode":"CA"},{"id":17106,"name":"Thessalon","stateCode":"ON","countryCode":"CA"},{"id":149581,"name":"Thornhill","stateCode":"ON","countryCode":"CA"},{"id":17109,"name":"Thorold","stateCode":"ON","countryCode":"CA"},{"id":17111,"name":"Thunder Bay","stateCode":"ON","countryCode":"CA"},{"id":17112,"name":"Thunder Bay District","stateCode":"ON","countryCode":"CA"},{"id":17114,"name":"Timiskaming District","stateCode":"ON","countryCode":"CA"},{"id":17115,"name":"Timmins","stateCode":"ON","countryCode":"CA"},{"id":17117,"name":"Tobermory","stateCode":"ON","countryCode":"CA"},{"id":17121,"name":"Toronto","stateCode":"ON","countryCode":"CA"},{"id":17122,"name":"Toronto county","stateCode":"ON","countryCode":"CA"},{"id":17123,"name":"Tottenham","stateCode":"ON","countryCode":"CA"},{"id":17130,"name":"Tweed","stateCode":"ON","countryCode":"CA"},{"id":17136,"name":"Uxbridge","stateCode":"ON","countryCode":"CA"},{"id":17142,"name":"Valley East","stateCode":"ON","countryCode":"CA"},{"id":17147,"name":"Vanier","stateCode":"ON","countryCode":"CA"},{"id":17150,"name":"Vaughan","stateCode":"ON","countryCode":"CA"},{"id":17160,"name":"Vineland","stateCode":"ON","countryCode":"CA"},{"id":17162,"name":"Virgil","stateCode":"ON","countryCode":"CA"},{"id":17169,"name":"Walpole Island","stateCode":"ON","countryCode":"CA"},{"id":17172,"name":"Wasaga Beach","stateCode":"ON","countryCode":"CA"},{"id":17175,"name":"Waterford","stateCode":"ON","countryCode":"CA"},{"id":17176,"name":"Waterloo","stateCode":"ON","countryCode":"CA"},{"id":17178,"name":"Watford","stateCode":"ON","countryCode":"CA"},{"id":17181,"name":"Wawa","stateCode":"ON","countryCode":"CA"},{"id":17184,"name":"Welland","stateCode":"ON","countryCode":"CA"},{"id":17185,"name":"Wellesley","stateCode":"ON","countryCode":"CA"},{"id":17188,"name":"Wendover","stateCode":"ON","countryCode":"CA"},{"id":17191,"name":"West Lorne","stateCode":"ON","countryCode":"CA"},{"id":17208,"name":"Willowdale","stateCode":"ON","countryCode":"CA"},{"id":17209,"name":"Winchester","stateCode":"ON","countryCode":"CA"},{"id":17212,"name":"Windsor","stateCode":"ON","countryCode":"CA"},{"id":17213,"name":"Wingham","stateCode":"ON","countryCode":"CA"},{"id":17217,"name":"Woodstock","stateCode":"ON","countryCode":"CA"},{"id":17222,"name":"York","stateCode":"ON","countryCode":"CA"},{"id":16154,"name":"Alberton","stateCode":"PE","countryCode":"CA"},{"id":16210,"name":"Belfast","stateCode":"PE","countryCode":"CA"},{"id":16297,"name":"Charlottetown","stateCode":"PE","countryCode":"CA"},{"id":16338,"name":"Cornwall","stateCode":"PE","countryCode":"CA"},{"id":16417,"name":"Fallingbrook","stateCode":"PE","countryCode":"CA"},{"id":16538,"name":"Kensington","stateCode":"PE","countryCode":"CA"},{"id":16707,"name":"Montague","stateCode":"PE","countryCode":"CA"},{"id":17055,"name":"Souris","stateCode":"PE","countryCode":"CA"},{"id":17087,"name":"Summerside","stateCode":"PE","countryCode":"CA"},{"id":16147,"name":"Abitibi-Témiscamingue","stateCode":"QC","countryCode":"CA"},{"id":16148,"name":"Acton Vale","stateCode":"QC","countryCode":"CA"},{"id":16149,"name":"Adstock","stateCode":"QC","countryCode":"CA"},{"id":16153,"name":"Albanel","stateCode":"QC","countryCode":"CA"},{"id":16159,"name":"Alma","stateCode":"QC","countryCode":"CA"},{"id":16164,"name":"Amos","stateCode":"QC","countryCode":"CA"},{"id":16165,"name":"Amqui","stateCode":"QC","countryCode":"CA"},{"id":16167,"name":"Ange-Gardien","stateCode":"QC","countryCode":"CA"},{"id":16175,"name":"Asbestos","stateCode":"QC","countryCode":"CA"},{"id":16185,"name":"Baie-Comeau","stateCode":"QC","countryCode":"CA"},{"id":16186,"name":"Baie-D'Urfé","stateCode":"QC","countryCode":"CA"},{"id":16187,"name":"Baie-Saint-Paul","stateCode":"QC","countryCode":"CA"},{"id":16191,"name":"Barraute","stateCode":"QC","countryCode":"CA"},{"id":16195,"name":"Bas-Saint-Laurent","stateCode":"QC","countryCode":"CA"},{"id":16201,"name":"Beaconsfield","stateCode":"QC","countryCode":"CA"},{"id":16202,"name":"Beauceville","stateCode":"QC","countryCode":"CA"},{"id":16203,"name":"Beauharnois","stateCode":"QC","countryCode":"CA"},{"id":16205,"name":"Beaupré","stateCode":"QC","countryCode":"CA"},{"id":16255,"name":"Bécancour","stateCode":"QC","countryCode":"CA"},{"id":16208,"name":"Bedford","stateCode":"QC","countryCode":"CA"},{"id":16214,"name":"Beloeil","stateCode":"QC","countryCode":"CA"},{"id":16215,"name":"Berthierville","stateCode":"QC","countryCode":"CA"},{"id":16221,"name":"Blainville","stateCode":"QC","countryCode":"CA"},{"id":16223,"name":"Bois-des-Filion","stateCode":"QC","countryCode":"CA"},{"id":16224,"name":"Boisbriand","stateCode":"QC","countryCode":"CA"},{"id":16227,"name":"Bonaventure","stateCode":"QC","countryCode":"CA"},{"id":16231,"name":"Boucherville","stateCode":"QC","countryCode":"CA"},{"id":16241,"name":"Breakeyville","stateCode":"QC","countryCode":"CA"},{"id":16244,"name":"Bromont","stateCode":"QC","countryCode":"CA"},{"id":16246,"name":"Brossard","stateCode":"QC","countryCode":"CA"},{"id":16247,"name":"Brownsburg-Chatham","stateCode":"QC","countryCode":"CA"},{"id":16249,"name":"Buckingham","stateCode":"QC","countryCode":"CA"},{"id":16256,"name":"Cabano","stateCode":"QC","countryCode":"CA"},{"id":16258,"name":"Cacouna","stateCode":"QC","countryCode":"CA"},{"id":16266,"name":"Candiac","stateCode":"QC","countryCode":"CA"},{"id":16269,"name":"Cantley","stateCode":"QC","countryCode":"CA"},{"id":16270,"name":"Cap-Chat","stateCode":"QC","countryCode":"CA"},{"id":16271,"name":"Cap-Santé","stateCode":"QC","countryCode":"CA"},{"id":16273,"name":"Capitale-Nationale","stateCode":"QC","countryCode":"CA"},{"id":16278,"name":"Carignan","stateCode":"QC","countryCode":"CA"},{"id":16279,"name":"Carleton","stateCode":"QC","countryCode":"CA"},{"id":16281,"name":"Carleton-sur-Mer","stateCode":"QC","countryCode":"CA"},{"id":16290,"name":"Centre-du-Québec","stateCode":"QC","countryCode":"CA"},{"id":16291,"name":"Chambly","stateCode":"QC","countryCode":"CA"},{"id":16292,"name":"Chambord","stateCode":"QC","countryCode":"CA"},{"id":16293,"name":"Chandler","stateCode":"QC","countryCode":"CA"},{"id":16295,"name":"Chapais","stateCode":"QC","countryCode":"CA"},{"id":16296,"name":"Charlemagne","stateCode":"QC","countryCode":"CA"},{"id":16310,"name":"Château-Richer","stateCode":"QC","countryCode":"CA"},{"id":16311,"name":"Châteauguay","stateCode":"QC","countryCode":"CA"},{"id":16301,"name":"Chaudière-Appalaches","stateCode":"QC","countryCode":"CA"},{"id":16303,"name":"Chertsey","stateCode":"QC","countryCode":"CA"},{"id":16307,"name":"Chibougamau","stateCode":"QC","countryCode":"CA"},{"id":16309,"name":"Chute-aux-Outardes","stateCode":"QC","countryCode":"CA"},{"id":16318,"name":"Coaticook","stateCode":"QC","countryCode":"CA"},{"id":16330,"name":"Contrecoeur","stateCode":"QC","countryCode":"CA"},{"id":16331,"name":"Cookshire","stateCode":"QC","countryCode":"CA"},{"id":16332,"name":"Cookshire-Eaton","stateCode":"QC","countryCode":"CA"},{"id":16351,"name":"Côte-Nord","stateCode":"QC","countryCode":"CA"},{"id":16352,"name":"Côte-Saint-Luc","stateCode":"QC","countryCode":"CA"},{"id":16340,"name":"Coteau-du-Lac","stateCode":"QC","countryCode":"CA"},{"id":16343,"name":"Cowansville","stateCode":"QC","countryCode":"CA"},{"id":16345,"name":"Crabtree","stateCode":"QC","countryCode":"CA"},{"id":16354,"name":"Danville","stateCode":"QC","countryCode":"CA"},{"id":16357,"name":"Daveluyville","stateCode":"QC","countryCode":"CA"},{"id":16365,"name":"Delson","stateCode":"QC","countryCode":"CA"},{"id":16370,"name":"Deux-Montagnes","stateCode":"QC","countryCode":"CA"},{"id":16376,"name":"Disraeli","stateCode":"QC","countryCode":"CA"},{"id":16377,"name":"Dolbeau-Mistassini","stateCode":"QC","countryCode":"CA"},{"id":16378,"name":"Dollard-Des Ormeaux","stateCode":"QC","countryCode":"CA"},{"id":16379,"name":"Donnacona","stateCode":"QC","countryCode":"CA"},{"id":16381,"name":"Dorval","stateCode":"QC","countryCode":"CA"},{"id":16384,"name":"Drummondville","stateCode":"QC","countryCode":"CA"},{"id":16388,"name":"Dunham","stateCode":"QC","countryCode":"CA"},{"id":16391,"name":"East Angus","stateCode":"QC","countryCode":"CA"},{"id":16392,"name":"East Broughton","stateCode":"QC","countryCode":"CA"},{"id":16418,"name":"Farnham","stateCode":"QC","countryCode":"CA"},{"id":16419,"name":"Ferme-Neuve","stateCode":"QC","countryCode":"CA"},{"id":16420,"name":"Fermont","stateCode":"QC","countryCode":"CA"},{"id":16426,"name":"Forestville","stateCode":"QC","countryCode":"CA"},{"id":16436,"name":"Fort-Coulonge","stateCode":"QC","countryCode":"CA"},{"id":16437,"name":"Fossambault-sur-le-Lac","stateCode":"QC","countryCode":"CA"},{"id":16439,"name":"Franklin","stateCode":"QC","countryCode":"CA"},{"id":16447,"name":"Gaspé","stateCode":"QC","countryCode":"CA"},{"id":16448,"name":"Gaspésie-Îles-de-la-Madeleine","stateCode":"QC","countryCode":"CA"},{"id":16449,"name":"Gatineau","stateCode":"QC","countryCode":"CA"},{"id":16456,"name":"Godefroy","stateCode":"QC","countryCode":"CA"},{"id":16461,"name":"Granby","stateCode":"QC","countryCode":"CA"},{"id":16485,"name":"Hampstead","stateCode":"QC","countryCode":"CA"},{"id":16495,"name":"Hauterive","stateCode":"QC","countryCode":"CA"},{"id":16496,"name":"Havre-Saint-Pierre","stateCode":"QC","countryCode":"CA"},{"id":16517,"name":"Hérouxville","stateCode":"QC","countryCode":"CA"},{"id":16511,"name":"Hudson","stateCode":"QC","countryCode":"CA"},{"id":16514,"name":"Huntingdon","stateCode":"QC","countryCode":"CA"},{"id":16529,"name":"Joliette","stateCode":"QC","countryCode":"CA"},{"id":16530,"name":"Jonquière","stateCode":"QC","countryCode":"CA"},{"id":16549,"name":"Kingsey Falls","stateCode":"QC","countryCode":"CA"},{"id":16551,"name":"Kirkland","stateCode":"QC","countryCode":"CA"},{"id":16556,"name":"L'Ancienne-Lorette","stateCode":"QC","countryCode":"CA"},{"id":16557,"name":"L'Ange-Gardien","stateCode":"QC","countryCode":"CA"},{"id":16558,"name":"L'Ascension-de-Notre-Seigneur","stateCode":"QC","countryCode":"CA"},{"id":16559,"name":"L'Assomption","stateCode":"QC","countryCode":"CA"},{"id":16561,"name":"L'Épiphanie","stateCode":"QC","countryCode":"CA"},{"id":16562,"name":"L'Île-Perrot","stateCode":"QC","countryCode":"CA"},{"id":16564,"name":"La Conception","stateCode":"QC","countryCode":"CA"},{"id":16565,"name":"La Haute-Saint-Charles","stateCode":"QC","countryCode":"CA"},{"id":16566,"name":"La Malbaie","stateCode":"QC","countryCode":"CA"},{"id":16567,"name":"La Minerve","stateCode":"QC","countryCode":"CA"},{"id":16568,"name":"La Pocatière","stateCode":"QC","countryCode":"CA"},{"id":16569,"name":"La Prairie","stateCode":"QC","countryCode":"CA"},{"id":16571,"name":"La Sarre","stateCode":"QC","countryCode":"CA"},{"id":16572,"name":"La Tuque","stateCode":"QC","countryCode":"CA"},{"id":16573,"name":"Labelle","stateCode":"QC","countryCode":"CA"},{"id":16577,"name":"Lac-Alouette","stateCode":"QC","countryCode":"CA"},{"id":16578,"name":"Lac-Brome","stateCode":"QC","countryCode":"CA"},{"id":16579,"name":"Lac-Connelly","stateCode":"QC","countryCode":"CA"},{"id":16580,"name":"Lac-Lapierre","stateCode":"QC","countryCode":"CA"},{"id":16581,"name":"Lac-Mégantic","stateCode":"QC","countryCode":"CA"},{"id":16582,"name":"Lac-Simon","stateCode":"QC","countryCode":"CA"},{"id":16583,"name":"Lachute","stateCode":"QC","countryCode":"CA"},{"id":16584,"name":"Lacolle","stateCode":"QC","countryCode":"CA"},{"id":16599,"name":"Lanoraie","stateCode":"QC","countryCode":"CA"},{"id":16604,"name":"Laval","stateCode":"QC","countryCode":"CA"},{"id":16605,"name":"Lavaltrie","stateCode":"QC","countryCode":"CA"},{"id":16606,"name":"Le Bic","stateCode":"QC","countryCode":"CA"},{"id":17224,"name":"le Plateau","stateCode":"QC","countryCode":"CA"},{"id":16608,"name":"Lebel-sur-Quévillon","stateCode":"QC","countryCode":"CA"},{"id":16609,"name":"Leblanc","stateCode":"QC","countryCode":"CA"},{"id":16612,"name":"Les Cèdres","stateCode":"QC","countryCode":"CA"},{"id":16611,"name":"Les Coteaux","stateCode":"QC","countryCode":"CA"},{"id":16613,"name":"Les Escoumins","stateCode":"QC","countryCode":"CA"},{"id":16639,"name":"Lévis","stateCode":"QC","countryCode":"CA"},{"id":16620,"name":"Linière","stateCode":"QC","countryCode":"CA"},{"id":16628,"name":"Longueuil","stateCode":"QC","countryCode":"CA"},{"id":16630,"name":"Lorraine","stateCode":"QC","countryCode":"CA"},{"id":16631,"name":"Louiseville","stateCode":"QC","countryCode":"CA"},{"id":16634,"name":"Luceville","stateCode":"QC","countryCode":"CA"},{"id":16640,"name":"Macamic","stateCode":"QC","countryCode":"CA"},{"id":16644,"name":"Magog","stateCode":"QC","countryCode":"CA"},{"id":16646,"name":"Malartic","stateCode":"QC","countryCode":"CA"},{"id":16647,"name":"Maliotenam","stateCode":"QC","countryCode":"CA"},{"id":16648,"name":"Manawan","stateCode":"QC","countryCode":"CA"},{"id":16649,"name":"Mandeville","stateCode":"QC","countryCode":"CA"},{"id":16652,"name":"Maniwaki","stateCode":"QC","countryCode":"CA"},{"id":16659,"name":"Maria","stateCode":"QC","countryCode":"CA"},{"id":16660,"name":"Marieville","stateCode":"QC","countryCode":"CA"},{"id":16665,"name":"Mascouche","stateCode":"QC","countryCode":"CA"},{"id":16666,"name":"Maskinongé","stateCode":"QC","countryCode":"CA"},{"id":16667,"name":"Matagami","stateCode":"QC","countryCode":"CA"},{"id":16668,"name":"Matane","stateCode":"QC","countryCode":"CA"},{"id":16670,"name":"Mauricie","stateCode":"QC","countryCode":"CA"},{"id":16678,"name":"Melocheville","stateCode":"QC","countryCode":"CA"},{"id":16680,"name":"Mercier","stateCode":"QC","countryCode":"CA"},{"id":16725,"name":"Métabetchouan","stateCode":"QC","countryCode":"CA"},{"id":16682,"name":"Metabetchouan-Lac-a-la-Croix","stateCode":"QC","countryCode":"CA"},{"id":16694,"name":"Mirabel","stateCode":"QC","countryCode":"CA"},{"id":16699,"name":"Mistissini","stateCode":"QC","countryCode":"CA"},{"id":16701,"name":"Mont-Joli","stateCode":"QC","countryCode":"CA"},{"id":16702,"name":"Mont-Laurier","stateCode":"QC","countryCode":"CA"},{"id":16703,"name":"Mont-Royal","stateCode":"QC","countryCode":"CA"},{"id":16704,"name":"Mont-Saint-Grégoire","stateCode":"QC","countryCode":"CA"},{"id":16705,"name":"Mont-Saint-Hilaire","stateCode":"QC","countryCode":"CA"},{"id":16706,"name":"Mont-Tremblant","stateCode":"QC","countryCode":"CA"},{"id":16708,"name":"Montmagny","stateCode":"QC","countryCode":"CA"},{"id":16709,"name":"Montréal","stateCode":"QC","countryCode":"CA"},{"id":16710,"name":"Montréal-Est","stateCode":"QC","countryCode":"CA"},{"id":16711,"name":"Montréal-Ouest","stateCode":"QC","countryCode":"CA"},{"id":16718,"name":"Morin-Heights","stateCode":"QC","countryCode":"CA"},{"id":16732,"name":"Napierville","stateCode":"QC","countryCode":"CA"},{"id":16737,"name":"Neuville","stateCode":"QC","countryCode":"CA"},{"id":16738,"name":"New Carlisle","stateCode":"QC","countryCode":"CA"},{"id":16743,"name":"New-Richmond","stateCode":"QC","countryCode":"CA"},{"id":16746,"name":"Nicolet","stateCode":"QC","countryCode":"CA"},{"id":16751,"name":"Nord-du-Québec","stateCode":"QC","countryCode":"CA"},{"id":16754,"name":"Normandin","stateCode":"QC","countryCode":"CA"},{"id":16764,"name":"Notre-Dame-de-Grâce","stateCode":"QC","countryCode":"CA"},{"id":16765,"name":"Notre-Dame-de-l'Île-Perrot","stateCode":"QC","countryCode":"CA"},{"id":16766,"name":"Notre-Dame-des-Prairies","stateCode":"QC","countryCode":"CA"},{"id":16767,"name":"Notre-Dame-du-Lac","stateCode":"QC","countryCode":"CA"},{"id":16768,"name":"Notre-Dame-du-Mont-Carmel","stateCode":"QC","countryCode":"CA"},{"id":16771,"name":"Oka","stateCode":"QC","countryCode":"CA"},{"id":16780,"name":"Ormstown","stateCode":"QC","countryCode":"CA"},{"id":16786,"name":"Otterburn Park","stateCode":"QC","countryCode":"CA"},{"id":16787,"name":"Outaouais","stateCode":"QC","countryCode":"CA"},{"id":16794,"name":"Papineauville","stateCode":"QC","countryCode":"CA"},{"id":16795,"name":"Parc-Boutin","stateCode":"QC","countryCode":"CA"},{"id":16821,"name":"Piedmont","stateCode":"QC","countryCode":"CA"},{"id":16822,"name":"Pierreville","stateCode":"QC","countryCode":"CA"},{"id":16825,"name":"Pincourt","stateCode":"QC","countryCode":"CA"},{"id":16829,"name":"Plessisville","stateCode":"QC","countryCode":"CA"},{"id":16830,"name":"Pohénégamook","stateCode":"QC","countryCode":"CA"},{"id":16831,"name":"Pointe-Calumet","stateCode":"QC","countryCode":"CA"},{"id":16832,"name":"Pointe-Claire","stateCode":"QC","countryCode":"CA"},{"id":16833,"name":"Pointe-du-Lac","stateCode":"QC","countryCode":"CA"},{"id":16835,"name":"Pont Rouge","stateCode":"QC","countryCode":"CA"},{"id":16836,"name":"Pont-Rouge","stateCode":"QC","countryCode":"CA"},{"id":16847,"name":"Port-Cartier","stateCode":"QC","countryCode":"CA"},{"id":16849,"name":"Portneuf","stateCode":"QC","countryCode":"CA"},{"id":16862,"name":"Prévost","stateCode":"QC","countryCode":"CA"},{"id":16860,"name":"Princeville","stateCode":"QC","countryCode":"CA"},{"id":16867,"name":"Québec","stateCode":"QC","countryCode":"CA"},{"id":16870,"name":"Rawdon","stateCode":"QC","countryCode":"CA"},{"id":16881,"name":"Repentigny","stateCode":"QC","countryCode":"CA"},{"id":16883,"name":"Richelieu","stateCode":"QC","countryCode":"CA"},{"id":16886,"name":"Richmond","stateCode":"QC","countryCode":"CA"},{"id":16891,"name":"Rigaud","stateCode":"QC","countryCode":"CA"},{"id":16893,"name":"Rimouski","stateCode":"QC","countryCode":"CA"},{"id":16896,"name":"Rivière-du-Loup","stateCode":"QC","countryCode":"CA"},{"id":16895,"name":"Rivière-Rouge","stateCode":"QC","countryCode":"CA"},{"id":16897,"name":"Roberval","stateCode":"QC","countryCode":"CA"},{"id":16899,"name":"Rock Forest","stateCode":"QC","countryCode":"CA"},{"id":16902,"name":"Rosemère","stateCode":"QC","countryCode":"CA"},{"id":16906,"name":"Rougemont","stateCode":"QC","countryCode":"CA"},{"id":16907,"name":"Rouyn-Noranda","stateCode":"QC","countryCode":"CA"},{"id":16911,"name":"Sacré-Coeur","stateCode":"QC","countryCode":"CA"},{"id":16912,"name":"Saguenay","stateCode":"QC","countryCode":"CA"},{"id":16915,"name":"Saint-Adolphe-d'Howard","stateCode":"QC","countryCode":"CA"},{"id":16916,"name":"Saint-Alexandre","stateCode":"QC","countryCode":"CA"},{"id":16917,"name":"Saint-Amable","stateCode":"QC","countryCode":"CA"},{"id":16918,"name":"Saint-Ambroise","stateCode":"QC","countryCode":"CA"},{"id":16919,"name":"Saint-André-Avellin","stateCode":"QC","countryCode":"CA"},{"id":16920,"name":"Saint-Anselme","stateCode":"QC","countryCode":"CA"},{"id":16922,"name":"Saint-Antoine-de-Tilly","stateCode":"QC","countryCode":"CA"},{"id":16923,"name":"Saint-Augustin","stateCode":"QC","countryCode":"CA"},{"id":16924,"name":"Saint-Augustin-de-Desmaures","stateCode":"QC","countryCode":"CA"},{"id":16925,"name":"Saint-Barnabé-Sud","stateCode":"QC","countryCode":"CA"},{"id":16926,"name":"Saint-Basile-le-Grand","stateCode":"QC","countryCode":"CA"},{"id":16927,"name":"Saint-Boniface","stateCode":"QC","countryCode":"CA"},{"id":16928,"name":"Saint-Bruno","stateCode":"QC","countryCode":"CA"},{"id":16929,"name":"Saint-Bruno-de-Guigues","stateCode":"QC","countryCode":"CA"},{"id":16930,"name":"Saint-Bruno-de-Montarville","stateCode":"QC","countryCode":"CA"},{"id":16931,"name":"Saint-Canut","stateCode":"QC","countryCode":"CA"},{"id":16935,"name":"Saint-Césaire","stateCode":"QC","countryCode":"CA"},{"id":16932,"name":"Saint-Charles","stateCode":"QC","countryCode":"CA"},{"id":16936,"name":"Saint-Côme-Linière","stateCode":"QC","countryCode":"CA"},{"id":16933,"name":"Saint-Constant","stateCode":"QC","countryCode":"CA"},{"id":16934,"name":"Saint-Cyrille-de-Wendover","stateCode":"QC","countryCode":"CA"},{"id":16937,"name":"Saint-Damase","stateCode":"QC","countryCode":"CA"},{"id":16938,"name":"Saint-Denis-sur-Richelieu","stateCode":"QC","countryCode":"CA"},{"id":16939,"name":"Saint-Donat-de-Montcalm","stateCode":"QC","countryCode":"CA"},{"id":16992,"name":"Saint-Édouard","stateCode":"QC","countryCode":"CA"},{"id":16940,"name":"Saint-Elzéar","stateCode":"QC","countryCode":"CA"},{"id":16993,"name":"Saint-Éphrem-de-Beauce","stateCode":"QC","countryCode":"CA"},{"id":16941,"name":"Saint-Eustache","stateCode":"QC","countryCode":"CA"},{"id":16942,"name":"Saint-Félicien","stateCode":"QC","countryCode":"CA"},{"id":16943,"name":"Saint-Félix-de-Valois","stateCode":"QC","countryCode":"CA"},{"id":16944,"name":"Saint-Gabriel","stateCode":"QC","countryCode":"CA"},{"id":16947,"name":"Saint-Gédéon","stateCode":"QC","countryCode":"CA"},{"id":16945,"name":"Saint-Georges","stateCode":"QC","countryCode":"CA"},{"id":16946,"name":"Saint-Germain-de-Grantham","stateCode":"QC","countryCode":"CA"},{"id":16948,"name":"Saint-Henri","stateCode":"QC","countryCode":"CA"},{"id":16949,"name":"Saint-Hippolyte","stateCode":"QC","countryCode":"CA"},{"id":16950,"name":"Saint-Honoré","stateCode":"QC","countryCode":"CA"},{"id":16951,"name":"Saint-Hyacinthe","stateCode":"QC","countryCode":"CA"},{"id":16952,"name":"Saint-Isidore","stateCode":"QC","countryCode":"CA"},{"id":16953,"name":"Saint-Jacques-le-Mineur","stateCode":"QC","countryCode":"CA"},{"id":16954,"name":"Saint-Jean-Baptiste","stateCode":"QC","countryCode":"CA"},{"id":16955,"name":"Saint-Jean-sur-Richelieu","stateCode":"QC","countryCode":"CA"},{"id":16960,"name":"Saint-Jérôme","stateCode":"QC","countryCode":"CA"},{"id":16956,"name":"Saint-Joseph","stateCode":"QC","countryCode":"CA"},{"id":16957,"name":"Saint-Joseph-de-Beauce","stateCode":"QC","countryCode":"CA"},{"id":16958,"name":"Saint-Joseph-de-Coleraine","stateCode":"QC","countryCode":"CA"},{"id":16959,"name":"Saint-Joseph-du-Lac","stateCode":"QC","countryCode":"CA"},{"id":16961,"name":"Saint-Lambert-de-Lauzon","stateCode":"QC","countryCode":"CA"},{"id":16962,"name":"Saint-Laurent","stateCode":"QC","countryCode":"CA"},{"id":16963,"name":"Saint-Lazare","stateCode":"QC","countryCode":"CA"},{"id":16966,"name":"Saint-Léonard","stateCode":"QC","countryCode":"CA"},{"id":16968,"name":"Saint-Léonard-d'Aston","stateCode":"QC","countryCode":"CA"},{"id":16964,"name":"Saint-Liboire","stateCode":"QC","countryCode":"CA"},{"id":16965,"name":"Saint-Lin-Laurentides","stateCode":"QC","countryCode":"CA"},{"id":16969,"name":"Saint-Marc-des-Carrières","stateCode":"QC","countryCode":"CA"},{"id":16970,"name":"Saint-Mathieu","stateCode":"QC","countryCode":"CA"},{"id":16971,"name":"Saint-Michel","stateCode":"QC","countryCode":"CA"},{"id":16972,"name":"Saint-Michel-des-Saints","stateCode":"QC","countryCode":"CA"},{"id":16973,"name":"Saint-Nazaire","stateCode":"QC","countryCode":"CA"},{"id":16974,"name":"Saint-Norbert","stateCode":"QC","countryCode":"CA"},{"id":16975,"name":"Saint-Pacôme","stateCode":"QC","countryCode":"CA"},{"id":16976,"name":"Saint-Pascal","stateCode":"QC","countryCode":"CA"},{"id":16977,"name":"Saint-Philippe-de-La Prairie","stateCode":"QC","countryCode":"CA"},{"id":16978,"name":"Saint-Pie","stateCode":"QC","countryCode":"CA"},{"id":16979,"name":"Saint-Pierre-les-Becquets","stateCode":"QC","countryCode":"CA"},{"id":16980,"name":"Saint-Prime","stateCode":"QC","countryCode":"CA"},{"id":16981,"name":"Saint-Raphaël","stateCode":"QC","countryCode":"CA"},{"id":16982,"name":"Saint-Raymond","stateCode":"QC","countryCode":"CA"},{"id":16983,"name":"Saint-Rémi","stateCode":"QC","countryCode":"CA"},{"id":16984,"name":"Saint-Rémi-de-Tingwick","stateCode":"QC","countryCode":"CA"},{"id":16985,"name":"Saint-Sauveur","stateCode":"QC","countryCode":"CA"},{"id":16986,"name":"Saint-Sauveur-des-Monts","stateCode":"QC","countryCode":"CA"},{"id":16987,"name":"Saint-Siméon","stateCode":"QC","countryCode":"CA"},{"id":16988,"name":"Saint-Thomas","stateCode":"QC","countryCode":"CA"},{"id":16989,"name":"Saint-Tite","stateCode":"QC","countryCode":"CA"},{"id":16990,"name":"Saint-Victor","stateCode":"QC","countryCode":"CA"},{"id":16991,"name":"Saint-Zotique","stateCode":"QC","countryCode":"CA"},{"id":16994,"name":"Sainte Catherine de la Jacques Cartier","stateCode":"QC","countryCode":"CA"},{"id":16995,"name":"Sainte-Adèle","stateCode":"QC","countryCode":"CA"},{"id":16996,"name":"Sainte-Agathe-des-Monts","stateCode":"QC","countryCode":"CA"},{"id":16997,"name":"Sainte-Anne-de-Bellevue","stateCode":"QC","countryCode":"CA"},{"id":16998,"name":"Sainte-Anne-des-Monts","stateCode":"QC","countryCode":"CA"},{"id":16999,"name":"Sainte-Anne-des-Plaines","stateCode":"QC","countryCode":"CA"},{"id":17000,"name":"Sainte-Béatrix","stateCode":"QC","countryCode":"CA"},{"id":17001,"name":"Sainte-Catherine","stateCode":"QC","countryCode":"CA"},{"id":17002,"name":"Sainte-Croix","stateCode":"QC","countryCode":"CA"},{"id":17012,"name":"Sainte-Élisabeth","stateCode":"QC","countryCode":"CA"},{"id":17003,"name":"Sainte-Julie","stateCode":"QC","countryCode":"CA"},{"id":17004,"name":"Sainte-Julienne","stateCode":"QC","countryCode":"CA"},{"id":17005,"name":"Sainte-Madeleine","stateCode":"QC","countryCode":"CA"},{"id":17006,"name":"Sainte-Marie","stateCode":"QC","countryCode":"CA"},{"id":17007,"name":"Sainte-Marthe-sur-le-Lac","stateCode":"QC","countryCode":"CA"},{"id":17008,"name":"Sainte-Martine","stateCode":"QC","countryCode":"CA"},{"id":17009,"name":"Sainte-Sophie","stateCode":"QC","countryCode":"CA"},{"id":17010,"name":"Sainte-Thècle","stateCode":"QC","countryCode":"CA"},{"id":17011,"name":"Sainte-Thérèse","stateCode":"QC","countryCode":"CA"},{"id":17013,"name":"Salaberry-de-Valleyfield","stateCode":"QC","countryCode":"CA"},{"id":17015,"name":"Salluit","stateCode":"QC","countryCode":"CA"},{"id":17027,"name":"Senneterre","stateCode":"QC","countryCode":"CA"},{"id":17028,"name":"Sept-Îles","stateCode":"QC","countryCode":"CA"},{"id":17030,"name":"Shannon","stateCode":"QC","countryCode":"CA"},{"id":17032,"name":"Shawinigan","stateCode":"QC","countryCode":"CA"},{"id":17033,"name":"Shawville","stateCode":"QC","countryCode":"CA"},{"id":17039,"name":"Sherbrooke","stateCode":"QC","countryCode":"CA"},{"id":17054,"name":"Sorel-Tracy","stateCode":"QC","countryCode":"CA"},{"id":17066,"name":"St-Jean-Port-Joli","stateCode":"QC","countryCode":"CA"},{"id":17091,"name":"Sutton","stateCode":"QC","countryCode":"CA"},{"id":17132,"name":"Témiscaming","stateCode":"QC","countryCode":"CA"},{"id":17103,"name":"Terrasse-des-Pins","stateCode":"QC","countryCode":"CA"},{"id":17104,"name":"Terrebonne","stateCode":"QC","countryCode":"CA"},{"id":17107,"name":"Thetford-Mines","stateCode":"QC","countryCode":"CA"},{"id":17113,"name":"Thurso","stateCode":"QC","countryCode":"CA"},{"id":17126,"name":"Trois-Rivières","stateCode":"QC","countryCode":"CA"},{"id":17139,"name":"Val-d'Or","stateCode":"QC","countryCode":"CA"},{"id":17137,"name":"Val-David","stateCode":"QC","countryCode":"CA"},{"id":17140,"name":"Val-des-Monts","stateCode":"QC","countryCode":"CA"},{"id":17138,"name":"Val-Morin","stateCode":"QC","countryCode":"CA"},{"id":17141,"name":"Valcourt","stateCode":"QC","countryCode":"CA"},{"id":17144,"name":"Vallée-Jonction","stateCode":"QC","countryCode":"CA"},{"id":17148,"name":"Varennes","stateCode":"QC","countryCode":"CA"},{"id":17149,"name":"Vaudreuil-Dorion","stateCode":"QC","countryCode":"CA"},{"id":17152,"name":"Venise-en-Québec","stateCode":"QC","countryCode":"CA"},{"id":17153,"name":"Verchères","stateCode":"QC","countryCode":"CA"},{"id":17157,"name":"Victoriaville","stateCode":"QC","countryCode":"CA"},{"id":17159,"name":"Ville-Marie","stateCode":"QC","countryCode":"CA"},{"id":17167,"name":"Wakefield","stateCode":"QC","countryCode":"CA"},{"id":17171,"name":"Warwick","stateCode":"QC","countryCode":"CA"},{"id":17173,"name":"Waskaganish","stateCode":"QC","countryCode":"CA"},{"id":17174,"name":"Waswanipi","stateCode":"QC","countryCode":"CA"},{"id":17177,"name":"Waterloo","stateCode":"QC","countryCode":"CA"},{"id":17182,"name":"Weedon Centre","stateCode":"QC","countryCode":"CA"},{"id":17196,"name":"Westmount","stateCode":"QC","countryCode":"CA"},{"id":17199,"name":"Weymontachie","stateCode":"QC","countryCode":"CA"},{"id":17210,"name":"Windsor","stateCode":"QC","countryCode":"CA"},{"id":17219,"name":"Yamachiche","stateCode":"QC","countryCode":"CA"},{"id":16177,"name":"Assiniboia","stateCode":"SK","countryCode":"CA"},{"id":16217,"name":"Biggar","stateCode":"SK","countryCode":"CA"},{"id":16268,"name":"Canora","stateCode":"SK","countryCode":"CA"},{"id":16282,"name":"Carlyle","stateCode":"SK","countryCode":"CA"},{"id":16353,"name":"Dalmeny","stateCode":"SK","countryCode":"CA"},{"id":16410,"name":"Esterhazy","stateCode":"SK","countryCode":"CA"},{"id":16411,"name":"Estevan","stateCode":"SK","countryCode":"CA"},{"id":16424,"name":"Foam Lake","stateCode":"SK","countryCode":"CA"},{"id":16469,"name":"Gravelbourg","stateCode":"SK","countryCode":"CA"},{"id":16512,"name":"Hudson Bay","stateCode":"SK","countryCode":"CA"},{"id":16513,"name":"Humboldt","stateCode":"SK","countryCode":"CA"},{"id":16519,"name":"Indian Head","stateCode":"SK","countryCode":"CA"},{"id":16532,"name":"Kamsack","stateCode":"SK","countryCode":"CA"},{"id":16540,"name":"Kerrobert","stateCode":"SK","countryCode":"CA"},{"id":16547,"name":"Kindersley","stateCode":"SK","countryCode":"CA"},{"id":16570,"name":"La Ronge","stateCode":"SK","countryCode":"CA"},{"id":16594,"name":"Langenburg","stateCode":"SK","countryCode":"CA"},{"id":16596,"name":"Langham","stateCode":"SK","countryCode":"CA"},{"id":16598,"name":"Lanigan","stateCode":"SK","countryCode":"CA"},{"id":16636,"name":"Lumsden","stateCode":"SK","countryCode":"CA"},{"id":16642,"name":"Macklin","stateCode":"SK","countryCode":"CA"},{"id":16655,"name":"Maple Creek","stateCode":"SK","countryCode":"CA"},{"id":16663,"name":"Martensville","stateCode":"SK","countryCode":"CA"},{"id":16673,"name":"Meadow Lake","stateCode":"SK","countryCode":"CA"},{"id":16676,"name":"Melfort","stateCode":"SK","countryCode":"CA"},{"id":16679,"name":"Melville","stateCode":"SK","countryCode":"CA"},{"id":16713,"name":"Moose Jaw","stateCode":"SK","countryCode":"CA"},{"id":16715,"name":"Moosomin","stateCode":"SK","countryCode":"CA"},{"id":16747,"name":"Nipawin","stateCode":"SK","countryCode":"CA"},{"id":16755,"name":"North Battleford","stateCode":"SK","countryCode":"CA"},{"id":16788,"name":"Outlook","stateCode":"SK","countryCode":"CA"},{"id":16790,"name":"Oxbow","stateCode":"SK","countryCode":"CA"},{"id":16807,"name":"Pelican Narrows","stateCode":"SK","countryCode":"CA"},{"id":16823,"name":"Pilot Butte","stateCode":"SK","countryCode":"CA"},{"id":16852,"name":"Preeceville","stateCode":"SK","countryCode":"CA"},{"id":16854,"name":"Prince Albert","stateCode":"SK","countryCode":"CA"},{"id":16875,"name":"Regina","stateCode":"SK","countryCode":"CA"},{"id":16876,"name":"Regina Beach","stateCode":"SK","countryCode":"CA"},{"id":16903,"name":"Rosetown","stateCode":"SK","countryCode":"CA"},{"id":16905,"name":"Rosthern","stateCode":"SK","countryCode":"CA"},{"id":17021,"name":"Saskatoon","stateCode":"SK","countryCode":"CA"},{"id":17031,"name":"Shaunavon","stateCode":"SK","countryCode":"CA"},{"id":17038,"name":"Shellbrook","stateCode":"SK","countryCode":"CA"},{"id":17094,"name":"Swift Current","stateCode":"SK","countryCode":"CA"},{"id":17116,"name":"Tisdale","stateCode":"SK","countryCode":"CA"},{"id":17134,"name":"Unity","stateCode":"SK","countryCode":"CA"},{"id":17165,"name":"Wadena","stateCode":"SK","countryCode":"CA"},{"id":17170,"name":"Warman","stateCode":"SK","countryCode":"CA"},{"id":17179,"name":"Watrous","stateCode":"SK","countryCode":"CA"},{"id":17198,"name":"Weyburn","stateCode":"SK","countryCode":"CA"},{"id":17201,"name":"White City","stateCode":"SK","countryCode":"CA"},{"id":17206,"name":"Wilkie","stateCode":"SK","countryCode":"CA"},{"id":17218,"name":"Wynyard","stateCode":"SK","countryCode":"CA"},{"id":17223,"name":"Yorkton","stateCode":"SK","countryCode":"CA"},{"id":16358,"name":"Dawson City","stateCode":"YT","countryCode":"CA"},{"id":16479,"name":"Haines Junction","stateCode":"YT","countryCode":"CA"},{"id":17180,"name":"Watson Lake","stateCode":"YT","countryCode":"CA"},{"id":17204,"name":"Whitehorse","stateCode":"YT","countryCode":"CA"}]