[{"id":135240,"name":"Abbateggio","stateId":1679,"stateCode":"65","stateName":"Abruzzo","countryId":107,"countryCode":"IT","countryName":"Italy","latitude":"42.22421000","longitude":"14.01001000","wikiDataId":"Q335596"},{"id":135250,"name":"Acciano","stateId":1679,"stateCode":"65","stateName":"Abruzzo","countryId":107,"countryCode":"IT","countryName":"Italy","latitude":"42.17677000","longitude":"13.71783000","wikiDataId":"Q3321966"},{"id":135325,"name":"Aielli","stateId":1679,"stateCode":"65","stateName":"Abruzzo","countryId":107,"countryCode":"IT","countryName":"Italy","latitude":"42.08146000","longitude":"13.59113000","wikiDataId":"Q16112"},{"id":135342,"name":"Alanno","stateId":1679,"stateCode":"65","stateName":"Abruzzo","countryId":107,"countryCode":"IT","countryName":"Italy","latitude":"42.29552000","longitude":"13.97084000","wikiDataId":"Q18441902"},{"id":135347,"name":"Alba Adriatica","stateId":1679,"stateCode":"65","stateName":"Abruzzo","countryId":107,"countryCode":"IT","countryName":"Italy","latitude":"42.83176000","longitude":"13.92590000","wikiDataId":"Q18441902"},{"id":135400,"name":"Alfedena","stateId":1679,"stateCode":"65","stateName":"Abruzzo","countryId":107,"countryCode":"IT","countryName":"Italy","latitude":"41.73545000","longitude":"14.03500000","wikiDataId":"Q18454404"},{"id":135440,"name":"Altino","stateId":1679,"stateCode":"65","stateName":"Abruzzo","countryId":107,"countryCode":"IT","countryName":"Italy","latitude":"42.09954000","longitude":"14.33267000","wikiDataId":"Q3613147"},{"id":135477,"name":"Ancarano","stateId":1679,"stateCode":"65","stateName":"Abruzzo","countryId":107,"countryCode":"IT","countryName":"Italy","latitude":"42.83767000","longitude":"13.74662000","wikiDataId":"Q18436866"},{"id":135523,"name":"Anversa degli Abruzzi","stateId":1679,"stateCode":"65","stateName":"Abruzzo","countryId":107,"countryCode":"IT","countryName":"Italy","latitude":"41.99478000","longitude":"13.80379000","wikiDataId":"Q18445825"},{"id":135565,"name":"Archi","stateId":1679,"stateCode":"65","stateName":"Abruzzo","countryId":107,"countryCode":"IT","countryName":"Italy","latitude":"42.09135000","longitude":"14.38270000","wikiDataId":"Q18446355"},{"id":135597,"name":"Ari","stateId":1679,"stateCode":"65","stateName":"Abruzzo","countryId":107,"countryCode":"IT","countryName":"Italy","latitude":"42.28967000","longitude":"14.25856000","wikiDataId":"Q18454415"},{"id":135602,"name":"Arielli","stateId":1679,"stateCode":"65","stateName":"Abruzzo","countryId":107,"countryCode":"IT","countryName":"Italy","latitude":"42.26003000","longitude":"14.31004000","wikiDataId":"Q18437163"},{"id":135638,"name":"Arsita","stateId":1679,"stateCode":"65","stateName":"Abruzzo","countryId":107,"countryCode":"IT","countryName":"Italy","latitude":"42.50266000","longitude":"13.78516000","wikiDataId":"Q18436874"},{"id":135672,"name":"Ateleta","stateId":1679,"stateCode":"65","stateName":"Abruzzo","countryId":107,"countryCode":"IT","countryName":"Italy","latitude":"41.85435000","longitude":"14.19806000","wikiDataId":"Q3625263"},{"id":135675,"name":"Atessa","stateId":1679,"stateCode":"65","stateName":"Abruzzo","countryId":107,"countryCode":"IT","countryName":"Italy","latitude":"42.07018000","longitude":"14.45049000","wikiDataId":"Q3625263"},{"id":135679,"name":"Atri","stateId":1679,"stateCode":"65","stateName":"Abruzzo","countryId":107,"countryCode":"IT","countryName":"Italy","latitude":"42.57642000","longitude":"13.98899000","wikiDataId":"Q18452704"},{"id":135704,"name":"Avezzano","stateId":1679,"stateCode":"65","stateName":"Abruzzo","countryId":107,"countryCode":"IT","countryName":"Italy","latitude":"42.02896000","longitude":"13.42641000","wikiDataId":"Q18328180"},{"id":135795,"name":"Balsorano","stateId":1679,"stateCode":"65","stateName":"Abruzzo","countryId":107,"countryCode":"IT","countryName":"Italy","latitude":"41.80982000","longitude":"13.55980000","wikiDataId":"Q2066536"},{"id":135796,"name":"Balsorano Nuovo","stateId":1679,"stateCode":"65","stateName":"Abruzzo","countryId":107,"countryCode":"IT","countryName":"Italy","latitude":"41.80881000","longitude":"13.56069000","wikiDataId":"Q18426402"},{"id":135826,"name":"Barberi","stateId":1679,"stateCode":"65","stateName":"Abruzzo","countryId":107,"countryCode":"IT","countryName":"Italy","latitude":"42.44072000","longitude":"14.04268000","wikiDataId":"Q18427151"},{"id":135847,"name":"Barete","stateId":1679,"stateCode":"65","stateName":"Abruzzo","countryId":107,"countryCode":"IT","countryName":"Italy","latitude":"42.45009000","longitude":"13.28061000","wikiDataId":"Q3634893"},{"id":135858,"name":"Barisciano","stateId":1679,"stateCode":"65","stateName":"Abruzzo","countryId":107,"countryCode":"IT","countryName":"Italy","latitude":"42.32465000","longitude":"13.59036000","wikiDataId":"Q18241854"},{"id":135870,"name":"Barrea","stateId":1679,"stateCode":"65","stateName":"Abruzzo","countryId":107,"countryCode":"IT","countryName":"Italy","latitude":"41.75543000","longitude":"13.99095000","wikiDataId":"Q808771"},{"id":135881,"name":"Basciano","stateId":1679,"stateCode":"65","stateName":"Abruzzo","countryId":107,"countryCode":"IT","countryName":"Italy","latitude":"42.59639000","longitude":"13.73561000","wikiDataId":"Q3635515"},{"id":135938,"name":"Bellante","stateId":1679,"stateCode":"65","stateName":"Abruzzo","countryId":107,"countryCode":"IT","countryName":"Italy","latitude":"42.74421000","longitude":"13.80234000","wikiDataId":"Q18453643"},{"id":135939,"name":"Bellante Stazione","stateId":1679,"stateCode":"65","stateName":"Abruzzo","countryId":107,"countryCode":"IT","countryName":"Italy","latitude":"42.70650000","longitude":"13.83953000","wikiDataId":"Q2440627"},{"id":136062,"name":"Bisegna","stateId":1679,"stateCode":"65","stateName":"Abruzzo","countryId":107,"countryCode":"IT","countryName":"Italy","latitude":"41.92113000","longitude":"13.75760000","wikiDataId":"Q18434573"},{"id":136063,"name":"Bisenti","stateId":1679,"stateCode":"65","stateName":"Abruzzo","countryId":107,"countryCode":"IT","countryName":"Italy","latitude":"42.52883000","longitude":"13.79950000","wikiDataId":"Q18434573"},{"id":136108,"name":"Bolognano","stateId":1679,"stateCode":"65","stateName":"Abruzzo","countryId":107,"countryCode":"IT","countryName":"Italy","latitude":"42.21814000","longitude":"13.96011000","wikiDataId":"Q18288145"},{"id":136119,"name":"Bomba","stateId":1679,"stateCode":"65","stateName":"Abruzzo","countryId":107,"countryCode":"IT","countryName":"Italy","latitude":"42.03343000","longitude":"14.36656000","wikiDataId":"Q15124"},{"id":136189,"name":"Borgo Santa Maria Immacolata","stateId":1679,"stateCode":"65","stateName":"Abruzzo","countryId":107,"countryCode":"IT","countryName":"Italy","latitude":"42.61172000","longitude":"14.04553000","wikiDataId":"Q18427785"},{"id":136227,"name":"Borrello","stateId":1679,"stateCode":"65","stateName":"Abruzzo","countryId":107,"countryCode":"IT","countryName":"Italy","latitude":"41.91730000","longitude":"14.30535000","wikiDataId":"Q3642684"},{"id":136343,"name":"Brittoli","stateId":1679,"stateCode":"65","stateName":"Abruzzo","countryId":107,"countryCode":"IT","countryName":"Italy","latitude":"42.31518000","longitude":"13.86026000","wikiDataId":"Q18505077"},{"id":136385,"name":"Bucchianico","stateId":1679,"stateCode":"65","stateName":"Abruzzo","countryId":107,"countryCode":"IT","countryName":"Italy","latitude":"42.30368000","longitude":"14.18377000","wikiDataId":"Q18438069"},{"id":136397,"name":"Bugnara","stateId":1679,"stateCode":"65","stateName":"Abruzzo","countryId":107,"countryCode":"IT","countryName":"Italy","latitude":"42.02383000","longitude":"13.86141000","wikiDataId":"Q18472764"},{"id":136430,"name":"Bussi sul Tirino","stateId":1679,"stateCode":"65","stateName":"Abruzzo","countryId":107,"countryCode":"IT","countryName":"Italy","latitude":"42.21321000","longitude":"13.82511000","wikiDataId":"Q12360475"},{"id":136470,"name":"Cagnano Amiterno","stateId":1679,"stateCode":"65","stateName":"Abruzzo","countryId":107,"countryCode":"IT","countryName":"Italy","latitude":"42.45744000","longitude":"13.22789000","wikiDataId":"Q3649521"},{"id":136494,"name":"Calascio","stateId":1679,"stateCode":"65","stateName":"Abruzzo","countryId":107,"countryCode":"IT","countryName":"Italy","latitude":"42.32595000","longitude":"13.69699000","wikiDataId":"Q18426488"},{"id":136625,"name":"Campli","stateId":1679,"stateCode":"65","stateName":"Abruzzo","countryId":107,"countryCode":"IT","countryName":"Italy","latitude":"42.72679000","longitude":"13.68692000","wikiDataId":"Q18490086"},{"id":136635,"name":"Campo di Giove","stateId":1679,"stateCode":"65","stateName":"Abruzzo","countryId":107,"countryCode":"IT","countryName":"Italy","latitude":"42.01013000","longitude":"14.03941000","wikiDataId":"Q18453665"},{"id":136683,"name":"Campotosto","stateId":1679,"stateCode":"65","stateName":"Abruzzo","countryId":107,"countryCode":"IT","countryName":"Italy","latitude":"42.55884000","longitude":"13.36799000","wikiDataId":"Q37672"},{"id":136716,"name":"Canistro Inferiore","stateId":1679,"stateCode":"65","stateName":"Abruzzo","countryId":107,"countryCode":"IT","countryName":"Italy","latitude":"41.94101000","longitude":"13.41194000","wikiDataId":"Q18426515"},{"id":136731,"name":"Canosa Sannita","stateId":1679,"stateCode":"65","stateName":"Abruzzo","countryId":107,"countryCode":"IT","countryName":"Italy","latitude":"42.29629000","longitude":"14.30514000","wikiDataId":"Q3655514"},{"id":136736,"name":"Cansano","stateId":1679,"stateCode":"65","stateName":"Abruzzo","countryId":107,"countryCode":"IT","countryName":"Italy","latitude":"42.00350000","longitude":"14.01341000","wikiDataId":"Q18506036"},{"id":136752,"name":"Canzano","stateId":1679,"stateCode":"65","stateName":"Abruzzo","countryId":107,"countryCode":"IT","countryName":"Italy","latitude":"42.64564000","longitude":"13.80410000","wikiDataId":"Q18429629"},{"id":136765,"name":"Capestrano","stateId":1679,"stateCode":"65","stateName":"Abruzzo","countryId":107,"countryCode":"IT","countryName":"Italy","latitude":"42.26807000","longitude":"13.76779000","wikiDataId":"Q3677266"},{"id":136771,"name":"Capistrello","stateId":1679,"stateCode":"65","stateName":"Abruzzo","countryId":107,"countryCode":"IT","countryName":"Italy","latitude":"41.97223000","longitude":"13.39616000","wikiDataId":"Q18447263"},{"id":136774,"name":"Capitignano","stateId":1679,"stateCode":"65","stateName":"Abruzzo","countryId":107,"countryCode":"IT","countryName":"Italy","latitude":"42.52041000","longitude":"13.30122000","wikiDataId":"Q18504209"},{"id":136786,"name":"Caporciano","stateId":1679,"stateCode":"65","stateName":"Abruzzo","countryId":107,"countryCode":"IT","countryName":"Italy","latitude":"42.25001000","longitude":"13.67455000","wikiDataId":"Q18496863"},{"id":136790,"name":"Cappadocia","stateId":1679,"stateCode":"65","stateName":"Abruzzo","countryId":107,"countryCode":"IT","countryName":"Italy","latitude":"42.00755000","longitude":"13.27806000","wikiDataId":"Q18426527"},{"id":136794,"name":"Cappelle sul Tavo","stateId":1679,"stateCode":"65","stateName":"Abruzzo","countryId":107,"countryCode":"IT","countryName":"Italy","latitude":"42.47709000","longitude":"14.10735000","wikiDataId":"Q18426527"},{"id":136831,"name":"Caramanico Terme","stateId":1679,"stateCode":"65","stateName":"Abruzzo","countryId":107,"countryCode":"IT","countryName":"Italy","latitude":"42.15593000","longitude":"14.00480000","wikiDataId":"Q18509327"},{"id":136835,"name":"Carapelle Calvisio","stateId":1679,"stateCode":"65","stateName":"Abruzzo","countryId":107,"countryCode":"IT","countryName":"Italy","latitude":"42.29908000","longitude":"13.68643000","wikiDataId":"Q583609"},{"id":136920,"name":"Carpineto della Nora","stateId":1679,"stateCode":"65","stateName":"Abruzzo","countryId":107,"countryCode":"IT","countryName":"Italy","latitude":"42.33365000","longitude":"13.86062000","wikiDataId":"Q3660665"},{"id":136919,"name":"Carpineto Sinello","stateId":1679,"stateCode":"65","stateName":"Abruzzo","countryId":107,"countryCode":"IT","countryName":"Italy","latitude":"42.01044000","longitude":"14.50418000","wikiDataId":"Q3660665"},{"id":136936,"name":"Carsoli","stateId":1679,"stateCode":"65","stateName":"Abruzzo","countryId":107,"countryCode":"IT","countryName":"Italy","latitude":"42.09882000","longitude":"13.08856000","wikiDataId":"Q18461230"},{"id":136945,"name":"Carunchio","stateId":1679,"stateCode":"65","stateName":"Abruzzo","countryId":107,"countryCode":"IT","countryName":"Italy","latitude":"41.91761000","longitude":"14.52683000","wikiDataId":"Q18452794"},{"id":136954,"name":"Casacanditella","stateId":1679,"stateCode":"65","stateName":"Abruzzo","countryId":107,"countryCode":"IT","countryName":"Italy","latitude":"42.24643000","longitude":"14.20040000","wikiDataId":"Q18492356"},{"id":136961,"name":"Casalanguida","stateId":1679,"stateCode":"65","stateName":"Abruzzo","countryId":107,"countryCode":"IT","countryName":"Italy","latitude":"42.03752000","longitude":"14.49613000","wikiDataId":"Q3661381"},{"id":136965,"name":"Casalbordino-Miracoli","stateId":1679,"stateCode":"65","stateName":"Abruzzo","countryId":107,"countryCode":"IT","countryName":"Italy","latitude":"42.15354000","longitude":"14.59912000","wikiDataId":"Q18423990"},{"id":136995,"name":"Casalincontrada","stateId":1679,"stateCode":"65","stateName":"Abruzzo","countryId":107,"countryCode":"IT","countryName":"Italy","latitude":"42.29744000","longitude":"14.13511000","wikiDataId":"Q18437266"},{"id":137083,"name":"Casoli","stateId":1679,"stateCode":"65","stateName":"Abruzzo","countryId":107,"countryCode":"IT","countryName":"Italy","latitude":"42.61723000","longitude":"13.97910000","wikiDataId":"Q18427985"},{"id":137133,"name":"Castel Castagna","stateId":1679,"stateCode":"65","stateName":"Abruzzo","countryId":107,"countryCode":"IT","countryName":"Italy","latitude":"42.54294000","longitude":"13.71640000","wikiDataId":"Q2580352"},{"id":137165,"name":"Castel del Monte","stateId":1679,"stateCode":"65","stateName":"Abruzzo","countryId":107,"countryCode":"IT","countryName":"Italy","latitude":"42.36544000","longitude":"13.72592000","wikiDataId":"Q18454463"},{"id":137169,"name":"Castel di Ieri","stateId":1679,"stateCode":"65","stateName":"Abruzzo","countryId":107,"countryCode":"IT","countryName":"Italy","latitude":"42.11353000","longitude":"13.74200000","wikiDataId":"Q18454463"},{"id":137173,"name":"Castel di Sangro","stateId":1679,"stateCode":"65","stateName":"Abruzzo","countryId":107,"countryCode":"IT","countryName":"Italy","latitude":"41.78392000","longitude":"14.10653000","wikiDataId":"Q18461236"},{"id":137136,"name":"Castel Frentano","stateId":1679,"stateCode":"65","stateName":"Abruzzo","countryId":107,"countryCode":"IT","countryName":"Italy","latitude":"42.19875000","longitude":"14.35643000","wikiDataId":"Q18454463"},{"id":137205,"name":"Castelguidone","stateId":1679,"stateCode":"65","stateName":"Abruzzo","countryId":107,"countryCode":"IT","countryName":"Italy","latitude":"41.82258000","longitude":"14.52286000","wikiDataId":"Q52072"},{"id":137210,"name":"Castellafiume","stateId":1679,"stateCode":"65","stateName":"Abruzzo","countryId":107,"countryCode":"IT","countryName":"Italy","latitude":"41.98913000","longitude":"13.33440000","wikiDataId":"Q18426594"},{"id":137211,"name":"Castellalto","stateId":1679,"stateCode":"65","stateName":"Abruzzo","countryId":107,"countryCode":"IT","countryName":"Italy","latitude":"42.67705000","longitude":"13.82101000","wikiDataId":"Q18426594"},{"id":137242,"name":"Castelli","stateId":1679,"stateCode":"65","stateName":"Abruzzo","countryId":107,"countryCode":"IT","countryName":"Italy","latitude":"42.48476000","longitude":"13.71201000","wikiDataId":"Q18492603"},{"id":137295,"name":"Castelnuovo Vomano","stateId":1679,"stateCode":"65","stateName":"Abruzzo","countryId":107,"countryCode":"IT","countryName":"Italy","latitude":"42.62933000","longitude":"13.85003000","wikiDataId":"Q18428008"},{"id":137321,"name":"Castelvecchio Calvisio","stateId":1679,"stateCode":"65","stateName":"Abruzzo","countryId":107,"countryCode":"IT","countryName":"Italy","latitude":"42.31134000","longitude":"13.68720000","wikiDataId":"Q2163325"},{"id":137322,"name":"Castelvecchio Subequo","stateId":1679,"stateCode":"65","stateName":"Abruzzo","countryId":107,"countryCode":"IT","countryName":"Italy","latitude":"42.12881000","longitude":"13.72868000","wikiDataId":"Q2163325"},{"id":137347,"name":"Castiglione a Casauria","stateId":1679,"stateCode":"65","stateName":"Abruzzo","countryId":107,"countryCode":"IT","countryName":"Italy","latitude":"42.23601000","longitude":"13.89832000","wikiDataId":"Q18457021"},{"id":137342,"name":"Castiglione Messer Marino","stateId":1679,"stateCode":"65","stateName":"Abruzzo","countryId":107,"countryCode":"IT","countryName":"Italy","latitude":"41.86833000","longitude":"14.44996000","wikiDataId":"Q18457021"},{"id":137343,"name":"Castiglione Messer Raimondo","stateId":1679,"stateCode":"65","stateName":"Abruzzo","countryId":107,"countryCode":"IT","countryName":"Italy","latitude":"42.53194000","longitude":"13.87953000","wikiDataId":"Q18457021"},{"id":137360,"name":"Castilenti","stateId":1679,"stateCode":"65","stateName":"Abruzzo","countryId":107,"countryCode":"IT","countryName":"Italy","latitude":"42.53334000","longitude":"13.91710000","wikiDataId":"Q18457021"},{"id":137395,"name":"Catignano","stateId":1679,"stateCode":"65","stateName":"Abruzzo","countryId":107,"countryCode":"IT","countryName":"Italy","latitude":"42.34697000","longitude":"13.95190000","wikiDataId":"Q18490788"},{"id":137462,"name":"Celano","stateId":1679,"stateCode":"65","stateName":"Abruzzo","countryId":107,"countryCode":"IT","countryName":"Italy","latitude":"42.08077000","longitude":"13.51700000","wikiDataId":"Q18473176"},{"id":137465,"name":"Celenza sul Trigno","stateId":1679,"stateCode":"65","stateName":"Abruzzo","countryId":107,"countryCode":"IT","countryName":"Italy","latitude":"41.87198000","longitude":"14.57893000","wikiDataId":"Q18496305"},{"id":137479,"name":"Cellino Attanasio","stateId":1679,"stateCode":"65","stateName":"Abruzzo","countryId":107,"countryCode":"IT","countryName":"Italy","latitude":"42.58574000","longitude":"13.86050000","wikiDataId":"Q18496305"},{"id":137505,"name":"Cepagatti","stateId":1679,"stateCode":"65","stateName":"Abruzzo","countryId":107,"countryCode":"IT","countryName":"Italy","latitude":"42.36506000","longitude":"14.07424000","wikiDataId":"Q18437307"},{"id":137525,"name":"Cerchio","stateId":1679,"stateCode":"65","stateName":"Abruzzo","countryId":107,"countryCode":"IT","countryName":"Italy","latitude":"42.06357000","longitude":"13.60006000","wikiDataId":"Q18492542"},{"id":137555,"name":"Cermignano","stateId":1679,"stateCode":"65","stateName":"Abruzzo","countryId":107,"countryCode":"IT","countryName":"Italy","latitude":"42.59131000","longitude":"13.79540000","wikiDataId":"Q3665121"},{"id":137560,"name":"Cerratina","stateId":1679,"stateCode":"65","stateName":"Abruzzo","countryId":107,"countryCode":"IT","countryName":"Italy","latitude":"42.39007000","longitude":"14.10338000","wikiDataId":"Q18427252"},{"id":137672,"name":"Chieti","stateId":1679,"stateCode":"65","stateName":"Abruzzo","countryId":107,"countryCode":"IT","countryName":"Italy","latitude":"42.34827000","longitude":"14.16494000","wikiDataId":"Q18490144"},{"id":137772,"name":"Città Sant'Angelo","stateId":1679,"stateCode":"65","stateName":"Abruzzo","countryId":107,"countryCode":"IT","countryName":"Italy","latitude":"42.51254000","longitude":"14.06203000","wikiDataId":"Q590156"},{"id":137787,"name":"Civita d'Antino","stateId":1679,"stateCode":"65","stateName":"Abruzzo","countryId":107,"countryCode":"IT","countryName":"Italy","latitude":"41.88629000","longitude":"13.47215000","wikiDataId":"Q3678754"},{"id":137789,"name":"Civitaluparella","stateId":1679,"stateCode":"65","stateName":"Abruzzo","countryId":107,"countryCode":"IT","countryName":"Italy","latitude":"41.94490000","longitude":"14.30135000","wikiDataId":"Q3678754"},{"id":137793,"name":"Civitaquana","stateId":1679,"stateCode":"65","stateName":"Abruzzo","countryId":107,"countryCode":"IT","countryName":"Italy","latitude":"42.32578000","longitude":"13.90012000","wikiDataId":"Q18497192"},{"id":137795,"name":"Civitella Alfedena","stateId":1679,"stateCode":"65","stateName":"Abruzzo","countryId":107,"countryCode":"IT","countryName":"Italy","latitude":"41.76533000","longitude":"13.94271000","wikiDataId":"Q18497192"},{"id":137796,"name":"Civitella Casanova","stateId":1679,"stateCode":"65","stateName":"Abruzzo","countryId":107,"countryCode":"IT","countryName":"Italy","latitude":"42.36391000","longitude":"13.88514000","wikiDataId":"Q18497192"},{"id":137802,"name":"Civitella del Tronto","stateId":1679,"stateCode":"65","stateName":"Abruzzo","countryId":107,"countryCode":"IT","countryName":"Italy","latitude":"42.77298000","longitude":"13.67626000","wikiDataId":"Q2333099"},{"id":137798,"name":"Civitella Messer Raimondo","stateId":1679,"stateCode":"65","stateName":"Abruzzo","countryId":107,"countryCode":"IT","countryName":"Italy","latitude":"42.08893000","longitude":"14.21701000","wikiDataId":"Q2333099"},{"id":137799,"name":"Civitella Roveto","stateId":1679,"stateCode":"65","stateName":"Abruzzo","countryId":107,"countryCode":"IT","countryName":"Italy","latitude":"41.91329000","longitude":"13.42396000","wikiDataId":"Q2333099"},{"id":137826,"name":"Cocullo","stateId":1679,"stateCode":"65","stateName":"Abruzzo","countryId":107,"countryCode":"IT","countryName":"Italy","latitude":"42.03283000","longitude":"13.77500000","wikiDataId":"Q18495104"},{"id":137857,"name":"Collarmele","stateId":1679,"stateCode":"65","stateName":"Abruzzo","countryId":107,"countryCode":"IT","countryName":"Italy","latitude":"42.06031000","longitude":"13.62670000","wikiDataId":"Q987465"},{"id":137876,"name":"Collecorvino","stateId":1679,"stateCode":"65","stateName":"Abruzzo","countryId":107,"countryCode":"IT","countryName":"Italy","latitude":"42.46024000","longitude":"14.01564000","wikiDataId":"Q18454524"},{"id":137877,"name":"Colledara","stateId":1679,"stateCode":"65","stateName":"Abruzzo","countryId":107,"countryCode":"IT","countryName":"Italy","latitude":"42.53918000","longitude":"13.67556000","wikiDataId":"Q18454524"},{"id":137878,"name":"Colledimacine","stateId":1679,"stateCode":"65","stateName":"Abruzzo","countryId":107,"countryCode":"IT","countryName":"Italy","latitude":"42.00370000","longitude":"14.20079000","wikiDataId":"Q18454524"},{"id":137879,"name":"Colledimezzo","stateId":1679,"stateCode":"65","stateName":"Abruzzo","countryId":107,"countryCode":"IT","countryName":"Italy","latitude":"41.98606000","longitude":"14.38690000","wikiDataId":"Q18454524"},{"id":137884,"name":"Collelongo","stateId":1679,"stateCode":"65","stateName":"Abruzzo","countryId":107,"countryCode":"IT","countryName":"Italy","latitude":"41.88659000","longitude":"13.58380000","wikiDataId":"Q18452957"},{"id":137889,"name":"Collepietro","stateId":1679,"stateCode":"65","stateName":"Abruzzo","countryId":107,"countryCode":"IT","countryName":"Italy","latitude":"42.22089000","longitude":"13.78101000","wikiDataId":"Q1951859"},{"id":137890,"name":"Colleranesco","stateId":1679,"stateCode":"65","stateName":"Abruzzo","countryId":107,"countryCode":"IT","countryName":"Italy","latitude":"42.72112000","longitude":"13.93732000","wikiDataId":"Q16542958"},{"id":137911,"name":"Cologna Spiaggia","stateId":1679,"stateCode":"65","stateName":"Abruzzo","countryId":107,"countryCode":"IT","countryName":"Italy","latitude":"42.72152000","longitude":"13.98311000","wikiDataId":"Q18428153"},{"id":137923,"name":"Colonnella","stateId":1679,"stateCode":"65","stateName":"Abruzzo","countryId":107,"countryCode":"IT","countryName":"Italy","latitude":"42.87230000","longitude":"13.86987000","wikiDataId":"Q18460606"},{"id":137941,"name":"Cominio","stateId":1679,"stateCode":"65","stateName":"Abruzzo","countryId":107,"countryCode":"IT","countryName":"Italy","latitude":"42.31248000","longitude":"13.43250000","wikiDataId":"Q18426684"},{"id":137980,"name":"Controguerra","stateId":1679,"stateCode":"65","stateName":"Abruzzo","countryId":107,"countryCode":"IT","countryName":"Italy","latitude":"42.85398000","longitude":"13.81775000","wikiDataId":"Q818317"},{"id":137989,"name":"Coppito","stateId":1679,"stateCode":"65","stateName":"Abruzzo","countryId":107,"countryCode":"IT","countryName":"Italy","latitude":"42.36730000","longitude":"13.34358000","wikiDataId":"Q18426700"},{"id":138008,"name":"Corfinio","stateId":1679,"stateCode":"65","stateName":"Abruzzo","countryId":107,"countryCode":"IT","countryName":"Italy","latitude":"42.12149000","longitude":"13.83940000","wikiDataId":"Q269797"},{"id":138044,"name":"Corropoli","stateId":1679,"stateCode":"65","stateName":"Abruzzo","countryId":107,"countryCode":"IT","countryName":"Italy","latitude":"42.82720000","longitude":"13.83471000","wikiDataId":"Q18447769"},{"id":138069,"name":"Cortino","stateId":1679,"stateCode":"65","stateName":"Abruzzo","countryId":107,"countryCode":"IT","countryName":"Italy","latitude":"42.62186000","longitude":"13.50774000","wikiDataId":"Q18488299"},{"id":138072,"name":"Corvara","stateId":1679,"stateCode":"65","stateName":"Abruzzo","countryId":107,"countryCode":"IT","countryName":"Italy","latitude":"42.27511000","longitude":"13.87363000","wikiDataId":"Q3694855"},{"id":138129,"name":"Crecchio","stateId":1679,"stateCode":"65","stateName":"Abruzzo","countryId":107,"countryCode":"IT","countryName":"Italy","latitude":"42.29778000","longitude":"14.32656000","wikiDataId":"Q18439141"},{"id":138163,"name":"Crognaleto","stateId":1679,"stateCode":"65","stateName":"Abruzzo","countryId":107,"countryCode":"IT","countryName":"Italy","latitude":"42.58771000","longitude":"13.48890000","wikiDataId":"Q18501653"},{"id":138186,"name":"Cugnoli","stateId":1679,"stateCode":"65","stateName":"Abruzzo","countryId":107,"countryCode":"IT","countryName":"Italy","latitude":"42.30692000","longitude":"13.93490000","wikiDataId":"Q18498367"},{"id":138195,"name":"Cupello","stateId":1679,"stateCode":"65","stateName":"Abruzzo","countryId":107,"countryCode":"IT","countryName":"Italy","latitude":"42.06936000","longitude":"14.67054000","wikiDataId":"Q30025326"},{"id":138277,"name":"Dogliola","stateId":1679,"stateCode":"65","stateName":"Abruzzo","countryId":107,"countryCode":"IT","countryName":"Italy","latitude":"41.94238000","longitude":"14.63507000","wikiDataId":"Q5287934"},{"id":138351,"name":"Elice","stateId":1679,"stateCode":"65","stateName":"Abruzzo","countryId":107,"countryCode":"IT","countryName":"Italy","latitude":"42.52279000","longitude":"13.97071000","wikiDataId":"Q18503084"},{"id":138422,"name":"Fallo","stateId":1679,"stateCode":"65","stateName":"Abruzzo","countryId":107,"countryCode":"IT","countryName":"Italy","latitude":"41.93833000","longitude":"14.32362000","wikiDataId":"Q18429300"},{"id":138434,"name":"Fano Adriano","stateId":1679,"stateCode":"65","stateName":"Abruzzo","countryId":107,"countryCode":"IT","countryName":"Italy","latitude":"42.55230000","longitude":"13.53764000","wikiDataId":"Q18504625"},{"id":138437,"name":"Fara Filiorum Petri","stateId":1679,"stateCode":"65","stateName":"Abruzzo","countryId":107,"countryCode":"IT","countryName":"Italy","latitude":"42.24152000","longitude":"14.18026000","wikiDataId":"Q2244110"},{"id":138441,"name":"Fara San Martino","stateId":1679,"stateCode":"65","stateName":"Abruzzo","countryId":107,"countryCode":"IT","countryName":"Italy","latitude":"42.09248000","longitude":"14.20896000","wikiDataId":"Q2244110"},{"id":138447,"name":"Farindola","stateId":1679,"stateCode":"65","stateName":"Abruzzo","countryId":107,"countryCode":"IT","countryName":"Italy","latitude":"42.44292000","longitude":"13.82137000","wikiDataId":"Q18437384"},{"id":138527,"name":"Filetto","stateId":1679,"stateCode":"65","stateName":"Abruzzo","countryId":107,"countryCode":"IT","countryName":"Italy","latitude":"42.22931000","longitude":"14.24501000","wikiDataId":"Q18487562"},{"id":138607,"name":"Fonte Umano-San Martino Alta","stateId":1679,"stateCode":"65","stateName":"Abruzzo","countryId":107,"countryCode":"IT","countryName":"Italy","latitude":"42.52084000","longitude":"14.10760000","wikiDataId":"Q18427354"},{"id":138609,"name":"Fontecchio","stateId":1679,"stateCode":"65","stateName":"Abruzzo","countryId":107,"countryCode":"IT","countryName":"Italy","latitude":"42.23027000","longitude":"13.60613000","wikiDataId":"Q3747504"},{"id":138667,"name":"Fossa","stateId":1679,"stateCode":"65","stateName":"Abruzzo","countryId":107,"countryCode":"IT","countryName":"Italy","latitude":"42.29273000","longitude":"13.48779000","wikiDataId":"Q3748429"},{"id":138669,"name":"Fossacesia","stateId":1679,"stateCode":"65","stateName":"Abruzzo","countryId":107,"countryCode":"IT","countryName":"Italy","latitude":"42.24198000","longitude":"14.48339000","wikiDataId":"Q18440989"},{"id":138690,"name":"Fraine","stateId":1679,"stateCode":"65","stateName":"Abruzzo","countryId":107,"countryCode":"IT","countryName":"Italy","latitude":"41.90624000","longitude":"14.48788000","wikiDataId":"Q321506"},{"id":138696,"name":"Francavilla al Mare","stateId":1679,"stateCode":"65","stateName":"Abruzzo","countryId":107,"countryCode":"IT","countryName":"Italy","latitude":"42.42158000","longitude":"14.28217000","wikiDataId":"Q321506"},{"id":138730,"name":"Fresagrandinaria","stateId":1679,"stateCode":"65","stateName":"Abruzzo","countryId":107,"countryCode":"IT","countryName":"Italy","latitude":"41.97900000","longitude":"14.66211000","wikiDataId":"Q1918325"},{"id":138736,"name":"Frisa","stateId":1679,"stateCode":"65","stateName":"Abruzzo","countryId":107,"countryCode":"IT","countryName":"Italy","latitude":"42.26572000","longitude":"14.37625000","wikiDataId":"Q776285"},{"id":138755,"name":"Furci","stateId":1679,"stateCode":"65","stateName":"Abruzzo","countryId":107,"countryCode":"IT","countryName":"Italy","latitude":"42.00746000","longitude":"14.58802000","wikiDataId":"Q3754734"},{"id":138781,"name":"Gagliano Aterno","stateId":1679,"stateCode":"65","stateName":"Abruzzo","countryId":107,"countryCode":"IT","countryName":"Italy","latitude":"42.12598000","longitude":"13.70023000","wikiDataId":"Q18441004"},{"id":138832,"name":"Gamberale","stateId":1679,"stateCode":"65","stateName":"Abruzzo","countryId":107,"countryCode":"IT","countryName":"Italy","latitude":"41.90529000","longitude":"14.20845000","wikiDataId":"Q2161598"},{"id":138926,"name":"Gessopalena","stateId":1679,"stateCode":"65","stateName":"Abruzzo","countryId":107,"countryCode":"IT","countryName":"Italy","latitude":"42.05521000","longitude":"14.27367000","wikiDataId":"Q101135"},{"id":138970,"name":"Gioia dei Marsi","stateId":1679,"stateCode":"65","stateName":"Abruzzo","countryId":107,"countryCode":"IT","countryName":"Italy","latitude":"41.95697000","longitude":"13.69057000","wikiDataId":"Q18486951"},{"id":138985,"name":"Gissi","stateId":1679,"stateCode":"65","stateName":"Abruzzo","countryId":107,"countryCode":"IT","countryName":"Italy","latitude":"42.01803000","longitude":"14.54484000","wikiDataId":"Q47391"},{"id":138991,"name":"Giuliano Teatino","stateId":1679,"stateCode":"65","stateName":"Abruzzo","countryId":107,"countryCode":"IT","countryName":"Italy","latitude":"42.31220000","longitude":"14.28082000","wikiDataId":"Q18453758"},{"id":138993,"name":"Giulianova","stateId":1679,"stateCode":"65","stateName":"Abruzzo","countryId":107,"countryCode":"IT","countryName":"Italy","latitude":"42.75381000","longitude":"13.96650000","wikiDataId":"Q18453758"},{"id":139031,"name":"Goriano Sicoli","stateId":1679,"stateCode":"65","stateName":"Abruzzo","countryId":107,"countryCode":"IT","countryName":"Italy","latitude":"42.08011000","longitude":"13.77459000","wikiDataId":"Q18501820"},{"id":139163,"name":"Guardiagrele","stateId":1679,"stateCode":"65","stateName":"Abruzzo","countryId":107,"countryCode":"IT","countryName":"Italy","latitude":"42.19406000","longitude":"14.21939000","wikiDataId":"Q18429326"},{"id":139181,"name":"Guilmi","stateId":1679,"stateCode":"65","stateName":"Abruzzo","countryId":107,"countryCode":"IT","countryName":"Italy","latitude":"41.99653000","longitude":"14.47882000","wikiDataId":"Q18454681"},{"id":139201,"name":"Imposte","stateId":1679,"stateCode":"65","stateName":"Abruzzo","countryId":107,"countryCode":"IT","countryName":"Italy","latitude":"42.68634000","longitude":"13.52829000","wikiDataId":"Q18428278"},{"id":139212,"name":"Introdacqua","stateId":1679,"stateCode":"65","stateName":"Abruzzo","countryId":107,"countryCode":"IT","countryName":"Italy","latitude":"42.00968000","longitude":"13.89779000","wikiDataId":"Q18428278"},{"id":139245,"name":"Isola del Gran Sasso d'Italia","stateId":1679,"stateCode":"65","stateName":"Abruzzo","countryId":107,"countryCode":"IT","countryName":"Italy","latitude":"42.50324000","longitude":"13.65721000","wikiDataId":"Q16566532"},{"id":139285,"name":"L'Aquila","stateId":1679,"stateCode":"65","stateName":"Abruzzo","countryId":107,"countryCode":"IT","countryName":"Italy","latitude":"42.35055000","longitude":"13.39954000","wikiDataId":"Q18472368"},{"id":139341,"name":"Lama dei Peligni","stateId":1679,"stateCode":"65","stateName":"Abruzzo","countryId":107,"countryCode":"IT","countryName":"Italy","latitude":"42.04214000","longitude":"14.18678000","wikiDataId":"Q18499871"},{"id":139354,"name":"Lanciano","stateId":1679,"stateCode":"65","stateName":"Abruzzo","countryId":107,"countryCode":"IT","countryName":"Italy","latitude":"42.22718000","longitude":"14.39024000","wikiDataId":"Q902660"},{"id":139431,"name":"Lecce Nei Marsi","stateId":1679,"stateCode":"65","stateName":"Abruzzo","countryId":107,"countryCode":"IT","countryName":"Italy","latitude":"41.93436000","longitude":"13.68430000","wikiDataId":"Q3828415"},{"id":139451,"name":"Lentella","stateId":1679,"stateCode":"65","stateName":"Abruzzo","countryId":107,"countryCode":"IT","countryName":"Italy","latitude":"41.99576000","longitude":"14.67692000","wikiDataId":"Q47633"},{"id":139479,"name":"Lettomanoppello","stateId":1679,"stateCode":"65","stateName":"Abruzzo","countryId":107,"countryCode":"IT","countryName":"Italy","latitude":"42.24336000","longitude":"14.03843000","wikiDataId":"Q3830940"},{"id":139480,"name":"Lettopalena","stateId":1679,"stateCode":"65","stateName":"Abruzzo","countryId":107,"countryCode":"IT","countryName":"Italy","latitude":"42.00251000","longitude":"14.15652000","wikiDataId":"Q3830940"},{"id":139538,"name":"Liscia","stateId":1679,"stateCode":"65","stateName":"Abruzzo","countryId":107,"countryCode":"IT","countryName":"Italy","latitude":"41.95524000","longitude":"14.55532000","wikiDataId":"Q3833372"},{"id":139610,"name":"Loreto Aprutino","stateId":1679,"stateCode":"65","stateName":"Abruzzo","countryId":107,"countryCode":"IT","countryName":"Italy","latitude":"42.43104000","longitude":"13.98057000","wikiDataId":"Q18498276"},{"id":139638,"name":"Luco dei Marsi","stateId":1679,"stateCode":"65","stateName":"Abruzzo","countryId":107,"countryCode":"IT","countryName":"Italy","latitude":"41.95925000","longitude":"13.47349000","wikiDataId":"Q18426793"},{"id":139639,"name":"Lucoli","stateId":1679,"stateCode":"65","stateName":"Abruzzo","countryId":107,"countryCode":"IT","countryName":"Italy","latitude":"42.29093000","longitude":"13.33799000","wikiDataId":"Q18426793"},{"id":139725,"name":"Magliano De'Marsi","stateId":1679,"stateCode":"65","stateName":"Abruzzo","countryId":107,"countryCode":"IT","countryName":"Italy","latitude":"42.09153000","longitude":"13.36379000","wikiDataId":"Q3068279"},{"id":139802,"name":"Manoppello","stateId":1679,"stateCode":"65","stateName":"Abruzzo","countryId":107,"countryCode":"IT","countryName":"Italy","latitude":"42.25918000","longitude":"14.06024000","wikiDataId":"Q18458058"},{"id":139803,"name":"Manoppello Scalo","stateId":1679,"stateCode":"65","stateName":"Abruzzo","countryId":107,"countryCode":"IT","countryName":"Italy","latitude":"42.30762000","longitude":"14.05363000","wikiDataId":"Q1977592"},{"id":139895,"name":"Marina di San Vito","stateId":1679,"stateCode":"65","stateName":"Abruzzo","countryId":107,"countryCode":"IT","countryName":"Italy","latitude":"42.30514000","longitude":"14.44844000","wikiDataId":"Q18424918"},{"id":139897,"name":"Marina di Vasto","stateId":1679,"stateCode":"65","stateName":"Abruzzo","countryId":107,"countryCode":"IT","countryName":"Italy","latitude":"42.09373000","longitude":"14.72683000","wikiDataId":"Q18424921"},{"id":139936,"name":"Martinsicuro","stateId":1679,"stateCode":"65","stateName":"Abruzzo","countryId":107,"countryCode":"IT","countryName":"Italy","latitude":"42.88031000","longitude":"13.91326000","wikiDataId":"Q18490349"},{"id":139975,"name":"Massa d'Albe-Corona","stateId":1679,"stateCode":"65","stateName":"Abruzzo","countryId":107,"countryCode":"IT","countryName":"Italy","latitude":"42.10723000","longitude":"13.39429000","wikiDataId":"Q95114"},{"id":140132,"name":"Miglianico","stateId":1679,"stateCode":"65","stateName":"Abruzzo","countryId":107,"countryCode":"IT","countryName":"Italy","latitude":"42.35773000","longitude":"14.29179000","wikiDataId":"Q1058685"},{"id":140214,"name":"Molina Aterno","stateId":1679,"stateCode":"65","stateName":"Abruzzo","countryId":107,"countryCode":"IT","countryName":"Italy","latitude":"42.14903000","longitude":"13.73540000","wikiDataId":"Q18453817"},{"id":140350,"name":"Montazzoli","stateId":1679,"stateCode":"65","stateName":"Abruzzo","countryId":107,"countryCode":"IT","countryName":"Italy","latitude":"41.94887000","longitude":"14.43069000","wikiDataId":"Q18501871"},{"id":140389,"name":"Montebello di Bertona","stateId":1679,"stateCode":"65","stateName":"Abruzzo","countryId":107,"countryCode":"IT","countryName":"Italy","latitude":"42.41686000","longitude":"13.87119000","wikiDataId":"Q18453228"},{"id":140390,"name":"Montebello sul Sangro","stateId":1679,"stateCode":"65","stateName":"Abruzzo","countryId":107,"countryCode":"IT","countryName":"Italy","latitude":"41.98663000","longitude":"14.32402000","wikiDataId":"Q18453228"},{"id":140436,"name":"Monteferrante","stateId":1679,"stateCode":"65","stateName":"Abruzzo","countryId":107,"countryCode":"IT","countryName":"Italy","latitude":"41.95396000","longitude":"14.38856000","wikiDataId":"Q18436663"},{"id":140438,"name":"Montefino","stateId":1679,"stateCode":"65","stateName":"Abruzzo","countryId":107,"countryCode":"IT","countryName":"Italy","latitude":"42.54551000","longitude":"13.88479000","wikiDataId":"Q18436663"},{"id":140465,"name":"Montelapiano","stateId":1679,"stateCode":"65","stateName":"Abruzzo","countryId":107,"countryCode":"IT","countryName":"Italy","latitude":"41.96267000","longitude":"14.34212000","wikiDataId":"Q18494838"},{"id":140504,"name":"Montenerodomo","stateId":1679,"stateCode":"65","stateName":"Abruzzo","countryId":107,"countryCode":"IT","countryName":"Italy","latitude":"41.97682000","longitude":"14.25177000","wikiDataId":"Q18498395"},{"id":140505,"name":"Monteodorisio","stateId":1679,"stateCode":"65","stateName":"Abruzzo","countryId":107,"countryCode":"IT","countryName":"Italy","latitude":"42.08485000","longitude":"14.65386000","wikiDataId":"Q18498395"},{"id":140514,"name":"Montereale","stateId":1679,"stateCode":"65","stateName":"Abruzzo","countryId":107,"countryCode":"IT","countryName":"Italy","latitude":"42.52332000","longitude":"13.24585000","wikiDataId":"Q18426821"},{"id":140541,"name":"Montesilvano Marina","stateId":1679,"stateCode":"65","stateName":"Abruzzo","countryId":107,"countryCode":"IT","countryName":"Italy","latitude":"42.51140000","longitude":"14.14507000","wikiDataId":"Q30027947"},{"id":140557,"name":"Monticchio","stateId":1679,"stateCode":"65","stateName":"Abruzzo","countryId":107,"countryCode":"IT","countryName":"Italy","latitude":"42.32035000","longitude":"13.46382000","wikiDataId":"Q3862484"},{"id":140586,"name":"Montorio al Vomano","stateId":1679,"stateCode":"65","stateName":"Abruzzo","countryId":107,"countryCode":"IT","countryName":"Italy","latitude":"42.58123000","longitude":"13.63715000","wikiDataId":"Q6906139"},{"id":140620,"name":"Morino","stateId":1679,"stateCode":"65","stateName":"Abruzzo","countryId":107,"countryCode":"IT","countryName":"Italy","latitude":"41.86442000","longitude":"13.45700000","wikiDataId":"Q6906139"},{"id":140634,"name":"Morro d'Oro","stateId":1679,"stateCode":"65","stateName":"Abruzzo","countryId":107,"countryCode":"IT","countryName":"Italy","latitude":"42.66291000","longitude":"13.92129000","wikiDataId":"Q18493112"},{"id":140646,"name":"Mosciano Sant'Angelo","stateId":1679,"stateCode":"65","stateName":"Abruzzo","countryId":107,"countryCode":"IT","countryName":"Italy","latitude":"42.74700000","longitude":"13.88891000","wikiDataId":"Q18481264"},{"id":140647,"name":"Moscufo","stateId":1679,"stateCode":"65","stateName":"Abruzzo","countryId":107,"countryCode":"IT","countryName":"Italy","latitude":"42.42713000","longitude":"14.05434000","wikiDataId":"Q18481264"},{"id":140671,"name":"Mozzagrogna","stateId":1679,"stateCode":"65","stateName":"Abruzzo","countryId":107,"countryCode":"IT","countryName":"Italy","latitude":"42.21267000","longitude":"14.44258000","wikiDataId":"Q18490630"},{"id":140731,"name":"Navelli","stateId":1679,"stateCode":"65","stateName":"Abruzzo","countryId":107,"countryCode":"IT","countryName":"Italy","latitude":"42.23721000","longitude":"13.72961000","wikiDataId":"Q18487717"},{"id":140743,"name":"Nepezzano","stateId":1679,"stateCode":"65","stateName":"Abruzzo","countryId":107,"countryCode":"IT","countryName":"Italy","latitude":"42.68994000","longitude":"13.75650000","wikiDataId":"Q3874705"},{"id":140745,"name":"Nereto","stateId":1679,"stateCode":"65","stateName":"Abruzzo","countryId":107,"countryCode":"IT","countryName":"Italy","latitude":"42.81548000","longitude":"13.81989000","wikiDataId":"Q3874705"},{"id":140746,"name":"Nerito","stateId":1679,"stateCode":"65","stateName":"Abruzzo","countryId":107,"countryCode":"IT","countryName":"Italy","latitude":"42.54763000","longitude":"13.47759000","wikiDataId":"Q3874768"},{"id":140780,"name":"Nocciano","stateId":1679,"stateCode":"65","stateName":"Abruzzo","countryId":107,"countryCode":"IT","countryName":"Italy","latitude":"42.33366000","longitude":"13.98571000","wikiDataId":"Q18487721"},{"id":140811,"name":"Notaresco","stateId":1679,"stateCode":"65","stateName":"Abruzzo","countryId":107,"countryCode":"IT","countryName":"Italy","latitude":"42.65742000","longitude":"13.89491000","wikiDataId":"Q3878603"},{"id":140842,"name":"Nucleo Industriale di Bazzano","stateId":1679,"stateCode":"65","stateName":"Abruzzo","countryId":107,"countryCode":"IT","countryName":"Italy","latitude":"42.33623000","longitude":"13.46755000","wikiDataId":"Q18426835"},{"id":140874,"name":"Ofena","stateId":1679,"stateCode":"65","stateName":"Abruzzo","countryId":107,"countryCode":"IT","countryName":"Italy","latitude":"42.32536000","longitude":"13.75864000","wikiDataId":"Q18487724"},{"id":140932,"name":"Opi","stateId":1679,"stateCode":"65","stateName":"Abruzzo","countryId":107,"countryCode":"IT","countryName":"Italy","latitude":"41.77838000","longitude":"13.82932000","wikiDataId":"Q3882791"},{"id":140952,"name":"Oricola","stateId":1679,"stateCode":"65","stateName":"Abruzzo","countryId":107,"countryCode":"IT","countryName":"Italy","latitude":"42.04922000","longitude":"13.03939000","wikiDataId":"Q3885522"},{"id":140975,"name":"Orsogna","stateId":1679,"stateCode":"65","stateName":"Abruzzo","countryId":107,"countryCode":"IT","countryName":"Italy","latitude":"42.22344000","longitude":"14.28085000","wikiDataId":"Q18452368"},{"id":140987,"name":"Ortona","stateId":1679,"stateCode":"65","stateName":"Abruzzo","countryId":107,"countryCode":"IT","countryName":"Italy","latitude":"42.35087000","longitude":"14.40342000","wikiDataId":"Q3886214"},{"id":140988,"name":"Ortona dei Marsi","stateId":1679,"stateCode":"65","stateName":"Abruzzo","countryId":107,"countryCode":"IT","countryName":"Italy","latitude":"41.99820000","longitude":"13.72909000","wikiDataId":"Q3886214"},{"id":140990,"name":"Ortucchio","stateId":1679,"stateCode":"65","stateName":"Abruzzo","countryId":107,"countryCode":"IT","countryName":"Italy","latitude":"41.95525000","longitude":"13.64651000","wikiDataId":"Q3886214"},{"id":141058,"name":"Ovindoli","stateId":1679,"stateCode":"65","stateName":"Abruzzo","countryId":107,"countryCode":"IT","countryName":"Italy","latitude":"42.13765000","longitude":"13.51603000","wikiDataId":"Q3887155"},{"id":141070,"name":"Pacentro","stateId":1679,"stateCode":"65","stateName":"Abruzzo","countryId":107,"countryCode":"IT","countryName":"Italy","latitude":"42.05043000","longitude":"13.99151000","wikiDataId":"Q18442909"},{"id":141095,"name":"Paganica-Tempera","stateId":1679,"stateCode":"65","stateName":"Abruzzo","countryId":107,"countryCode":"IT","countryName":"Italy","latitude":"42.35715000","longitude":"13.47138000","wikiDataId":"Q2216664"},{"id":58205,"name":"Pagliare","stateId":1679,"stateCode":"65","stateName":"Abruzzo","countryId":107,"countryCode":"IT","countryName":"Italy","latitude":"42.64372000","longitude":"13.95171000","wikiDataId":"Q18428397"},{"id":58209,"name":"Paglieta","stateId":1679,"stateCode":"65","stateName":"Abruzzo","countryId":107,"countryCode":"IT","countryName":"Italy","latitude":"42.16139000","longitude":"14.50306000","wikiDataId":"Q18437567"},{"id":58238,"name":"Palena","stateId":1679,"stateCode":"65","stateName":"Abruzzo","countryId":107,"countryCode":"IT","countryName":"Italy","latitude":"41.98353000","longitude":"14.13696000","wikiDataId":"Q18461454"},{"id":58260,"name":"Palmoli","stateId":1679,"stateCode":"65","stateName":"Abruzzo","countryId":107,"countryCode":"IT","countryName":"Italy","latitude":"41.93944000","longitude":"14.58142000","wikiDataId":"Q18489720"},{"id":58264,"name":"Palombaro","stateId":1679,"stateCode":"65","stateName":"Abruzzo","countryId":107,"countryCode":"IT","countryName":"Italy","latitude":"42.12323000","longitude":"14.22989000","wikiDataId":"Q3155454"},{"id":58403,"name":"Penna Sant'Andrea","stateId":1679,"stateCode":"65","stateName":"Abruzzo","countryId":107,"countryCode":"IT","countryName":"Italy","latitude":"42.59403000","longitude":"13.77215000","wikiDataId":"Q18453835"},{"id":58406,"name":"Pennadomo","stateId":1679,"stateCode":"65","stateName":"Abruzzo","countryId":107,"countryCode":"IT","countryName":"Italy","latitude":"42.00394000","longitude":"14.32338000","wikiDataId":"Q18453835"},{"id":58407,"name":"Pennapiedimonte","stateId":1679,"stateCode":"65","stateName":"Abruzzo","countryId":107,"countryCode":"IT","countryName":"Italy","latitude":"42.15563000","longitude":"14.19432000","wikiDataId":"Q18453835"},{"id":58408,"name":"Penne","stateId":1679,"stateCode":"65","stateName":"Abruzzo","countryId":107,"countryCode":"IT","countryName":"Italy","latitude":"42.45474000","longitude":"13.92754000","wikiDataId":"Q18453835"},{"id":58411,"name":"Perano","stateId":1679,"stateCode":"65","stateName":"Abruzzo","countryId":107,"countryCode":"IT","countryName":"Italy","latitude":"42.10460000","longitude":"14.39581000","wikiDataId":"Q2513042"},{"id":58420,"name":"Pereto","stateId":1679,"stateCode":"65","stateName":"Abruzzo","countryId":107,"countryCode":"IT","countryName":"Italy","latitude":"42.05821000","longitude":"13.10231000","wikiDataId":"Q42801"},{"id":58450,"name":"Pescara","stateId":1679,"stateCode":"65","stateName":"Abruzzo","countryId":107,"countryCode":"IT","countryName":"Italy","latitude":"42.45840000","longitude":"14.20283000","wikiDataId":"Q18452392"},{"id":58452,"name":"Pescasseroli","stateId":1679,"stateCode":"65","stateName":"Abruzzo","countryId":107,"countryCode":"IT","countryName":"Italy","latitude":"41.80343000","longitude":"13.78707000","wikiDataId":"Q18452392"},{"id":58459,"name":"Pescina","stateId":1679,"stateCode":"65","stateName":"Abruzzo","countryId":107,"countryCode":"IT","countryName":"Italy","latitude":"42.02351000","longitude":"13.65116000","wikiDataId":"Q2784233"},{"id":58461,"name":"Pescocostanzo","stateId":1679,"stateCode":"65","stateName":"Abruzzo","countryId":107,"countryCode":"IT","countryName":"Italy","latitude":"41.88722000","longitude":"14.06614000","wikiDataId":"Q2784233"},{"id":58466,"name":"Pescosansonesco Nuovo","stateId":1679,"stateCode":"65","stateName":"Abruzzo","countryId":107,"countryCode":"IT","countryName":"Italy","latitude":"42.25524000","longitude":"13.88480000","wikiDataId":"Q18427431"},{"id":58493,"name":"Pettorano sul Gizio","stateId":1679,"stateCode":"65","stateName":"Abruzzo","countryId":107,"countryCode":"IT","countryName":"Italy","latitude":"41.97326000","longitude":"13.96001000","wikiDataId":"Q775778"},{"id":58523,"name":"Pianella","stateId":1679,"stateCode":"65","stateName":"Abruzzo","countryId":107,"countryCode":"IT","countryName":"Italy","latitude":"42.39918000","longitude":"14.04781000","wikiDataId":"Q18496621"},{"id":58548,"name":"Pianola","stateId":1679,"stateCode":"65","stateName":"Abruzzo","countryId":107,"countryCode":"IT","countryName":"Italy","latitude":"42.32341000","longitude":"13.40394000","wikiDataId":"Q7190216"},{"id":58554,"name":"Pianura Vomano","stateId":1679,"stateCode":"65","stateName":"Abruzzo","countryId":107,"countryCode":"IT","countryName":"Italy","latitude":"42.63028000","longitude":"13.91548000","wikiDataId":"Q18428443"},{"id":58579,"name":"Picciano","stateId":1679,"stateCode":"65","stateName":"Abruzzo","countryId":107,"countryCode":"IT","countryName":"Italy","latitude":"42.47525000","longitude":"13.98990000","wikiDataId":"Q3902532"},{"id":58607,"name":"Pietracamela","stateId":1679,"stateCode":"65","stateName":"Abruzzo","countryId":107,"countryCode":"IT","countryName":"Italy","latitude":"42.52344000","longitude":"13.55431000","wikiDataId":"Q18496036"},{"id":58612,"name":"Pietraferrazzana","stateId":1679,"stateCode":"65","stateName":"Abruzzo","countryId":107,"countryCode":"IT","countryName":"Italy","latitude":"41.96943000","longitude":"14.37451000","wikiDataId":"Q1110618"},{"id":58619,"name":"Pietranico","stateId":1679,"stateCode":"65","stateName":"Abruzzo","countryId":107,"countryCode":"IT","countryName":"Italy","latitude":"42.27565000","longitude":"13.91077000","wikiDataId":"Q18481879"},{"id":58677,"name":"Pineto","stateId":1679,"stateCode":"65","stateName":"Abruzzo","countryId":107,"countryCode":"IT","countryName":"Italy","latitude":"42.60879000","longitude":"14.06639000","wikiDataId":"Q18475701"},{"id":58727,"name":"Pizzoferrato","stateId":1679,"stateCode":"65","stateName":"Abruzzo","countryId":107,"countryCode":"IT","countryName":"Italy","latitude":"41.92244000","longitude":"14.23632000","wikiDataId":"Q18438575"},{"id":58728,"name":"Pizzoli","stateId":1679,"stateCode":"65","stateName":"Abruzzo","countryId":107,"countryCode":"IT","countryName":"Italy","latitude":"42.43603000","longitude":"13.29886000","wikiDataId":"Q18438575"},{"id":58759,"name":"Poggio Picenze","stateId":1679,"stateCode":"65","stateName":"Abruzzo","countryId":107,"countryCode":"IT","countryName":"Italy","latitude":"42.32061000","longitude":"13.54036000","wikiDataId":"Q18455144"},{"id":58768,"name":"Poggiofiorito","stateId":1679,"stateCode":"65","stateName":"Abruzzo","countryId":107,"countryCode":"IT","countryName":"Italy","latitude":"42.25414000","longitude":"14.32082000","wikiDataId":"Q2604595"},{"id":58802,"name":"Pollutri","stateId":1679,"stateCode":"65","stateName":"Abruzzo","countryId":107,"countryCode":"IT","countryName":"Italy","latitude":"42.13784000","longitude":"14.59172000","wikiDataId":"Q610420"},{"id":58900,"name":"Popoli","stateId":1679,"stateCode":"65","stateName":"Abruzzo","countryId":107,"countryCode":"IT","countryName":"Italy","latitude":"42.16866000","longitude":"13.82997000","wikiDataId":"Q18455168"},{"id":59015,"name":"Prata d'Ansidonia","stateId":1679,"stateCode":"65","stateName":"Abruzzo","countryId":107,"countryCode":"IT","countryName":"Italy","latitude":"42.27793000","longitude":"13.60830000","wikiDataId":"Q18426922"},{"id":59033,"name":"Pratola Peligna","stateId":1679,"stateCode":"65","stateName":"Abruzzo","countryId":107,"countryCode":"IT","countryName":"Italy","latitude":"42.09701000","longitude":"13.87467000","wikiDataId":"Q18453863"},{"id":59069,"name":"Pretoro","stateId":1679,"stateCode":"65","stateName":"Abruzzo","countryId":107,"countryCode":"IT","countryName":"Italy","latitude":"42.21923000","longitude":"14.14248000","wikiDataId":"Q18437654"},{"id":59070,"name":"Preturo","stateId":1679,"stateCode":"65","stateName":"Abruzzo","countryId":107,"countryCode":"IT","countryName":"Italy","latitude":"42.37808000","longitude":"13.29633000","wikiDataId":"Q3911305"},{"id":59072,"name":"Prezza","stateId":1679,"stateCode":"65","stateName":"Abruzzo","countryId":107,"countryCode":"IT","countryName":"Italy","latitude":"42.05789000","longitude":"13.83592000","wikiDataId":"Q3911305"},{"id":59087,"name":"Progetto Case Bazzano","stateId":1679,"stateCode":"65","stateName":"Abruzzo","countryId":107,"countryCode":"IT","countryName":"Italy","latitude":"42.33643000","longitude":"13.44410000","wikiDataId":"Q18426927"},{"id":59088,"name":"Progetto Case Coppito 3","stateId":1679,"stateCode":"65","stateName":"Abruzzo","countryId":107,"countryCode":"IT","countryName":"Italy","latitude":"42.36981000","longitude":"13.31973000","wikiDataId":"Q18426929"},{"id":59089,"name":"Progetto Case Sassa Nsi","stateId":1679,"stateCode":"65","stateName":"Abruzzo","countryId":107,"countryCode":"IT","countryName":"Italy","latitude":"42.36560000","longitude":"13.31509000","wikiDataId":"Q18426931"},{"id":59106,"name":"Provincia dell' Aquila","stateId":1679,"stateCode":"65","stateName":"Abruzzo","countryId":107,"countryCode":"IT","countryName":"Italy","latitude":"42.08333000","longitude":"13.66667000","wikiDataId":"Q16189"},{"id":59124,"name":"Provincia di Chieti","stateId":1679,"stateCode":"65","stateName":"Abruzzo","countryId":107,"countryCode":"IT","countryName":"Italy","latitude":"42.11667000","longitude":"14.35000000","wikiDataId":"Q16160"},{"id":59160,"name":"Provincia di Pescara","stateId":1679,"stateCode":"65","stateName":"Abruzzo","countryId":107,"countryCode":"IT","countryName":"Italy","latitude":"42.33333000","longitude":"13.95000000","wikiDataId":"Q16242"},{"id":59179,"name":"Provincia di Teramo","stateId":1679,"stateCode":"65","stateName":"Abruzzo","countryId":107,"countryCode":"IT","countryName":"Italy","latitude":"42.65000000","longitude":"13.68333000","wikiDataId":"Q16284"},{"id":59212,"name":"Quadri","stateId":1679,"stateCode":"65","stateName":"Abruzzo","countryId":107,"countryCode":"IT","countryName":"Italy","latitude":"41.92402000","longitude":"14.28768000","wikiDataId":"Q1114700"},{"id":59270,"name":"Raiano","stateId":1679,"stateCode":"65","stateName":"Abruzzo","countryId":107,"countryCode":"IT","countryName":"Italy","latitude":"42.10158000","longitude":"13.81386000","wikiDataId":"Q18426932"},{"id":59285,"name":"Rapino","stateId":1679,"stateCode":"65","stateName":"Abruzzo","countryId":107,"countryCode":"IT","countryName":"Italy","latitude":"42.20931000","longitude":"14.18493000","wikiDataId":"Q2362876"},{"id":59399,"name":"Ripa Teatina","stateId":1679,"stateCode":"65","stateName":"Abruzzo","countryId":107,"countryCode":"IT","countryName":"Italy","latitude":"42.36603000","longitude":"14.24441000","wikiDataId":"Q3936316"},{"id":59439,"name":"Rivisondoli","stateId":1679,"stateCode":"65","stateName":"Abruzzo","countryId":107,"countryCode":"IT","countryName":"Italy","latitude":"41.87023000","longitude":"14.06671000","wikiDataId":"Q18426941"},{"id":59483,"name":"Rocca di Botte","stateId":1679,"stateCode":"65","stateName":"Abruzzo","countryId":107,"countryCode":"IT","countryName":"Italy","latitude":"42.03102000","longitude":"13.07185000","wikiDataId":"Q18426944"},{"id":59484,"name":"Rocca di Cambio","stateId":1679,"stateCode":"65","stateName":"Abruzzo","countryId":107,"countryCode":"IT","countryName":"Italy","latitude":"42.23755000","longitude":"13.48906000","wikiDataId":"Q18426944"},{"id":59487,"name":"Rocca di Mezzo","stateId":1679,"stateCode":"65","stateName":"Abruzzo","countryId":107,"countryCode":"IT","countryName":"Italy","latitude":"42.20441000","longitude":"13.51840000","wikiDataId":"Q18465261"},{"id":59473,"name":"Rocca Pia","stateId":1679,"stateCode":"65","stateName":"Abruzzo","countryId":107,"countryCode":"IT","countryName":"Italy","latitude":"41.93429000","longitude":"13.97726000","wikiDataId":"Q18430118"},{"id":59478,"name":"Rocca San Giovanni","stateId":1679,"stateCode":"65","stateName":"Abruzzo","countryId":107,"countryCode":"IT","countryName":"Italy","latitude":"42.24604000","longitude":"14.46162000","wikiDataId":"Q18430118"},{"id":59494,"name":"Roccacasale","stateId":1679,"stateCode":"65","stateName":"Abruzzo","countryId":107,"countryCode":"IT","countryName":"Italy","latitude":"42.12249000","longitude":"13.88758000","wikiDataId":"Q18426950"},{"id":59510,"name":"Roccamorice","stateId":1679,"stateCode":"65","stateName":"Abruzzo","countryId":107,"countryCode":"IT","countryName":"Italy","latitude":"42.21274000","longitude":"14.02531000","wikiDataId":"Q18426950"},{"id":59516,"name":"Roccaraso","stateId":1679,"stateCode":"65","stateName":"Abruzzo","countryId":107,"countryCode":"IT","countryName":"Italy","latitude":"41.84872000","longitude":"14.07846000","wikiDataId":"Q18426950"},{"id":59518,"name":"Roccascalegna","stateId":1679,"stateCode":"65","stateName":"Abruzzo","countryId":107,"countryCode":"IT","countryName":"Italy","latitude":"42.06212000","longitude":"14.30802000","wikiDataId":"Q18426950"},{"id":59524,"name":"Roccaspinalveti-Santa Giusta","stateId":1679,"stateCode":"65","stateName":"Abruzzo","countryId":107,"countryCode":"IT","countryName":"Italy","latitude":"41.94233000","longitude":"14.47092000","wikiDataId":"Q18425438"},{"id":59531,"name":"Roccavivi","stateId":1679,"stateCode":"65","stateName":"Abruzzo","countryId":107,"countryCode":"IT","countryName":"Italy","latitude":"41.81214000","longitude":"13.53662000","wikiDataId":"Q3939514"},{"id":59567,"name":"Roio del Sangro","stateId":1679,"stateCode":"65","stateName":"Abruzzo","countryId":107,"countryCode":"IT","countryName":"Italy","latitude":"41.91153000","longitude":"14.37382000","wikiDataId":"Q18489233"},{"id":59629,"name":"Rosciano","stateId":1679,"stateCode":"65","stateName":"Abruzzo","countryId":107,"countryCode":"IT","countryName":"Italy","latitude":"42.32227000","longitude":"14.04555000","wikiDataId":"Q18430122"},{"id":59634,"name":"Rosello","stateId":1679,"stateCode":"65","stateName":"Abruzzo","countryId":107,"countryCode":"IT","countryName":"Italy","latitude":"41.90116000","longitude":"14.34919000","wikiDataId":"Q1957438"},{"id":59637,"name":"Roseto degli Abruzzi","stateId":1679,"stateCode":"65","stateName":"Abruzzo","countryId":107,"countryCode":"IT","countryName":"Italy","latitude":"42.67164000","longitude":"14.01481000","wikiDataId":"Q1957438"},{"id":59772,"name":"Salino","stateId":1679,"stateCode":"65","stateName":"Abruzzo","countryId":107,"countryCode":"IT","countryName":"Italy","latitude":"42.78571000","longitude":"13.91400000","wikiDataId":"Q18428488"},{"id":59777,"name":"Salle","stateId":1679,"stateCode":"65","stateName":"Abruzzo","countryId":107,"countryCode":"IT","countryName":"Italy","latitude":"42.17756000","longitude":"13.96091000","wikiDataId":"Q18437681"},{"id":59792,"name":"Salvo Marina","stateId":1679,"stateCode":"65","stateName":"Abruzzo","countryId":107,"countryCode":"IT","countryName":"Italy","latitude":"42.07037000","longitude":"14.76597000","wikiDataId":"Q18425509"},{"id":59806,"name":"Sambuceto","stateId":1679,"stateCode":"65","stateName":"Abruzzo","countryId":107,"countryCode":"IT","countryName":"Italy","latitude":"42.42168000","longitude":"14.18747000","wikiDataId":"Q1093372"},{"id":59831,"name":"San Benedetto dei Marsi","stateId":1679,"stateCode":"65","stateName":"Abruzzo","countryId":107,"countryCode":"IT","countryName":"Italy","latitude":"42.00760000","longitude":"13.62381000","wikiDataId":"Q18439681"},{"id":59833,"name":"San Benedetto in Perillis","stateId":1679,"stateCode":"65","stateName":"Abruzzo","countryId":107,"countryCode":"IT","countryName":"Italy","latitude":"42.18377000","longitude":"13.76996000","wikiDataId":"Q18439681"},{"id":59849,"name":"San Buono","stateId":1679,"stateCode":"65","stateName":"Abruzzo","countryId":107,"countryCode":"IT","countryName":"Italy","latitude":"41.98140000","longitude":"14.56818000","wikiDataId":"Q18429079"},{"id":59892,"name":"San Demetrio Ne' Vestini","stateId":1679,"stateCode":"65","stateName":"Abruzzo","countryId":107,"countryCode":"IT","countryName":"Italy","latitude":"42.28963000","longitude":"13.55519000","wikiDataId":"Q18440661"},{"id":59986,"name":"San Giovanni Lipioni","stateId":1679,"stateCode":"65","stateName":"Abruzzo","countryId":107,"countryCode":"IT","countryName":"Italy","latitude":"41.84383000","longitude":"14.56271000","wikiDataId":"Q18462847"},{"id":60072,"name":"San Martino Bassa","stateId":1679,"stateCode":"65","stateName":"Abruzzo","countryId":107,"countryCode":"IT","countryName":"Italy","latitude":"42.51827000","longitude":"14.13045000","wikiDataId":"Q18427498"},{"id":60097,"name":"San Martino sulla Marrucina","stateId":1679,"stateCode":"65","stateName":"Abruzzo","countryId":107,"countryCode":"IT","countryName":"Italy","latitude":"42.22419000","longitude":"14.21577000","wikiDataId":"Q18493829"},{"id":60148,"name":"San Nicolò a Tordino","stateId":1679,"stateCode":"65","stateName":"Abruzzo","countryId":107,"countryCode":"IT","countryName":"Italy","latitude":"42.69648000","longitude":"13.79708000","wikiDataId":"Q2905711"},{"id":60153,"name":"San Panfilo d'Ocre","stateId":1679,"stateCode":"65","stateName":"Abruzzo","countryId":107,"countryCode":"IT","countryName":"Italy","latitude":"42.28616000","longitude":"13.47518000","wikiDataId":"Q49289062"},{"id":60203,"name":"San Pio delle Camere","stateId":1679,"stateCode":"65","stateName":"Abruzzo","countryId":107,"countryCode":"IT","countryName":"Italy","latitude":"42.28423000","longitude":"13.65570000","wikiDataId":"Q2184285"},{"id":60222,"name":"San Rocco","stateId":1679,"stateCode":"65","stateName":"Abruzzo","countryId":107,"countryCode":"IT","countryName":"Italy","latitude":"42.24294000","longitude":"14.12891000","wikiDataId":"Q18425642"},{"id":60234,"name":"San Salvo","stateId":1679,"stateCode":"65","stateName":"Abruzzo","countryId":107,"countryCode":"IT","countryName":"Italy","latitude":"42.04413000","longitude":"14.73335000","wikiDataId":"Q18459019"},{"id":60259,"name":"San Valentino in Abruzzo Citeriore","stateId":1679,"stateCode":"65","stateName":"Abruzzo","countryId":107,"countryCode":"IT","countryName":"Italy","latitude":"42.23304000","longitude":"13.98561000","wikiDataId":"Q18452509"},{"id":60269,"name":"San Vincenzo Valle Roveto","stateId":1679,"stateCode":"65","stateName":"Abruzzo","countryId":107,"countryCode":"IT","countryName":"Italy","latitude":"41.84452000","longitude":"13.53566000","wikiDataId":"Q18438682"},{"id":60275,"name":"San Vito Chietino","stateId":1679,"stateCode":"65","stateName":"Abruzzo","countryId":107,"countryCode":"IT","countryName":"Italy","latitude":"42.29014000","longitude":"14.44270000","wikiDataId":"Q18441665"},{"id":60391,"name":"Sant'Egidio alla Vibrata","stateId":1679,"stateCode":"65","stateName":"Abruzzo","countryId":107,"countryCode":"IT","countryName":"Italy","latitude":"42.81705000","longitude":"13.72164000","wikiDataId":"Q18500348"},{"id":60400,"name":"Sant'Eufemia a Maiella","stateId":1679,"stateCode":"65","stateName":"Abruzzo","countryId":107,"countryCode":"IT","countryName":"Italy","latitude":"42.12613000","longitude":"14.02651000","wikiDataId":"Q18429462"},{"id":60403,"name":"Sant'Eusanio del Sangro","stateId":1679,"stateCode":"65","stateName":"Abruzzo","countryId":107,"countryCode":"IT","countryName":"Italy","latitude":"42.16908000","longitude":"14.32776000","wikiDataId":"Q18429462"},{"id":60402,"name":"Sant'Eusanio Forconese","stateId":1679,"stateCode":"65","stateName":"Abruzzo","countryId":107,"countryCode":"IT","countryName":"Italy","latitude":"42.28951000","longitude":"13.52425000","wikiDataId":"Q18429462"},{"id":60407,"name":"Sant'Omero","stateId":1679,"stateCode":"65","stateName":"Abruzzo","countryId":107,"countryCode":"IT","countryName":"Italy","latitude":"42.79011000","longitude":"13.78906000","wikiDataId":"Q18429462"},{"id":60463,"name":"Santa Maria Imbaro","stateId":1679,"stateCode":"65","stateName":"Abruzzo","countryId":107,"countryCode":"IT","countryName":"Italy","latitude":"42.21999000","longitude":"14.45027000","wikiDataId":"Q2368450"},{"id":60494,"name":"Santa Teresa","stateId":1679,"stateCode":"65","stateName":"Abruzzo","countryId":107,"countryCode":"IT","countryName":"Italy","latitude":"42.42753000","longitude":"14.15816000","wikiDataId":"Q18427524"},{"id":60504,"name":"Sante Marie","stateId":1679,"stateCode":"65","stateName":"Abruzzo","countryId":107,"countryCode":"IT","countryName":"Italy","latitude":"42.10369000","longitude":"13.20163000","wikiDataId":"Q18427013"},{"id":60524,"name":"Santo Stefano di Sessanio","stateId":1679,"stateCode":"65","stateName":"Abruzzo","countryId":107,"countryCode":"IT","countryName":"Italy","latitude":"42.34339000","longitude":"13.64477000","wikiDataId":"Q18430429"},{"id":60565,"name":"Sassa","stateId":1679,"stateCode":"65","stateName":"Abruzzo","countryId":107,"countryCode":"IT","countryName":"Italy","latitude":"42.35204000","longitude":"13.29924000","wikiDataId":"Q3950671"},{"id":60601,"name":"Scafa","stateId":1679,"stateCode":"65","stateName":"Abruzzo","countryId":107,"countryCode":"IT","countryName":"Italy","latitude":"42.26575000","longitude":"13.99665000","wikiDataId":"Q18445011"},{"id":60622,"name":"Scanno","stateId":1679,"stateCode":"65","stateName":"Abruzzo","countryId":107,"countryCode":"IT","countryName":"Italy","latitude":"41.90442000","longitude":"13.87961000","wikiDataId":"Q18488724"},{"id":60639,"name":"Scerne","stateId":1679,"stateCode":"65","stateName":"Abruzzo","countryId":107,"countryCode":"IT","countryName":"Italy","latitude":"42.64754000","longitude":"14.03791000","wikiDataId":"Q3951830"},{"id":60640,"name":"Scerni","stateId":1679,"stateCode":"65","stateName":"Abruzzo","countryId":107,"countryCode":"IT","countryName":"Italy","latitude":"42.10418000","longitude":"14.57428000","wikiDataId":"Q3951830"},{"id":60643,"name":"Schiavi di Abruzzo","stateId":1679,"stateCode":"65","stateName":"Abruzzo","countryId":107,"countryCode":"IT","countryName":"Italy","latitude":"41.81311000","longitude":"14.48655000","wikiDataId":"Q3951830"},{"id":60662,"name":"Scontrone","stateId":1679,"stateCode":"65","stateName":"Abruzzo","countryId":107,"countryCode":"IT","countryName":"Italy","latitude":"41.74681000","longitude":"14.03880000","wikiDataId":"Q2399617"},{"id":60665,"name":"Scoppito","stateId":1679,"stateCode":"65","stateName":"Abruzzo","countryId":107,"countryCode":"IT","countryName":"Italy","latitude":"42.36948000","longitude":"13.25936000","wikiDataId":"Q2399617"},{"id":60670,"name":"Scurcola Marsicana","stateId":1679,"stateCode":"65","stateName":"Abruzzo","countryId":107,"countryCode":"IT","countryName":"Italy","latitude":"42.06313000","longitude":"13.33919000","wikiDataId":"Q18439715"},{"id":60676,"name":"Secinaro","stateId":1679,"stateCode":"65","stateName":"Abruzzo","countryId":107,"countryCode":"IT","countryName":"Italy","latitude":"42.15062000","longitude":"13.68145000","wikiDataId":"Q18448028"},{"id":60704,"name":"Selva","stateId":1679,"stateCode":"65","stateName":"Abruzzo","countryId":107,"countryCode":"IT","countryName":"Italy","latitude":"42.11442000","longitude":"14.34425000","wikiDataId":"Q18425800"},{"id":60765,"name":"Serramonacesca","stateId":1679,"stateCode":"65","stateName":"Abruzzo","countryId":107,"countryCode":"IT","countryName":"Italy","latitude":"42.24795000","longitude":"14.09297000","wikiDataId":"Q18448031"},{"id":60857,"name":"Silvi","stateId":1679,"stateCode":"65","stateName":"Abruzzo","countryId":107,"countryCode":"IT","countryName":"Italy","latitude":"42.54984000","longitude":"14.11759000","wikiDataId":"Q3828428"},{"id":61027,"name":"Spoltore","stateId":1679,"stateCode":"65","stateName":"Abruzzo","countryId":107,"countryCode":"IT","countryName":"Italy","latitude":"42.45501000","longitude":"14.13988000","wikiDataId":"Q2048225"},{"id":61116,"name":"Sulmona","stateId":1679,"stateCode":"65","stateName":"Abruzzo","countryId":107,"countryCode":"IT","countryName":"Italy","latitude":"42.04945000","longitude":"13.92578000","wikiDataId":"Q18448801"},{"id":61142,"name":"Tagliacozzo","stateId":1679,"stateCode":"65","stateName":"Abruzzo","countryId":107,"countryCode":"IT","countryName":"Italy","latitude":"42.06933000","longitude":"13.25469000","wikiDataId":"Q18498953"},{"id":61163,"name":"Taranta Peligna","stateId":1679,"stateCode":"65","stateName":"Abruzzo","countryId":107,"countryCode":"IT","countryName":"Italy","latitude":"42.02052000","longitude":"14.17103000","wikiDataId":"Q1976012"},{"id":61217,"name":"Teramo","stateId":1679,"stateCode":"65","stateName":"Abruzzo","countryId":107,"countryCode":"IT","countryName":"Italy","latitude":"42.66123000","longitude":"13.69901000","wikiDataId":"Q53379"},{"id":61280,"name":"Tione degli Abruzzi","stateId":1679,"stateCode":"65","stateName":"Abruzzo","countryId":107,"countryCode":"IT","countryName":"Italy","latitude":"42.20393000","longitude":"13.63570000","wikiDataId":"Q18441166"},{"id":61293,"name":"Tocco da Casauria","stateId":1679,"stateCode":"65","stateName":"Abruzzo","countryId":107,"countryCode":"IT","countryName":"Italy","latitude":"42.21203000","longitude":"13.91547000","wikiDataId":"Q18430784"},{"id":61301,"name":"Tollo","stateId":1679,"stateCode":"65","stateName":"Abruzzo","countryId":107,"countryCode":"IT","countryName":"Italy","latitude":"42.34542000","longitude":"14.32360000","wikiDataId":"Q18430784"},{"id":61317,"name":"Torano Nuovo","stateId":1679,"stateCode":"65","stateName":"Abruzzo","countryId":107,"countryCode":"IT","countryName":"Italy","latitude":"42.82305000","longitude":"13.77729000","wikiDataId":"Q18436805"},{"id":61330,"name":"Torino di Sangro","stateId":1679,"stateCode":"65","stateName":"Abruzzo","countryId":107,"countryCode":"IT","countryName":"Italy","latitude":"42.19100000","longitude":"14.54272000","wikiDataId":"Q18288162"},{"id":61334,"name":"Tornareccio","stateId":1679,"stateCode":"65","stateName":"Abruzzo","countryId":107,"countryCode":"IT","countryName":"Italy","latitude":"42.03763000","longitude":"14.41525000","wikiDataId":"Q18288162"},{"id":61336,"name":"Tornimparte","stateId":1679,"stateCode":"65","stateName":"Abruzzo","countryId":107,"countryCode":"IT","countryName":"Italy","latitude":"42.29007000","longitude":"13.30092000","wikiDataId":"Q18288162"},{"id":61368,"name":"Torre de' Passeri","stateId":1679,"stateCode":"65","stateName":"Abruzzo","countryId":107,"countryCode":"IT","countryName":"Italy","latitude":"42.24324000","longitude":"13.93330000","wikiDataId":"Q2263281"},{"id":61380,"name":"Torrebruna","stateId":1679,"stateCode":"65","stateName":"Abruzzo","countryId":107,"countryCode":"IT","countryName":"Italy","latitude":"41.86742000","longitude":"14.54148000","wikiDataId":"Q18493670"},{"id":61392,"name":"Torrevecchia","stateId":1679,"stateCode":"65","stateName":"Abruzzo","countryId":107,"countryCode":"IT","countryName":"Italy","latitude":"42.38274000","longitude":"14.21331000","wikiDataId":"Q18425966"},{"id":61399,"name":"Torricella","stateId":1679,"stateCode":"65","stateName":"Abruzzo","countryId":107,"countryCode":"IT","countryName":"Italy","latitude":"42.65904000","longitude":"13.65719000","wikiDataId":"Q111966"},{"id":61401,"name":"Torricella Peligna","stateId":1679,"stateCode":"65","stateName":"Abruzzo","countryId":107,"countryCode":"IT","countryName":"Italy","latitude":"42.02397000","longitude":"14.25854000","wikiDataId":"Q111966"},{"id":61416,"name":"Tortoreto","stateId":1679,"stateCode":"65","stateName":"Abruzzo","countryId":107,"countryCode":"IT","countryName":"Italy","latitude":"42.80371000","longitude":"13.91346000","wikiDataId":"Q18430853"},{"id":61417,"name":"Tortoreto Lido","stateId":1679,"stateCode":"65","stateName":"Abruzzo","countryId":107,"countryCode":"IT","countryName":"Italy","latitude":"42.79956000","longitude":"13.94205000","wikiDataId":"Q18428585"},{"id":61424,"name":"Tossicia","stateId":1679,"stateCode":"65","stateName":"Abruzzo","countryId":107,"countryCode":"IT","countryName":"Italy","latitude":"42.54472000","longitude":"13.64595000","wikiDataId":"Q18438761"},{"id":61444,"name":"Trasacco","stateId":1679,"stateCode":"65","stateName":"Abruzzo","countryId":107,"countryCode":"IT","countryName":"Italy","latitude":"41.95742000","longitude":"13.53270000","wikiDataId":"Q18448043"},{"id":61473,"name":"Treglio","stateId":1679,"stateCode":"65","stateName":"Abruzzo","countryId":107,"countryCode":"IT","countryName":"Italy","latitude":"42.26184000","longitude":"14.42315000","wikiDataId":"Q782473"},{"id":61563,"name":"Tufillo","stateId":1679,"stateCode":"65","stateName":"Abruzzo","countryId":107,"countryCode":"IT","countryName":"Italy","latitude":"41.91685000","longitude":"14.62558000","wikiDataId":"Q222063"},{"id":61578,"name":"Turrivalignani","stateId":1679,"stateCode":"65","stateName":"Abruzzo","countryId":107,"countryCode":"IT","countryName":"Italy","latitude":"42.26296000","longitude":"14.02852000","wikiDataId":"Q222063"},{"id":61626,"name":"Vacri","stateId":1679,"stateCode":"65","stateName":"Abruzzo","countryId":107,"countryCode":"IT","countryName":"Italy","latitude":"42.29764000","longitude":"14.22901000","wikiDataId":"Q18441206"},{"id":61686,"name":"Valle Castellana","stateId":1679,"stateCode":"65","stateName":"Abruzzo","countryId":107,"countryCode":"IT","countryName":"Italy","latitude":"42.73614000","longitude":"13.49709000","wikiDataId":"Q4007986"},{"id":61704,"name":"Vallecupa","stateId":1679,"stateCode":"65","stateName":"Abruzzo","countryId":107,"countryCode":"IT","countryName":"Italy","latitude":"42.25366000","longitude":"13.57467000","wikiDataId":"Q18427098"},{"id":61781,"name":"Vasto","stateId":1679,"stateCode":"65","stateName":"Abruzzo","countryId":107,"countryCode":"IT","countryName":"Italy","latitude":"42.11150000","longitude":"14.70649000","wikiDataId":"Q30031570"},{"id":61922,"name":"Vicoli","stateId":1679,"stateCode":"65","stateName":"Abruzzo","countryId":107,"countryCode":"IT","countryName":"Italy","latitude":"42.34095000","longitude":"13.89688000","wikiDataId":"Q4011224"},{"id":61988,"name":"Villa Caldari","stateId":1679,"stateCode":"65","stateName":"Abruzzo","countryId":107,"countryCode":"IT","countryName":"Italy","latitude":"42.29566000","longitude":"14.36157000","wikiDataId":"Q2287431"},{"id":61992,"name":"Villa Celiera","stateId":1679,"stateCode":"65","stateName":"Abruzzo","countryId":107,"countryCode":"IT","countryName":"Italy","latitude":"42.38184000","longitude":"13.85860000","wikiDataId":"Q18499026"},{"id":62003,"name":"Villa Lempa","stateId":1679,"stateCode":"65","stateName":"Abruzzo","countryId":107,"countryCode":"IT","countryName":"Italy","latitude":"42.79345000","longitude":"13.64433000","wikiDataId":"Q18428623"},{"id":62012,"name":"Villa Raspa","stateId":1679,"stateCode":"65","stateName":"Abruzzo","countryId":107,"countryCode":"IT","countryName":"Italy","latitude":"42.45542000","longitude":"14.18457000","wikiDataId":"Q18427634"},{"id":62015,"name":"Villa Rosa","stateId":1679,"stateCode":"65","stateName":"Abruzzo","countryId":107,"countryCode":"IT","countryName":"Italy","latitude":"42.85059000","longitude":"13.92015000","wikiDataId":"Q4012486"},{"id":62022,"name":"Villa Sant'Angelo","stateId":1679,"stateCode":"65","stateName":"Abruzzo","countryId":107,"countryCode":"IT","countryName":"Italy","latitude":"42.27043000","longitude":"13.53710000","wikiDataId":"Q18427125"},{"id":62025,"name":"Villa Santa Lucia degli Abruzzi","stateId":1679,"stateCode":"65","stateName":"Abruzzo","countryId":107,"countryCode":"IT","countryName":"Italy","latitude":"42.33286000","longitude":"13.77792000","wikiDataId":"Q18427125"},{"id":62026,"name":"Villa Santa Maria","stateId":1679,"stateCode":"65","stateName":"Abruzzo","countryId":107,"countryCode":"IT","countryName":"Italy","latitude":"41.95130000","longitude":"14.35148000","wikiDataId":"Q18427125"},{"id":62071,"name":"Villagrande","stateId":1679,"stateCode":"65","stateName":"Abruzzo","countryId":107,"countryCode":"IT","countryName":"Italy","latitude":"42.29533000","longitude":"13.29999000","wikiDataId":"Q18427129"},{"id":62075,"name":"Villalago","stateId":1679,"stateCode":"65","stateName":"Abruzzo","countryId":107,"countryCode":"IT","countryName":"Italy","latitude":"41.93514000","longitude":"13.83868000","wikiDataId":"Q18496035"},{"id":62078,"name":"Villalfonsina","stateId":1679,"stateCode":"65","stateName":"Abruzzo","countryId":107,"countryCode":"IT","countryName":"Italy","latitude":"42.16038000","longitude":"14.56932000","wikiDataId":"Q18455377"},{"id":62080,"name":"Villamagna","stateId":1679,"stateCode":"65","stateName":"Abruzzo","countryId":107,"countryCode":"IT","countryName":"Italy","latitude":"42.32984000","longitude":"14.23689000","wikiDataId":"Q18455377"},{"id":62093,"name":"Villanova","stateId":1679,"stateCode":"65","stateName":"Abruzzo","countryId":107,"countryCode":"IT","countryName":"Italy","latitude":"42.38251000","longitude":"14.12338000","wikiDataId":"Q18427644"},{"id":62145,"name":"Villavallelonga","stateId":1679,"stateCode":"65","stateName":"Abruzzo","countryId":107,"countryCode":"IT","countryName":"Italy","latitude":"41.87104000","longitude":"13.62088000","wikiDataId":"Q18499108"},{"id":62151,"name":"Villetta Barrea","stateId":1679,"stateCode":"65","stateName":"Abruzzo","countryId":107,"countryCode":"IT","countryName":"Italy","latitude":"41.77646000","longitude":"13.93892000","wikiDataId":"Q18496043"},{"id":62186,"name":"Vittorito","stateId":1679,"stateCode":"65","stateName":"Abruzzo","countryId":107,"countryCode":"IT","countryName":"Italy","latitude":"42.12703000","longitude":"13.81670000","wikiDataId":"Q4015042"}]