[{"id":65965,"name":"Anse La Raye","stateCode":"01","countryCode":"LC"},{"id":65969,"name":"Au Tabor","stateCode":"01","countryCode":"LC"},{"id":65970,"name":"Au Tabor Hill","stateCode":"01","countryCode":"LC"},{"id":66019,"name":"Bois D'Inde","stateCode":"01","countryCode":"LC"},{"id":66037,"name":"Caico/Millet","stateCode":"01","countryCode":"LC"},{"id":66040,"name":"Canaries","stateCode":"01","countryCode":"LC"},{"id":66064,"name":"Champen Estate","stateCode":"01","countryCode":"LC"},{"id":66112,"name":"Derriere Lagoon","stateCode":"01","countryCode":"LC"},{"id":66128,"name":"Durandeau","stateCode":"01","countryCode":"LC"},{"id":66132,"name":"Enbar Pwin","stateCode":"01","countryCode":"LC"},{"id":66198,"name":"Jacmel","stateCode":"01","countryCode":"LC"},{"id":66200,"name":"Jean Baptiste","stateCode":"01","countryCode":"LC"},{"id":66231,"name":"La Trielle","stateCode":"01","countryCode":"LC"},{"id":66260,"name":"Massacre","stateCode":"01","countryCode":"LC"},{"id":66266,"name":"Millet","stateCode":"01","countryCode":"LC"},{"id":66294,"name":"Morne Ciseaux","stateCode":"01","countryCode":"LC"},{"id":66296,"name":"Morne D'Or","stateCode":"01","countryCode":"LC"},{"id":66365,"name":"Roseau Valley","stateCode":"01","countryCode":"LC"},{"id":66381,"name":"St Lawrence","stateCode":"01","countryCode":"LC"},{"id":66382,"name":"St Lawrence Estate","stateCode":"01","countryCode":"LC"},{"id":66392,"name":"Tete Chemin","stateCode":"01","countryCode":"LC"},{"id":66416,"name":"Vanard","stateCode":"01","countryCode":"LC"},{"id":66417,"name":"Venus","stateCode":"01","countryCode":"LC"},{"id":66427,"name":"Village","stateCode":"01","countryCode":"LC"},{"id":66429,"name":"Village/Petite Bourgh","stateCode":"01","countryCode":"LC"},{"id":65962,"name":"Anse Cochon","stateCode":"12","countryCode":"LC"},{"id":65963,"name":"Anse Galet","stateCode":"12","countryCode":"LC"},{"id":65966,"name":"Anse La Verdue","stateCode":"12","countryCode":"LC"},{"id":66006,"name":"Belvedere","stateCode":"12","countryCode":"LC"},{"id":66063,"name":"Chalon","stateCode":"12","countryCode":"LC"},{"id":66359,"name":"Riverside Road","stateCode":"12","countryCode":"LC"},{"id":66397,"name":"Theodrine","stateCode":"12","countryCode":"LC"},{"id":66428,"name":"Village","stateCode":"12","countryCode":"LC"},{"id":65956,"name":"Active Hill","stateCode":"02","countryCode":"LC"},{"id":65957,"name":"Agard Lands/Morne Dudon","stateCode":"02","countryCode":"LC"},{"id":65958,"name":"Almondale","stateCode":"02","countryCode":"LC"},{"id":65972,"name":"Aurendel Hill","stateCode":"02","countryCode":"LC"},{"id":65973,"name":"Babonneau Proper","stateCode":"02","countryCode":"LC"},{"id":65974,"name":"Bagatelle","stateCode":"02","countryCode":"LC"},{"id":65975,"name":"Balata","stateCode":"02","countryCode":"LC"},{"id":65979,"name":"Banannes Bay","stateCode":"02","countryCode":"LC"},{"id":65983,"name":"Barnard Hill","stateCode":"02","countryCode":"LC"},{"id":65985,"name":"Barre Denis","stateCode":"02","countryCode":"LC"},{"id":65986,"name":"Barre Duchaussee","stateCode":"02","countryCode":"LC"},{"id":65987,"name":"Barre St.Joseph","stateCode":"02","countryCode":"LC"},{"id":65996,"name":"Belair","stateCode":"02","countryCode":"LC"},{"id":65998,"name":"Bella Rosa","stateCode":"02","countryCode":"LC"},{"id":66008,"name":"Bexon","stateCode":"02","countryCode":"LC"},{"id":66009,"name":"Bisee","stateCode":"02","countryCode":"LC"},{"id":66010,"name":"Bishop'S Gap","stateCode":"02","countryCode":"LC"},{"id":66011,"name":"Bissee","stateCode":"02","countryCode":"LC"},{"id":66013,"name":"Black Mallet","stateCode":"02","countryCode":"LC"},{"id":66015,"name":"Bocage","stateCode":"02","countryCode":"LC"},{"id":66018,"name":"Bois Catchet","stateCode":"02","countryCode":"LC"},{"id":66025,"name":"Bois Patat","stateCode":"02","countryCode":"LC"},{"id":66033,"name":"Cabiche/Babonneau","stateCode":"02","countryCode":"LC"},{"id":66035,"name":"Cacoa/Babonneau","stateCode":"02","countryCode":"LC"},{"id":66038,"name":"Calvary","stateCode":"02","countryCode":"LC"},{"id":66052,"name":"Capital Hill","stateCode":"02","countryCode":"LC"},{"id":66053,"name":"Carellie","stateCode":"02","countryCode":"LC"},{"id":66056,"name":"Castries","stateCode":"02","countryCode":"LC"},{"id":66060,"name":"Cedars","stateCode":"02","countryCode":"LC"},{"id":66065,"name":"Chase Gardens","stateCode":"02","countryCode":"LC"},{"id":66066,"name":"Chassin/Babonneau","stateCode":"02","countryCode":"LC"},{"id":66070,"name":"Choppin Ridge/Sarot","stateCode":"02","countryCode":"LC"},{"id":66072,"name":"Ciceron","stateCode":"02","countryCode":"LC"},{"id":66073,"name":"City","stateCode":"02","countryCode":"LC"},{"id":66074,"name":"City Gate/La Clery","stateCode":"02","countryCode":"LC"},{"id":66078,"name":"Conway/Waterfront","stateCode":"02","countryCode":"LC"},{"id":66080,"name":"Coolie Town","stateCode":"02","countryCode":"LC"},{"id":66085,"name":"Coubaril","stateCode":"02","countryCode":"LC"},{"id":66087,"name":"Crownlands/Marc","stateCode":"02","countryCode":"LC"},{"id":66088,"name":"Cul De Sac","stateCode":"02","countryCode":"LC"},{"id":66091,"name":"Darling Road","stateCode":"02","countryCode":"LC"},{"id":66095,"name":"Deglos","stateCode":"02","countryCode":"LC"},{"id":66106,"name":"Derierre Fort/Old Victoria Road","stateCode":"02","countryCode":"LC"},{"id":66124,"name":"Dubrassay","stateCode":"02","countryCode":"LC"},{"id":66131,"name":"En Pois Doux/Babonneau","stateCode":"02","countryCode":"LC"},{"id":66133,"name":"Entrepot","stateCode":"02","countryCode":"LC"},{"id":66139,"name":"Faux A Chaud","stateCode":"02","countryCode":"LC"},{"id":66140,"name":"Ferrand","stateCode":"02","countryCode":"LC"},{"id":66141,"name":"Floissac/Marc","stateCode":"02","countryCode":"LC"},{"id":66142,"name":"Fond Assau/Babonneau","stateCode":"02","countryCode":"LC"},{"id":66146,"name":"Fond Canie","stateCode":"02","countryCode":"LC"},{"id":66154,"name":"Forestiere","stateCode":"02","countryCode":"LC"},{"id":66160,"name":"George Charles Boulevard","stateCode":"02","countryCode":"LC"},{"id":66162,"name":"Girard","stateCode":"02","countryCode":"LC"},{"id":66164,"name":"Goergeville","stateCode":"02","countryCode":"LC"},{"id":66166,"name":"Goodlands","stateCode":"02","countryCode":"LC"},{"id":66182,"name":"Grass Street","stateCode":"02","countryCode":"LC"},{"id":66183,"name":"Green Gold","stateCode":"02","countryCode":"LC"},{"id":66187,"name":"Guesneau","stateCode":"02","countryCode":"LC"},{"id":66190,"name":"Hill 20/Babonneau","stateCode":"02","countryCode":"LC"},{"id":66191,"name":"Hillcrest Gardens","stateCode":"02","countryCode":"LC"},{"id":66194,"name":"Hospital Road","stateCode":"02","countryCode":"LC"},{"id":66195,"name":"Independence City","stateCode":"02","countryCode":"LC"},{"id":66201,"name":"John Compton Highway","stateCode":"02","countryCode":"LC"},{"id":66204,"name":"L'Anse Road","stateCode":"02","countryCode":"LC"},{"id":66207,"name":"La Carierre","stateCode":"02","countryCode":"LC"},{"id":66209,"name":"La Clery","stateCode":"02","countryCode":"LC"},{"id":66212,"name":"La Croix Maingot","stateCode":"02","countryCode":"LC"},{"id":66218,"name":"La Pansee","stateCode":"02","countryCode":"LC"},{"id":66229,"name":"La Toc","stateCode":"02","countryCode":"LC"},{"id":66232,"name":"Labayee","stateCode":"02","countryCode":"LC"},{"id":66235,"name":"Lastic Hill","stateCode":"02","countryCode":"LC"},{"id":66238,"name":"Leslie Land","stateCode":"02","countryCode":"LC"},{"id":66250,"name":"Marc","stateCode":"02","countryCode":"LC"},{"id":66251,"name":"Marchand","stateCode":"02","countryCode":"LC"},{"id":66252,"name":"Marigot","stateCode":"02","countryCode":"LC"},{"id":66262,"name":"Maynard Hill","stateCode":"02","countryCode":"LC"},{"id":66263,"name":"Miami/Bexon","stateCode":"02","countryCode":"LC"},{"id":66288,"name":"Monkey Town Ciceron","stateCode":"02","countryCode":"LC"},{"id":66291,"name":"Morne Assau/Babonneau","stateCode":"02","countryCode":"LC"},{"id":66297,"name":"Morne Dudon","stateCode":"02","countryCode":"LC"},{"id":66304,"name":"Morne Road","stateCode":"02","countryCode":"LC"},{"id":66305,"name":"Morne Rouge/Marc","stateCode":"02","countryCode":"LC"},{"id":66311,"name":"Mount Pleasant","stateCode":"02","countryCode":"LC"},{"id":66316,"name":"New Village","stateCode":"02","countryCode":"LC"},{"id":66318,"name":"Odsan","stateCode":"02","countryCode":"LC"},{"id":66325,"name":"Parker'S Hill","stateCode":"02","countryCode":"LC"},{"id":66327,"name":"Patterson'S Gap","stateCode":"02","countryCode":"LC"},{"id":66328,"name":"Pavee","stateCode":"02","countryCode":"LC"},{"id":66329,"name":"Peart'S Gap","stateCode":"02","countryCode":"LC"},{"id":66330,"name":"Perou","stateCode":"02","countryCode":"LC"},{"id":66338,"name":"Pointe Seraphine","stateCode":"02","countryCode":"LC"},{"id":66342,"name":"Quarte Chemins","stateCode":"02","countryCode":"LC"},{"id":66346,"name":"Ravine Chabot","stateCode":"02","countryCode":"LC"},{"id":66348,"name":"Ravine Poisson","stateCode":"02","countryCode":"LC"},{"id":66349,"name":"Ravine Touterelle","stateCode":"02","countryCode":"LC"},{"id":66353,"name":"Resinard/Babonneau","stateCode":"02","countryCode":"LC"},{"id":66361,"name":"Rock Hall","stateCode":"02","countryCode":"LC"},{"id":66364,"name":"Rose Hill","stateCode":"02","countryCode":"LC"},{"id":66369,"name":"San Soucis","stateCode":"02","countryCode":"LC"},{"id":66370,"name":"Sand De Feu","stateCode":"02","countryCode":"LC"},{"id":66372,"name":"Sarot","stateCode":"02","countryCode":"LC"},{"id":66387,"name":"Summersdale","stateCode":"02","countryCode":"LC"},{"id":66388,"name":"Sunbilt","stateCode":"02","countryCode":"LC"},{"id":66389,"name":"Sunny Acres","stateCode":"02","countryCode":"LC"},{"id":66390,"name":"Talvern","stateCode":"02","countryCode":"LC"},{"id":66391,"name":"Tapion","stateCode":"02","countryCode":"LC"},{"id":66396,"name":"The Morne","stateCode":"02","countryCode":"LC"},{"id":66399,"name":"Ti Colon","stateCode":"02","countryCode":"LC"},{"id":66402,"name":"Ti Rocher","stateCode":"02","countryCode":"LC"},{"id":66407,"name":"Trois Piton","stateCode":"02","countryCode":"LC"},{"id":66408,"name":"Trou Cochan/Marc","stateCode":"02","countryCode":"LC"},{"id":66409,"name":"Trou Florent/Marc","stateCode":"02","countryCode":"LC"},{"id":66410,"name":"Trou Rouge","stateCode":"02","countryCode":"LC"},{"id":66419,"name":"Vide Bouteille","stateCode":"02","countryCode":"LC"},{"id":66423,"name":"Vigie","stateCode":"02","countryCode":"LC"},{"id":66432,"name":"Waterworks","stateCode":"02","countryCode":"LC"},{"id":66434,"name":"Wilton'S Yard/Grave Yard","stateCode":"02","countryCode":"LC"},{"id":66435,"name":"Yorke Hill","stateCode":"02","countryCode":"LC"},{"id":66000,"name":"Belle Vue","stateCode":"03","countryCode":"LC"},{"id":66023,"name":"Bois Dinde","stateCode":"03","countryCode":"LC"},{"id":66036,"name":"Caffiere","stateCode":"03","countryCode":"LC"},{"id":66061,"name":"Cedars/Chu Tigre","stateCode":"03","countryCode":"LC"},{"id":66069,"name":"Choiseul","stateCode":"03","countryCode":"LC"},{"id":66071,"name":"Christian Hill","stateCode":"03","countryCode":"LC"},{"id":66090,"name":"Dacretin","stateCode":"03","countryCode":"LC"},{"id":66094,"name":"Debreuil","stateCode":"03","countryCode":"LC"},{"id":66097,"name":"Delcer","stateCode":"03","countryCode":"LC"},{"id":66113,"name":"Derriere Morne","stateCode":"03","countryCode":"LC"},{"id":66125,"name":"Dugard","stateCode":"03","countryCode":"LC"},{"id":66127,"name":"Dupre","stateCode":"03","countryCode":"LC"},{"id":66136,"name":"Esperance","stateCode":"03","countryCode":"LC"},{"id":66155,"name":"Franciou","stateCode":"03","countryCode":"LC"},{"id":66197,"name":"Industry","stateCode":"03","countryCode":"LC"},{"id":66213,"name":"La Fargue","stateCode":"03","countryCode":"LC"},{"id":66223,"name":"La Pointe","stateCode":"03","countryCode":"LC"},{"id":66234,"name":"Lamaze","stateCode":"03","countryCode":"LC"},{"id":66236,"name":"Le Riche","stateCode":"03","countryCode":"LC"},{"id":66246,"name":"Mailly Motete","stateCode":"03","countryCode":"LC"},{"id":66259,"name":"Martin","stateCode":"03","countryCode":"LC"},{"id":66286,"name":"Mongouge","stateCode":"03","countryCode":"LC"},{"id":66289,"name":"Monzie","stateCode":"03","countryCode":"LC"},{"id":66299,"name":"Morne Jacques","stateCode":"03","countryCode":"LC"},{"id":66306,"name":"Morne Sion","stateCode":"03","countryCode":"LC"},{"id":66309,"name":"Motete","stateCode":"03","countryCode":"LC"},{"id":66314,"name":"New Field/Fiette","stateCode":"03","countryCode":"LC"},{"id":66340,"name":"Ponyon","stateCode":"03","countryCode":"LC"},{"id":66345,"name":"Raveneau","stateCode":"03","countryCode":"LC"},{"id":66354,"name":"Reunion","stateCode":"03","countryCode":"LC"},{"id":66358,"name":"River Doree","stateCode":"03","countryCode":"LC"},{"id":66360,"name":"Roblot","stateCode":"03","countryCode":"LC"},{"id":66374,"name":"Sauzay","stateCode":"03","countryCode":"LC"},{"id":66376,"name":"Savannesgeorge/Constitution","stateCode":"03","countryCode":"LC"},{"id":66418,"name":"Victoria","stateCode":"03","countryCode":"LC"},{"id":66424,"name":"Village","stateCode":"03","countryCode":"LC"},{"id":65960,"name":"Anse Canot","stateCode":"05","countryCode":"LC"},{"id":65967,"name":"Athens","stateCode":"05","countryCode":"LC"},{"id":65968,"name":"Au Leon","stateCode":"05","countryCode":"LC"},{"id":65982,"name":"Bara Bara","stateCode":"05","countryCode":"LC"},{"id":65988,"name":"Bazile","stateCode":"05","countryCode":"LC"},{"id":66005,"name":"Belmont","stateCode":"05","countryCode":"LC"},{"id":66024,"name":"Bois Joli","stateCode":"05","countryCode":"LC"},{"id":66029,"name":"Bordelais","stateCode":"05","countryCode":"LC"},{"id":66030,"name":"Bosquet D'Or","stateCode":"05","countryCode":"LC"},{"id":66096,"name":"Delaide","stateCode":"05","countryCode":"LC"},{"id":66099,"name":"Dennery","stateCode":"05","countryCode":"LC"},{"id":66100,"name":"Dennery By Pass","stateCode":"05","countryCode":"LC"},{"id":66101,"name":"Dennery By Pass/Green Mountain","stateCode":"05","countryCode":"LC"},{"id":66102,"name":"Dennery By Pass/Rocky Lane","stateCode":"05","countryCode":"LC"},{"id":66103,"name":"Dennery By Pass/White Rock Gardens","stateCode":"05","countryCode":"LC"},{"id":66104,"name":"Dennery Village","stateCode":"05","countryCode":"LC"},{"id":66108,"name":"Derniere Riviere","stateCode":"05","countryCode":"LC"},{"id":66109,"name":"Derniere Riviere/Fond Maricient","stateCode":"05","countryCode":"LC"},{"id":66110,"name":"Derniere Riviere/Mardi Gras/Morne Caca Cochon","stateCode":"05","countryCode":"LC"},{"id":66111,"name":"Derniere Riviere/Morne Panache","stateCode":"05","countryCode":"LC"},{"id":66117,"name":"Despinoze","stateCode":"05","countryCode":"LC"},{"id":66123,"name":"Dubonnaire","stateCode":"05","countryCode":"LC"},{"id":66156,"name":"Gadette","stateCode":"05","countryCode":"LC"},{"id":66170,"name":"Grande Ravine","stateCode":"05","countryCode":"LC"},{"id":66171,"name":"Grande Riviere","stateCode":"05","countryCode":"LC"},{"id":66173,"name":"Grande Riviere/Des Branch","stateCode":"05","countryCode":"LC"},{"id":66174,"name":"Grande Riviere/En Leur Morne/Discompere","stateCode":"05","countryCode":"LC"},{"id":66175,"name":"Grande Riviere/Funier","stateCode":"05","countryCode":"LC"},{"id":66177,"name":"Grande Riviere/Morne Caca Cochon","stateCode":"05","countryCode":"LC"},{"id":66208,"name":"La Caye","stateCode":"05","countryCode":"LC"},{"id":66220,"name":"La Pelle","stateCode":"05","countryCode":"LC"},{"id":66224,"name":"La Pointe","stateCode":"05","countryCode":"LC"},{"id":66226,"name":"La Ressource","stateCode":"05","countryCode":"LC"},{"id":66242,"name":"Lumiere","stateCode":"05","countryCode":"LC"},{"id":66303,"name":"Morne Panache","stateCode":"05","countryCode":"LC"},{"id":66355,"name":"Riche Fond","stateCode":"05","countryCode":"LC"},{"id":66356,"name":"Riche Fond/La Belle Vie","stateCode":"05","countryCode":"LC"},{"id":66357,"name":"Riche Fond/New Village","stateCode":"05","countryCode":"LC"},{"id":66384,"name":"St. Joseph Estate","stateCode":"05","countryCode":"LC"},{"id":66395,"name":"Thamazo","stateCode":"05","countryCode":"LC"},{"id":65993,"name":"Beausejour","stateCode":"06","countryCode":"LC"},{"id":65994,"name":"Beausejour/Fostin'S Development","stateCode":"06","countryCode":"LC"},{"id":65995,"name":"Beausejour/Ndc","stateCode":"06","countryCode":"LC"},{"id":65997,"name":"Bella Rosa","stateCode":"06","countryCode":"LC"},{"id":66001,"name":"Belle Vue","stateCode":"06","countryCode":"LC"},{"id":66003,"name":"Belle Vue Estate","stateCode":"06","countryCode":"LC"},{"id":66016,"name":"Boguis","stateCode":"06","countryCode":"LC"},{"id":66017,"name":"Boguis/Desa Blond","stateCode":"06","countryCode":"LC"},{"id":66021,"name":"Bois D'Orange","stateCode":"06","countryCode":"LC"},{"id":66022,"name":"Bois D'Ornange/Trouya","stateCode":"06","countryCode":"LC"},{"id":66027,"name":"Bonneterre","stateCode":"06","countryCode":"LC"},{"id":66028,"name":"Bonneterre Gardens","stateCode":"06","countryCode":"LC"},{"id":66043,"name":"Cap Estate","stateCode":"06","countryCode":"LC"},{"id":66044,"name":"Cap Estate/Becune Point","stateCode":"06","countryCode":"LC"},{"id":66045,"name":"Cap Estate/Caribbean Park","stateCode":"06","countryCode":"LC"},{"id":66046,"name":"Cap Estate/Golf Park","stateCode":"06","countryCode":"LC"},{"id":66047,"name":"Cap Estate/Lower Saline Point","stateCode":"06","countryCode":"LC"},{"id":66048,"name":"Cap Estate/Mon Du Cap","stateCode":"06","countryCode":"LC"},{"id":66049,"name":"Cap Estate/Ranch Site","stateCode":"06","countryCode":"LC"},{"id":66050,"name":"Cap Estate/Saddlec Back","stateCode":"06","countryCode":"LC"},{"id":66051,"name":"Cap Estate/Upper Saline Point","stateCode":"06","countryCode":"LC"},{"id":66055,"name":"Cas En Bas","stateCode":"06","countryCode":"LC"},{"id":66058,"name":"Caye Manje'","stateCode":"06","countryCode":"LC"},{"id":66082,"name":"Corinth","stateCode":"06","countryCode":"LC"},{"id":66083,"name":"Corinth Estate","stateCode":"06","countryCode":"LC"},{"id":66084,"name":"Corinth/La Bel Lair","stateCode":"06","countryCode":"LC"},{"id":66092,"name":"Dauphin","stateCode":"06","countryCode":"LC"},{"id":66114,"name":"Des Barras","stateCode":"06","countryCode":"LC"},{"id":66115,"name":"Des Barras/Cacolie","stateCode":"06","countryCode":"LC"},{"id":66118,"name":"Desrameaux","stateCode":"06","countryCode":"LC"},{"id":66157,"name":"Garrand","stateCode":"06","countryCode":"LC"},{"id":66169,"name":"Grand Riviere","stateCode":"06","countryCode":"LC"},{"id":66172,"name":"Grande Riviere/Assou Canal","stateCode":"06","countryCode":"LC"},{"id":66176,"name":"Grande Riviere/Ingle Woods","stateCode":"06","countryCode":"LC"},{"id":66178,"name":"Grande Riviere/Morne Serpent","stateCode":"06","countryCode":"LC"},{"id":66179,"name":"Grande Riviere/Norbert","stateCode":"06","countryCode":"LC"},{"id":66180,"name":"Grande Riviere/Piat","stateCode":"06","countryCode":"LC"},{"id":66181,"name":"Grande Riviere/White Rock","stateCode":"06","countryCode":"LC"},{"id":66184,"name":"Gros Islet","stateCode":"06","countryCode":"LC"},{"id":66185,"name":"Gros Islet Town","stateCode":"06","countryCode":"LC"},{"id":66186,"name":"Gros Islet/Edge Water","stateCode":"06","countryCode":"LC"},{"id":66206,"name":"L'Hermitage","stateCode":"06","countryCode":"LC"},{"id":66211,"name":"La Croix Chabourgh","stateCode":"06","countryCode":"LC"},{"id":66214,"name":"La Guerre","stateCode":"06","countryCode":"LC"},{"id":66215,"name":"La Guerre/Chicken Back Street","stateCode":"06","countryCode":"LC"},{"id":66253,"name":"Marisule","stateCode":"06","countryCode":"LC"},{"id":66254,"name":"Marisule/Bon Air","stateCode":"06","countryCode":"LC"},{"id":66255,"name":"Marisule/East Winds","stateCode":"06","countryCode":"LC"},{"id":66256,"name":"Marisule/La Brellotte","stateCode":"06","countryCode":"LC"},{"id":66257,"name":"Marisule/Top Of The World","stateCode":"06","countryCode":"LC"},{"id":66258,"name":"Marquis Estate","stateCode":"06","countryCode":"LC"},{"id":66261,"name":"Massade","stateCode":"06","countryCode":"LC"},{"id":66269,"name":"Monchy","stateCode":"06","countryCode":"LC"},{"id":66270,"name":"Monchy/Careffe","stateCode":"06","countryCode":"LC"},{"id":66271,"name":"Monchy/Cletus Village","stateCode":"06","countryCode":"LC"},{"id":66272,"name":"Monchy/La Borne","stateCode":"06","countryCode":"LC"},{"id":66273,"name":"Monchy/La Borne/Sans Souci","stateCode":"06","countryCode":"LC"},{"id":66274,"name":"Monchy/La Retraite","stateCode":"06","countryCode":"LC"},{"id":66275,"name":"Monchy/Lafeuillee","stateCode":"06","countryCode":"LC"},{"id":66276,"name":"Monchy/Lawi Fwen","stateCode":"06","countryCode":"LC"},{"id":66277,"name":"Monchy/Malgretoute","stateCode":"06","countryCode":"LC"},{"id":66278,"name":"Monchy/Moulin A Vent","stateCode":"06","countryCode":"LC"},{"id":66279,"name":"Monchy/Ravine Macock","stateCode":"06","countryCode":"LC"},{"id":66280,"name":"Monchy/Riviere Mitan","stateCode":"06","countryCode":"LC"},{"id":66281,"name":"Monchy/Ti Dauphin","stateCode":"06","countryCode":"LC"},{"id":66282,"name":"Monchy/Vieux Sucreic","stateCode":"06","countryCode":"LC"},{"id":66283,"name":"Monchy/Vieux Sucreic/Bois D'Inde","stateCode":"06","countryCode":"LC"},{"id":66284,"name":"Monchy/Vieux Sucreic/Careffe","stateCode":"06","countryCode":"LC"},{"id":66285,"name":"Mongiraud","stateCode":"06","countryCode":"LC"},{"id":66287,"name":"Monier","stateCode":"06","countryCode":"LC"},{"id":66295,"name":"Morne Citon","stateCode":"06","countryCode":"LC"},{"id":66320,"name":"Paix Bouche","stateCode":"06","countryCode":"LC"},{"id":66333,"name":"Pigeon Island","stateCode":"06","countryCode":"LC"},{"id":66336,"name":"Plateau","stateCode":"06","countryCode":"LC"},{"id":66350,"name":"Reduit","stateCode":"06","countryCode":"LC"},{"id":66351,"name":"Reduit Orchard","stateCode":"06","countryCode":"LC"},{"id":66352,"name":"Reduit Park","stateCode":"06","countryCode":"LC"},{"id":66362,"name":"Rodney Bay","stateCode":"06","countryCode":"LC"},{"id":66363,"name":"Rodney Heights","stateCode":"06","countryCode":"LC"},{"id":66412,"name":"Union","stateCode":"06","countryCode":"LC"},{"id":66413,"name":"Union Terrace","stateCode":"06","countryCode":"LC"},{"id":66415,"name":"Union/Ti Morne","stateCode":"06","countryCode":"LC"},{"id":65959,"name":"Annus","stateCode":"07","countryCode":"LC"},{"id":65976,"name":"Balca","stateCode":"07","countryCode":"LC"},{"id":65977,"name":"Balca/En Leur Ba","stateCode":"07","countryCode":"LC"},{"id":65978,"name":"Balembouche","stateCode":"07","countryCode":"LC"},{"id":65980,"name":"Banse","stateCode":"07","countryCode":"LC"},{"id":65981,"name":"Banse La Grace","stateCode":"07","countryCode":"LC"},{"id":66026,"name":"Bongalo","stateCode":"07","countryCode":"LC"},{"id":66089,"name":"Daban","stateCode":"07","countryCode":"LC"},{"id":66143,"name":"Fond Berange","stateCode":"07","countryCode":"LC"},{"id":66158,"name":"Gayabois","stateCode":"07","countryCode":"LC"},{"id":66159,"name":"Gentil","stateCode":"07","countryCode":"LC"},{"id":66161,"name":"Getrine","stateCode":"07","countryCode":"LC"},{"id":66163,"name":"Giraud","stateCode":"07","countryCode":"LC"},{"id":66188,"name":"H'Erelle","stateCode":"07","countryCode":"LC"},{"id":66203,"name":"Kennedy Highway/Laborie Bypass","stateCode":"07","countryCode":"LC"},{"id":66216,"name":"La Haut","stateCode":"07","countryCode":"LC"},{"id":66221,"name":"La Perle","stateCode":"07","countryCode":"LC"},{"id":66233,"name":"Laborie","stateCode":"07","countryCode":"LC"},{"id":66241,"name":"Londonderry","stateCode":"07","countryCode":"LC"},{"id":66243,"name":"Macdomel","stateCode":"07","countryCode":"LC"},{"id":66298,"name":"Morne Gomier","stateCode":"07","countryCode":"LC"},{"id":66302,"name":"Morne Le Blanc","stateCode":"07","countryCode":"LC"},{"id":66319,"name":"Olibo","stateCode":"07","countryCode":"LC"},{"id":66324,"name":"Parc Estate","stateCode":"07","countryCode":"LC"},{"id":66331,"name":"Piaye","stateCode":"07","countryCode":"LC"},{"id":66368,"name":"Saltibus","stateCode":"07","countryCode":"LC"},{"id":66371,"name":"Saphire","stateCode":"07","countryCode":"LC"},{"id":66393,"name":"Tete Morne","stateCode":"07","countryCode":"LC"},{"id":66426,"name":"Village","stateCode":"07","countryCode":"LC"},{"id":66431,"name":"Warwick/Daban","stateCode":"07","countryCode":"LC"},{"id":65964,"name":"Anse Ger","stateCode":"08","countryCode":"LC"},{"id":65991,"name":"Beauchamp","stateCode":"08","countryCode":"LC"},{"id":66014,"name":"Blanchard","stateCode":"08","countryCode":"LC"},{"id":66041,"name":"Canelles","stateCode":"08","countryCode":"LC"},{"id":66059,"name":"Cazuca","stateCode":"08","countryCode":"LC"},{"id":66068,"name":"Chique/Blanchard","stateCode":"08","countryCode":"LC"},{"id":66079,"name":"Coolie Town","stateCode":"08","countryCode":"LC"},{"id":66098,"name":"Delomel","stateCode":"08","countryCode":"LC"},{"id":66116,"name":"Des Blanchard","stateCode":"08","countryCode":"LC"},{"id":66119,"name":"Desruisseaux","stateCode":"08","countryCode":"LC"},{"id":66126,"name":"Dugard","stateCode":"08","countryCode":"LC"},{"id":66134,"name":"Escap","stateCode":"08","countryCode":"LC"},{"id":66148,"name":"Fond D'Lor/Dugard","stateCode":"08","countryCode":"LC"},{"id":66150,"name":"Fond Estate","stateCode":"08","countryCode":"LC"},{"id":66153,"name":"Fond/Desruisseaux","stateCode":"08","countryCode":"LC"},{"id":66165,"name":"Gomier","stateCode":"08","countryCode":"LC"},{"id":66167,"name":"Gouette","stateCode":"08","countryCode":"LC"},{"id":66192,"name":"Honeymoon Beach","stateCode":"08","countryCode":"LC"},{"id":66205,"name":"L'Eau Mineau","stateCode":"08","countryCode":"LC"},{"id":66210,"name":"La Courville","stateCode":"08","countryCode":"LC"},{"id":66222,"name":"La Pointe","stateCode":"08","countryCode":"LC"},{"id":66228,"name":"La Tille","stateCode":"08","countryCode":"LC"},{"id":66239,"name":"Lezy","stateCode":"08","countryCode":"LC"},{"id":66240,"name":"Lombard","stateCode":"08","countryCode":"LC"},{"id":66245,"name":"Mahaut","stateCode":"08","countryCode":"LC"},{"id":66247,"name":"Malgretoute","stateCode":"08","countryCode":"LC"},{"id":66249,"name":"Mamiku","stateCode":"08","countryCode":"LC"},{"id":66264,"name":"Micoud","stateCode":"08","countryCode":"LC"},{"id":66268,"name":"Mon Repos","stateCode":"08","countryCode":"LC"},{"id":66290,"name":"Moreau","stateCode":"08","countryCode":"LC"},{"id":66308,"name":"Morne Vient","stateCode":"08","countryCode":"LC"},{"id":66312,"name":"Myette Gardens","stateCode":"08","countryCode":"LC"},{"id":66315,"name":"New Village","stateCode":"08","countryCode":"LC"},{"id":66321,"name":"Paix Bouche","stateCode":"08","countryCode":"LC"},{"id":66323,"name":"Palmiste Estate","stateCode":"08","countryCode":"LC"},{"id":66326,"name":"Patience","stateCode":"08","countryCode":"LC"},{"id":66334,"name":"Planard","stateCode":"08","countryCode":"LC"},{"id":66341,"name":"Praslin","stateCode":"08","countryCode":"LC"},{"id":66344,"name":"Rameau","stateCode":"08","countryCode":"LC"},{"id":66367,"name":"Saint Marie Road","stateCode":"08","countryCode":"LC"},{"id":66373,"name":"Saut","stateCode":"08","countryCode":"LC"},{"id":66375,"name":"Savannes","stateCode":"08","countryCode":"LC"},{"id":66379,"name":"St Helen Estate","stateCode":"08","countryCode":"LC"},{"id":66401,"name":"Ti Riviere","stateCode":"08","countryCode":"LC"},{"id":66403,"name":"Ti Rocher","stateCode":"08","countryCode":"LC"},{"id":66411,"name":"Troumassee","stateCode":"08","countryCode":"LC"},{"id":66425,"name":"Village","stateCode":"08","countryCode":"LC"},{"id":66430,"name":"Volet","stateCode":"08","countryCode":"LC"},{"id":65961,"name":"Anse Chastanet","stateCode":"10","countryCode":"LC"},{"id":65984,"name":"Barons Drive/Coin De L'Anse","stateCode":"10","countryCode":"LC"},{"id":65990,"name":"Beasejour/Myers Bridge","stateCode":"10","countryCode":"LC"},{"id":65999,"name":"Belle Plaine","stateCode":"10","countryCode":"LC"},{"id":66004,"name":"Bellefond","stateCode":"10","countryCode":"LC"},{"id":66007,"name":"Belvedere","stateCode":"10","countryCode":"LC"},{"id":66020,"name":"Bois D'Inde","stateCode":"10","countryCode":"LC"},{"id":66031,"name":"Bouton","stateCode":"10","countryCode":"LC"},{"id":66039,"name":"Calvary/Calvaire","stateCode":"10","countryCode":"LC"},{"id":66062,"name":"Cenac","stateCode":"10","countryCode":"LC"},{"id":66067,"name":"Chateau Belair","stateCode":"10","countryCode":"LC"},{"id":66076,"name":"Colombette","stateCode":"10","countryCode":"LC"},{"id":66077,"name":"Compar","stateCode":"10","countryCode":"LC"},{"id":66086,"name":"Cresslands","stateCode":"10","countryCode":"LC"},{"id":66120,"name":"Deville","stateCode":"10","countryCode":"LC"},{"id":66121,"name":"Diamond/Diamond Estate","stateCode":"10","countryCode":"LC"},{"id":66137,"name":"Esperance","stateCode":"10","countryCode":"LC"},{"id":66138,"name":"Etangs","stateCode":"10","countryCode":"LC"},{"id":66144,"name":"Fond Bernier","stateCode":"10","countryCode":"LC"},{"id":66145,"name":"Fond Cacoa","stateCode":"10","countryCode":"LC"},{"id":66149,"name":"Fond Doux","stateCode":"10","countryCode":"LC"},{"id":66151,"name":"Fond Gens Libre","stateCode":"10","countryCode":"LC"},{"id":66199,"name":"Jalousie","stateCode":"10","countryCode":"LC"},{"id":66217,"name":"La Haut","stateCode":"10","countryCode":"LC"},{"id":66219,"name":"La Pearle","stateCode":"10","countryCode":"LC"},{"id":66237,"name":"Lenny Hill","stateCode":"10","countryCode":"LC"},{"id":66248,"name":"Malgretoute","stateCode":"10","countryCode":"LC"},{"id":66265,"name":"Migny","stateCode":"10","countryCode":"LC"},{"id":66267,"name":"Mocha","stateCode":"10","countryCode":"LC"},{"id":66292,"name":"Morne Bonin","stateCode":"10","countryCode":"LC"},{"id":66300,"name":"Morne La Croix","stateCode":"10","countryCode":"LC"},{"id":66301,"name":"Morne Lastic/Desruisseaux","stateCode":"10","countryCode":"LC"},{"id":66313,"name":"New Development","stateCode":"10","countryCode":"LC"},{"id":66322,"name":"Palmiste","stateCode":"10","countryCode":"LC"},{"id":66335,"name":"Plat Pays","stateCode":"10","countryCode":"LC"},{"id":66343,"name":"Rabot","stateCode":"10","countryCode":"LC"},{"id":66347,"name":"Ravine Claire","stateCode":"10","countryCode":"LC"},{"id":66366,"name":"Ruby Estate","stateCode":"10","countryCode":"LC"},{"id":66378,"name":"Soufrière","stateCode":"10","countryCode":"LC"},{"id":66377,"name":"Soufriere Estate","stateCode":"10","countryCode":"LC"},{"id":66383,"name":"St Phillip","stateCode":"10","countryCode":"LC"},{"id":66385,"name":"Stonefield","stateCode":"10","countryCode":"LC"},{"id":66386,"name":"Sulphur Springs","stateCode":"10","countryCode":"LC"},{"id":66398,"name":"Ti Boug","stateCode":"10","countryCode":"LC"},{"id":66400,"name":"Ti Delcer","stateCode":"10","countryCode":"LC"},{"id":66404,"name":"Toraille","stateCode":"10","countryCode":"LC"},{"id":66405,"name":"Town","stateCode":"10","countryCode":"LC"},{"id":66414,"name":"Union Vale","stateCode":"10","countryCode":"LC"},{"id":66436,"name":"Zenon","stateCode":"10","countryCode":"LC"},{"id":65971,"name":"Augier","stateCode":"11","countryCode":"LC"},{"id":65989,"name":"Beane Field","stateCode":"11","countryCode":"LC"},{"id":65992,"name":"Beausejour","stateCode":"11","countryCode":"LC"},{"id":66002,"name":"Belle Vue","stateCode":"11","countryCode":"LC"},{"id":66012,"name":"Black Bay","stateCode":"11","countryCode":"LC"},{"id":66032,"name":"Bruceville/Shanty Town","stateCode":"11","countryCode":"LC"},{"id":66034,"name":"Cacoa","stateCode":"11","countryCode":"LC"},{"id":66042,"name":"Cantonement","stateCode":"11","countryCode":"LC"},{"id":66054,"name":"Carierre","stateCode":"11","countryCode":"LC"},{"id":66057,"name":"Catin","stateCode":"11","countryCode":"LC"},{"id":66075,"name":"Cocoa Dan","stateCode":"11","countryCode":"LC"},{"id":66081,"name":"Coolie Town","stateCode":"11","countryCode":"LC"},{"id":66093,"name":"De Mailly","stateCode":"11","countryCode":"LC"},{"id":66105,"name":"Derierre Bois","stateCode":"11","countryCode":"LC"},{"id":66107,"name":"Derierre Morne","stateCode":"11","countryCode":"LC"},{"id":66122,"name":"Docamel/La Resource","stateCode":"11","countryCode":"LC"},{"id":66129,"name":"Eau Piquant/St Urbain","stateCode":"11","countryCode":"LC"},{"id":66130,"name":"En Bamboo","stateCode":"11","countryCode":"LC"},{"id":66135,"name":"Esperance","stateCode":"11","countryCode":"LC"},{"id":66147,"name":"Fond Capeche","stateCode":"11","countryCode":"LC"},{"id":66152,"name":"Fond Sabot","stateCode":"11","countryCode":"LC"},{"id":66168,"name":"Grace","stateCode":"11","countryCode":"LC"},{"id":66189,"name":"Hewanorra Orchard","stateCode":"11","countryCode":"LC"},{"id":66193,"name":"Hope Estate","stateCode":"11","countryCode":"LC"},{"id":66196,"name":"Industrial Estate","stateCode":"11","countryCode":"LC"},{"id":66202,"name":"Joyeux","stateCode":"11","countryCode":"LC"},{"id":66225,"name":"La Resource","stateCode":"11","countryCode":"LC"},{"id":66227,"name":"La Retraite","stateCode":"11","countryCode":"LC"},{"id":66230,"name":"La Tourney/Cedar Heights","stateCode":"11","countryCode":"LC"},{"id":66244,"name":"Maganier","stateCode":"11","countryCode":"LC"},{"id":66293,"name":"Morne Cayenne","stateCode":"11","countryCode":"LC"},{"id":66307,"name":"Morne Vert","stateCode":"11","countryCode":"LC"},{"id":66310,"name":"Moule A Chique","stateCode":"11","countryCode":"LC"},{"id":66317,"name":"Obrier","stateCode":"11","countryCode":"LC"},{"id":66332,"name":"Pierrot","stateCode":"11","countryCode":"LC"},{"id":66337,"name":"Plut","stateCode":"11","countryCode":"LC"},{"id":66339,"name":"Pomme","stateCode":"11","countryCode":"LC"},{"id":66380,"name":"St Jude'S Highway","stateCode":"11","countryCode":"LC"},{"id":66394,"name":"Tete Morne/Morne Andrew","stateCode":"11","countryCode":"LC"},{"id":66406,"name":"Town","stateCode":"11","countryCode":"LC"},{"id":66420,"name":"Vieux Fort","stateCode":"11","countryCode":"LC"},{"id":66421,"name":"Vieux Fort/Laborie Highway","stateCode":"11","countryCode":"LC"},{"id":66422,"name":"Vige'","stateCode":"11","countryCode":"LC"},{"id":66433,"name":"Westall Group/The Mangue","stateCode":"11","countryCode":"LC"}]