[{"id":131015,"name":"Adelaide","stateCode":"EC","countryCode":"ZA"},{"id":131018,"name":"Alfred Nzo District Municipality","stateCode":"EC","countryCode":"ZA"},{"id":131019,"name":"Alice","stateCode":"EC","countryCode":"ZA"},{"id":131020,"name":"Aliwal North","stateCode":"EC","countryCode":"ZA"},{"id":131023,"name":"Amathole District Municipality","stateCode":"EC","countryCode":"ZA"},{"id":131037,"name":"Bhisho","stateCode":"EC","countryCode":"ZA"},{"id":131052,"name":"Buffalo City Metropolitan Municipality","stateCode":"EC","countryCode":"ZA"},{"id":131053,"name":"Burgersdorp","stateCode":"EC","countryCode":"ZA"},{"id":131054,"name":"Butterworth","stateCode":"EC","countryCode":"ZA"},{"id":131055,"name":"Cacadu District Municipality","stateCode":"EC","countryCode":"ZA"},{"id":131068,"name":"Chris Hani District Municipality","stateCode":"EC","countryCode":"ZA"},{"id":131078,"name":"Cradock","stateCode":"EC","countryCode":"ZA"},{"id":131086,"name":"Dordrecht","stateCode":"EC","countryCode":"ZA"},{"id":131093,"name":"East London","stateCode":"EC","countryCode":"ZA"},{"id":131103,"name":"Elliot","stateCode":"EC","countryCode":"ZA"},{"id":131109,"name":"Fort Beaufort","stateCode":"EC","countryCode":"ZA"},{"id":131119,"name":"Graaff-Reinet","stateCode":"EC","countryCode":"ZA"},{"id":131121,"name":"Grahamstown","stateCode":"EC","countryCode":"ZA"},{"id":131133,"name":"Ilinge","stateCode":"EC","countryCode":"ZA"},{"id":131135,"name":"Joe Gqabi District Municipality","stateCode":"EC","countryCode":"ZA"},{"id":131141,"name":"Kirkwood","stateCode":"EC","countryCode":"ZA"},{"id":131152,"name":"Kruisfontein","stateCode":"EC","countryCode":"ZA"},{"id":131157,"name":"Lady Frere","stateCode":"EC","countryCode":"ZA"},{"id":131174,"name":"Middelburg","stateCode":"EC","countryCode":"ZA"},{"id":131182,"name":"Molteno","stateCode":"EC","countryCode":"ZA"},{"id":131191,"name":"Mthatha","stateCode":"EC","countryCode":"ZA"},{"id":131197,"name":"Nelson Mandela Bay Metropolitan Municipality","stateCode":"EC","countryCode":"ZA"},{"id":131206,"name":"OR Tambo District Municipality","stateCode":"EC","countryCode":"ZA"},{"id":131224,"name":"Port Alfred","stateCode":"EC","countryCode":"ZA"},{"id":131225,"name":"Port Elizabeth","stateCode":"EC","countryCode":"ZA"},{"id":131226,"name":"Port Saint John’s","stateCode":"EC","countryCode":"ZA"},{"id":131233,"name":"Queensdale","stateCode":"EC","countryCode":"ZA"},{"id":131234,"name":"Queenstown","stateCode":"EC","countryCode":"ZA"},{"id":131259,"name":"Somerset East","stateCode":"EC","countryCode":"ZA"},{"id":131266,"name":"Stutterheim","stateCode":"EC","countryCode":"ZA"},{"id":131279,"name":"Uitenhage","stateCode":"EC","countryCode":"ZA"},{"id":131308,"name":"Whittlesea","stateCode":"EC","countryCode":"ZA"},{"id":131309,"name":"Willowmore","stateCode":"EC","countryCode":"ZA"},{"id":131021,"name":"Allanridge","stateCode":"FS","countryCode":"ZA"},{"id":131036,"name":"Bethlehem","stateCode":"FS","countryCode":"ZA"},{"id":131038,"name":"Bloemfontein","stateCode":"FS","countryCode":"ZA"},{"id":131043,"name":"Bothaville","stateCode":"FS","countryCode":"ZA"},{"id":131044,"name":"Botshabelo","stateCode":"FS","countryCode":"ZA"},{"id":131046,"name":"Brandfort","stateCode":"FS","countryCode":"ZA"},{"id":131075,"name":"Clocolan","stateCode":"FS","countryCode":"ZA"},{"id":131084,"name":"Deneysville","stateCode":"FS","countryCode":"ZA"},{"id":131107,"name":"Fezile Dabi District Municipality","stateCode":"FS","countryCode":"ZA"},{"id":131111,"name":"Frankfort","stateCode":"FS","countryCode":"ZA"},{"id":131124,"name":"Harrismith","stateCode":"FS","countryCode":"ZA"},{"id":131126,"name":"Heilbron","stateCode":"FS","countryCode":"ZA"},{"id":131128,"name":"Hennenman","stateCode":"FS","countryCode":"ZA"},{"id":131131,"name":"Hoopstad","stateCode":"FS","countryCode":"ZA"},{"id":131146,"name":"Koppies","stateCode":"FS","countryCode":"ZA"},{"id":131150,"name":"Kroonstad","stateCode":"FS","countryCode":"ZA"},{"id":131154,"name":"Kutloanong","stateCode":"FS","countryCode":"ZA"},{"id":131158,"name":"Ladybrand","stateCode":"FS","countryCode":"ZA"},{"id":131161,"name":"Lejweleputswa District Municipality","stateCode":"FS","countryCode":"ZA"},{"id":131163,"name":"Lindley","stateCode":"FS","countryCode":"ZA"},{"id":131170,"name":"Mangaung Metropolitan Municipality","stateCode":"FS","countryCode":"ZA"},{"id":131173,"name":"Marquard","stateCode":"FS","countryCode":"ZA"},{"id":131214,"name":"Parys","stateCode":"FS","countryCode":"ZA"},{"id":131216,"name":"Phuthaditjhaba","stateCode":"FS","countryCode":"ZA"},{"id":131237,"name":"Reitz","stateCode":"FS","countryCode":"ZA"},{"id":131249,"name":"Sasolburg","stateCode":"FS","countryCode":"ZA"},{"id":131255,"name":"Senekal","stateCode":"FS","countryCode":"ZA"},{"id":131271,"name":"Thaba Nchu","stateCode":"FS","countryCode":"ZA"},{"id":131273,"name":"Thabo Mofutsanyana District Municipality","stateCode":"FS","countryCode":"ZA"},{"id":131274,"name":"Theunissen","stateCode":"FS","countryCode":"ZA"},{"id":131285,"name":"Ventersburg","stateCode":"FS","countryCode":"ZA"},{"id":131288,"name":"Viljoenskroon","stateCode":"FS","countryCode":"ZA"},{"id":131289,"name":"Villiers","stateCode":"FS","countryCode":"ZA"},{"id":131290,"name":"Virginia","stateCode":"FS","countryCode":"ZA"},{"id":131292,"name":"Vrede","stateCode":"FS","countryCode":"ZA"},{"id":131293,"name":"Vredefort","stateCode":"FS","countryCode":"ZA"},{"id":131301,"name":"Welkom","stateCode":"FS","countryCode":"ZA"},{"id":131303,"name":"Wesselsbron","stateCode":"FS","countryCode":"ZA"},{"id":131310,"name":"Winburg","stateCode":"FS","countryCode":"ZA"},{"id":131314,"name":"Xhariep District Municipality","stateCode":"FS","countryCode":"ZA"},{"id":131315,"name":"Zastron","stateCode":"FS","countryCode":"ZA"},{"id":131017,"name":"Alberton","stateCode":"GP","countryCode":"ZA"},{"id":131032,"name":"Benoni","stateCode":"GP","countryCode":"ZA"},{"id":131042,"name":"Boksburg","stateCode":"GP","countryCode":"ZA"},{"id":131045,"name":"Brakpan","stateCode":"GP","countryCode":"ZA"},{"id":131051,"name":"Bronkhorstspruit","stateCode":"GP","countryCode":"ZA"},{"id":131062,"name":"Carletonville","stateCode":"GP","countryCode":"ZA"},{"id":131066,"name":"Centurion","stateCode":"GP","countryCode":"ZA"},{"id":131071,"name":"City of Johannesburg Metropolitan Municipality","stateCode":"GP","countryCode":"ZA"},{"id":131072,"name":"City of Tshwane Metropolitan Municipality","stateCode":"GP","countryCode":"ZA"},{"id":131079,"name":"Cullinan","stateCode":"GP","countryCode":"ZA"},{"id":131085,"name":"Diepsloot","stateCode":"GP","countryCode":"ZA"},{"id":131094,"name":"Eastleigh","stateCode":"GP","countryCode":"ZA"},{"id":131096,"name":"Eden Glen","stateCode":"GP","countryCode":"ZA"},{"id":131097,"name":"Eden Glen Ext 60","stateCode":"GP","countryCode":"ZA"},{"id":131098,"name":"Edenvale","stateCode":"GP","countryCode":"ZA"},{"id":131100,"name":"Ekangala","stateCode":"GP","countryCode":"ZA"},{"id":131101,"name":"Ekurhuleni Metropolitan Municipality","stateCode":"GP","countryCode":"ZA"},{"id":131125,"name":"Heidelberg","stateCode":"GP","countryCode":"ZA"},{"id":131136,"name":"Johannesburg","stateCode":"GP","countryCode":"ZA"},{"id":131151,"name":"Krugersdorp","stateCode":"GP","countryCode":"ZA"},{"id":131166,"name":"Mabopane","stateCode":"GP","countryCode":"ZA"},{"id":131176,"name":"Midrand","stateCode":"GP","countryCode":"ZA"},{"id":131177,"name":"Midstream","stateCode":"GP","countryCode":"ZA"},{"id":131179,"name":"Modderfontein","stateCode":"GP","countryCode":"ZA"},{"id":131193,"name":"Muldersdriseloop","stateCode":"GP","countryCode":"ZA"},{"id":131202,"name":"Nigel","stateCode":"GP","countryCode":"ZA"},{"id":131207,"name":"Orange Farm","stateCode":"GP","countryCode":"ZA"},{"id":131230,"name":"Pretoria","stateCode":"GP","countryCode":"ZA"},{"id":131235,"name":"Randburg","stateCode":"GP","countryCode":"ZA"},{"id":131236,"name":"Randfontein","stateCode":"GP","countryCode":"ZA"},{"id":131245,"name":"Roodepoort","stateCode":"GP","countryCode":"ZA"},{"id":131253,"name":"Sedibeng District Municipality","stateCode":"GP","countryCode":"ZA"},{"id":131260,"name":"Soweto","stateCode":"GP","countryCode":"ZA"},{"id":131262,"name":"Springs","stateCode":"GP","countryCode":"ZA"},{"id":131270,"name":"Tembisa","stateCode":"GP","countryCode":"ZA"},{"id":131284,"name":"Vanderbijlpark","stateCode":"GP","countryCode":"ZA"},{"id":131286,"name":"Vereeniging","stateCode":"GP","countryCode":"ZA"},{"id":131305,"name":"West Rand District Municipality","stateCode":"GP","countryCode":"ZA"},{"id":131306,"name":"Westonaria","stateCode":"GP","countryCode":"ZA"},{"id":131022,"name":"Amajuba District Municipality","stateCode":"KZN","countryCode":"ZA"},{"id":131027,"name":"Ballito","stateCode":"KZN","countryCode":"ZA"},{"id":131033,"name":"Berea","stateCode":"KZN","countryCode":"ZA"},{"id":131091,"name":"Dundee","stateCode":"KZN","countryCode":"ZA"},{"id":131092,"name":"Durban","stateCode":"KZN","countryCode":"ZA"},{"id":131102,"name":"Ekuvukeni","stateCode":"KZN","countryCode":"ZA"},{"id":131320,"name":"eMkhomazi","stateCode":"KZN","countryCode":"ZA"},{"id":131104,"name":"Empangeni","stateCode":"KZN","countryCode":"ZA"},{"id":131106,"name":"Eshowe","stateCode":"KZN","countryCode":"ZA"},{"id":131321,"name":"eSikhaleni","stateCode":"KZN","countryCode":"ZA"},{"id":131322,"name":"eThekwini Metropolitan Municipality","stateCode":"KZN","countryCode":"ZA"},{"id":131118,"name":"Glencoe","stateCode":"KZN","countryCode":"ZA"},{"id":131122,"name":"Greytown","stateCode":"KZN","countryCode":"ZA"},{"id":131130,"name":"Hluhluwe","stateCode":"KZN","countryCode":"ZA"},{"id":131132,"name":"Howick","stateCode":"KZN","countryCode":"ZA"},{"id":131323,"name":"iLembe District Municipality","stateCode":"KZN","countryCode":"ZA"},{"id":131144,"name":"Kokstad","stateCode":"KZN","countryCode":"ZA"},{"id":131155,"name":"KwaDukuza","stateCode":"KZN","countryCode":"ZA"},{"id":131172,"name":"Margate","stateCode":"KZN","countryCode":"ZA"},{"id":131183,"name":"Mondlo","stateCode":"KZN","countryCode":"ZA"},{"id":131185,"name":"Mooirivier","stateCode":"KZN","countryCode":"ZA"},{"id":131189,"name":"Mpophomeni","stateCode":"KZN","countryCode":"ZA"},{"id":131190,"name":"Mpumalanga","stateCode":"KZN","countryCode":"ZA"},{"id":131192,"name":"Mtubatuba","stateCode":"KZN","countryCode":"ZA"},{"id":131196,"name":"Ndwedwe","stateCode":"KZN","countryCode":"ZA"},{"id":131199,"name":"Newcastle","stateCode":"KZN","countryCode":"ZA"},{"id":131218,"name":"Pietermaritzburg","stateCode":"KZN","countryCode":"ZA"},{"id":131227,"name":"Port Shepstone","stateCode":"KZN","countryCode":"ZA"},{"id":131239,"name":"Richards Bay","stateCode":"KZN","countryCode":"ZA"},{"id":131240,"name":"Richmond","stateCode":"KZN","countryCode":"ZA"},{"id":131251,"name":"Scottburgh","stateCode":"KZN","countryCode":"ZA"},{"id":131256,"name":"Sisonke District Municipality","stateCode":"KZN","countryCode":"ZA"},{"id":131267,"name":"Sundumbili","stateCode":"KZN","countryCode":"ZA"},{"id":131278,"name":"Ugu District Municipality","stateCode":"KZN","countryCode":"ZA"},{"id":131280,"name":"Ulundi","stateCode":"KZN","countryCode":"ZA"},{"id":131324,"name":"uMgungundlovu","stateCode":"KZN","countryCode":"ZA"},{"id":131325,"name":"uMkhanyakude District Municipality","stateCode":"KZN","countryCode":"ZA"},{"id":131326,"name":"uMzinyathi District Municipality","stateCode":"KZN","countryCode":"ZA"},{"id":131327,"name":"uThukela District Municipality","stateCode":"KZN","countryCode":"ZA"},{"id":131328,"name":"uThungulu District Municipality","stateCode":"KZN","countryCode":"ZA"},{"id":131282,"name":"Utrecht","stateCode":"KZN","countryCode":"ZA"},{"id":131297,"name":"Vryheid","stateCode":"KZN","countryCode":"ZA"},{"id":131318,"name":"Zululand District Municipality","stateCode":"KZN","countryCode":"ZA"},{"id":131040,"name":"Bochum","stateCode":"LP","countryCode":"ZA"},{"id":131061,"name":"Capricorn District Municipality","stateCode":"LP","countryCode":"ZA"},{"id":131090,"name":"Duiwelskloof","stateCode":"LP","countryCode":"ZA"},{"id":131113,"name":"Ga-Kgapane","stateCode":"LP","countryCode":"ZA"},{"id":131117,"name":"Giyani","stateCode":"LP","countryCode":"ZA"},{"id":131160,"name":"Lebowakgomo","stateCode":"LP","countryCode":"ZA"},{"id":131164,"name":"Louis Trichardt","stateCode":"LP","countryCode":"ZA"},{"id":131171,"name":"Mankoeng","stateCode":"LP","countryCode":"ZA"},{"id":131180,"name":"Modimolle","stateCode":"LP","countryCode":"ZA"},{"id":131181,"name":"Mokopane","stateCode":"LP","countryCode":"ZA"},{"id":131187,"name":"Mopani District Municipality","stateCode":"LP","countryCode":"ZA"},{"id":131194,"name":"Musina","stateCode":"LP","countryCode":"ZA"},{"id":131204,"name":"Nkowakowa","stateCode":"LP","countryCode":"ZA"},{"id":131215,"name":"Phalaborwa","stateCode":"LP","countryCode":"ZA"},{"id":131223,"name":"Polokwane","stateCode":"LP","countryCode":"ZA"},{"id":131254,"name":"Sekhukhune District Municipality","stateCode":"LP","countryCode":"ZA"},{"id":131272,"name":"Thabazimbi","stateCode":"LP","countryCode":"ZA"},{"id":131275,"name":"Thohoyandou","stateCode":"LP","countryCode":"ZA"},{"id":131276,"name":"Thulamahashi","stateCode":"LP","countryCode":"ZA"},{"id":131277,"name":"Tzaneen","stateCode":"LP","countryCode":"ZA"},{"id":131287,"name":"Vhembe District Municipality","stateCode":"LP","countryCode":"ZA"},{"id":131298,"name":"Warmbaths","stateCode":"LP","countryCode":"ZA"},{"id":131300,"name":"Waterberg District Municipality","stateCode":"LP","countryCode":"ZA"},{"id":131026,"name":"Balfour","stateCode":"MP","countryCode":"ZA"},{"id":131028,"name":"Barberton","stateCode":"MP","countryCode":"ZA"},{"id":131031,"name":"Belfast","stateCode":"MP","countryCode":"ZA"},{"id":131035,"name":"Bethal","stateCode":"MP","countryCode":"ZA"},{"id":131049,"name":"Breyten","stateCode":"MP","countryCode":"ZA"},{"id":131064,"name":"Carolina","stateCode":"MP","countryCode":"ZA"},{"id":131083,"name":"Delmas","stateCode":"MP","countryCode":"ZA"},{"id":131089,"name":"Driefontein","stateCode":"MP","countryCode":"ZA"},{"id":131099,"name":"Ehlanzeni District","stateCode":"MP","countryCode":"ZA"},{"id":131319,"name":"eMbalenhle","stateCode":"MP","countryCode":"ZA"},{"id":131105,"name":"Ermelo","stateCode":"MP","countryCode":"ZA"},{"id":131116,"name":"Gert Sibande District Municipality","stateCode":"MP","countryCode":"ZA"},{"id":131127,"name":"Hendrina","stateCode":"MP","countryCode":"ZA"},{"id":131145,"name":"Komatipoort","stateCode":"MP","countryCode":"ZA"},{"id":131149,"name":"Kriel","stateCode":"MP","countryCode":"ZA"},{"id":131165,"name":"Lydenburg","stateCode":"MP","countryCode":"ZA"},{"id":131175,"name":"Middelburg","stateCode":"MP","countryCode":"ZA"},{"id":131198,"name":"Nelspruit","stateCode":"MP","countryCode":"ZA"},{"id":131203,"name":"Nkangala District Municipality","stateCode":"MP","countryCode":"ZA"},{"id":131217,"name":"Piet Retief","stateCode":"MP","countryCode":"ZA"},{"id":131252,"name":"Secunda","stateCode":"MP","countryCode":"ZA"},{"id":131257,"name":"Siyabuswa","stateCode":"MP","countryCode":"ZA"},{"id":131263,"name":"Standerton","stateCode":"MP","countryCode":"ZA"},{"id":131291,"name":"Volksrust","stateCode":"MP","countryCode":"ZA"},{"id":131307,"name":"White River","stateCode":"MP","countryCode":"ZA"},{"id":131311,"name":"Witbank","stateCode":"MP","countryCode":"ZA"},{"id":131039,"name":"Bloemhof","stateCode":"NW","countryCode":"ZA"},{"id":131041,"name":"Bojanala Platinum District Municipality","stateCode":"NW","countryCode":"ZA"},{"id":131050,"name":"Brits","stateCode":"NW","countryCode":"ZA"},{"id":131069,"name":"Christiana","stateCode":"NW","countryCode":"ZA"},{"id":131087,"name":"Dr Kenneth Kaunda District Municipality","stateCode":"NW","countryCode":"ZA"},{"id":131088,"name":"Dr Ruth Segomotsi Mompati District Municipality","stateCode":"NW","countryCode":"ZA"},{"id":131108,"name":"Fochville","stateCode":"NW","countryCode":"ZA"},{"id":131114,"name":"Ga-Rankuwa","stateCode":"NW","countryCode":"ZA"},{"id":131134,"name":"Jan Kempdorp","stateCode":"NW","countryCode":"ZA"},{"id":131142,"name":"Klerksdorp","stateCode":"NW","countryCode":"ZA"},{"id":131147,"name":"Koster","stateCode":"NW","countryCode":"ZA"},{"id":131162,"name":"Lichtenburg","stateCode":"NW","countryCode":"ZA"},{"id":131167,"name":"Mahikeng","stateCode":"NW","countryCode":"ZA"},{"id":131168,"name":"Maile","stateCode":"NW","countryCode":"ZA"},{"id":131178,"name":"Mmabatho","stateCode":"NW","countryCode":"ZA"},{"id":131201,"name":"Ngaka Modiri Molema District Municipality","stateCode":"NW","countryCode":"ZA"},{"id":131209,"name":"Orkney","stateCode":"NW","countryCode":"ZA"},{"id":131229,"name":"Potchefstroom","stateCode":"NW","countryCode":"ZA"},{"id":131247,"name":"Rustenburg","stateCode":"NW","countryCode":"ZA"},{"id":131250,"name":"Schweizer-Reneke","stateCode":"NW","countryCode":"ZA"},{"id":131265,"name":"Stilfontein","stateCode":"NW","countryCode":"ZA"},{"id":131296,"name":"Vryburg","stateCode":"NW","countryCode":"ZA"},{"id":131312,"name":"Wolmaransstad","stateCode":"NW","countryCode":"ZA"},{"id":131316,"name":"Zeerust","stateCode":"NW","countryCode":"ZA"},{"id":131029,"name":"Barkly West","stateCode":"NC","countryCode":"ZA"},{"id":131047,"name":"Brandvlei","stateCode":"NC","countryCode":"ZA"},{"id":131058,"name":"Calvinia","stateCode":"NC","countryCode":"ZA"},{"id":131063,"name":"Carnarvon","stateCode":"NC","countryCode":"ZA"},{"id":131076,"name":"Colesberg","stateCode":"NC","countryCode":"ZA"},{"id":131080,"name":"Daniëlskuil","stateCode":"NC","countryCode":"ZA"},{"id":131081,"name":"De Aar","stateCode":"NC","countryCode":"ZA"},{"id":131110,"name":"Frances Baard District Municipality","stateCode":"NC","countryCode":"ZA"},{"id":131112,"name":"Fraserburg","stateCode":"NC","countryCode":"ZA"},{"id":131137,"name":"John Taolo Gaetsewe District Municipality","stateCode":"NC","countryCode":"ZA"},{"id":131138,"name":"Kathu","stateCode":"NC","countryCode":"ZA"},{"id":131139,"name":"Kenhardt","stateCode":"NC","countryCode":"ZA"},{"id":131140,"name":"Kimberley","stateCode":"NC","countryCode":"ZA"},{"id":131153,"name":"Kuruman","stateCode":"NC","countryCode":"ZA"},{"id":131195,"name":"Namakwa District Municipality","stateCode":"NC","countryCode":"ZA"},{"id":131205,"name":"Noupoort","stateCode":"NC","countryCode":"ZA"},{"id":131208,"name":"Orania","stateCode":"NC","countryCode":"ZA"},{"id":131213,"name":"Pampierstad","stateCode":"NC","countryCode":"ZA"},{"id":131220,"name":"Pixley ka Seme District Municipality","stateCode":"NC","countryCode":"ZA"},{"id":131222,"name":"Pofadder","stateCode":"NC","countryCode":"ZA"},{"id":131228,"name":"Postmasburg","stateCode":"NC","countryCode":"ZA"},{"id":131231,"name":"Prieska","stateCode":"NC","countryCode":"ZA"},{"id":131241,"name":"Ritchie","stateCode":"NC","countryCode":"ZA"},{"id":131258,"name":"Siyanda District Municipality","stateCode":"NC","countryCode":"ZA"},{"id":131261,"name":"Springbok","stateCode":"NC","countryCode":"ZA"},{"id":131281,"name":"Upington","stateCode":"NC","countryCode":"ZA"},{"id":131283,"name":"Van Wyksvlei","stateCode":"NC","countryCode":"ZA"},{"id":131299,"name":"Warrenton","stateCode":"NC","countryCode":"ZA"},{"id":131016,"name":"Albertina","stateCode":"WC","countryCode":"ZA"},{"id":131024,"name":"Arniston","stateCode":"WC","countryCode":"ZA"},{"id":131025,"name":"Atlantis","stateCode":"WC","countryCode":"ZA"},{"id":131030,"name":"Beaufort West","stateCode":"WC","countryCode":"ZA"},{"id":131034,"name":"Bergvliet","stateCode":"WC","countryCode":"ZA"},{"id":131048,"name":"Bredasdorp","stateCode":"WC","countryCode":"ZA"},{"id":131056,"name":"Caledon","stateCode":"WC","countryCode":"ZA"},{"id":131057,"name":"Calitzdorp","stateCode":"WC","countryCode":"ZA"},{"id":131059,"name":"Cape Town","stateCode":"WC","countryCode":"ZA"},{"id":131060,"name":"Cape Winelands District Municipality","stateCode":"WC","countryCode":"ZA"},{"id":131065,"name":"Central Karoo District Municipality","stateCode":"WC","countryCode":"ZA"},{"id":131067,"name":"Ceres","stateCode":"WC","countryCode":"ZA"},{"id":131070,"name":"City of Cape Town","stateCode":"WC","countryCode":"ZA"},{"id":131073,"name":"Clanwilliam","stateCode":"WC","countryCode":"ZA"},{"id":131074,"name":"Claremont","stateCode":"WC","countryCode":"ZA"},{"id":131077,"name":"Constantia","stateCode":"WC","countryCode":"ZA"},{"id":131082,"name":"De Rust","stateCode":"WC","countryCode":"ZA"},{"id":131095,"name":"Eden District Municipality","stateCode":"WC","countryCode":"ZA"},{"id":131115,"name":"George","stateCode":"WC","countryCode":"ZA"},{"id":131120,"name":"Grabouw","stateCode":"WC","countryCode":"ZA"},{"id":131123,"name":"Hardys Memories of Africa","stateCode":"WC","countryCode":"ZA"},{"id":131129,"name":"Hermanus","stateCode":"WC","countryCode":"ZA"},{"id":131143,"name":"Knysna","stateCode":"WC","countryCode":"ZA"},{"id":131148,"name":"Kraaifontein","stateCode":"WC","countryCode":"ZA"},{"id":131156,"name":"Ladismith","stateCode":"WC","countryCode":"ZA"},{"id":131159,"name":"Lansdowne","stateCode":"WC","countryCode":"ZA"},{"id":131169,"name":"Malmesbury","stateCode":"WC","countryCode":"ZA"},{"id":131184,"name":"Montagu","stateCode":"WC","countryCode":"ZA"},{"id":131186,"name":"Moorreesburg","stateCode":"WC","countryCode":"ZA"},{"id":131188,"name":"Mossel Bay","stateCode":"WC","countryCode":"ZA"},{"id":131200,"name":"Newlands","stateCode":"WC","countryCode":"ZA"},{"id":131210,"name":"Oudtshoorn","stateCode":"WC","countryCode":"ZA"},{"id":131211,"name":"Overberg District Municipality","stateCode":"WC","countryCode":"ZA"},{"id":131212,"name":"Paarl","stateCode":"WC","countryCode":"ZA"},{"id":131219,"name":"Piketberg","stateCode":"WC","countryCode":"ZA"},{"id":131221,"name":"Plettenberg Bay","stateCode":"WC","countryCode":"ZA"},{"id":131232,"name":"Prince Albert","stateCode":"WC","countryCode":"ZA"},{"id":131238,"name":"Retreat","stateCode":"WC","countryCode":"ZA"},{"id":131242,"name":"Riversdale","stateCode":"WC","countryCode":"ZA"},{"id":131243,"name":"Robertson","stateCode":"WC","countryCode":"ZA"},{"id":131244,"name":"Rondebosch","stateCode":"WC","countryCode":"ZA"},{"id":131246,"name":"Rosebank","stateCode":"WC","countryCode":"ZA"},{"id":131248,"name":"Saldanha","stateCode":"WC","countryCode":"ZA"},{"id":131264,"name":"Stellenbosch","stateCode":"WC","countryCode":"ZA"},{"id":131268,"name":"Sunset Beach","stateCode":"WC","countryCode":"ZA"},{"id":131269,"name":"Swellendam","stateCode":"WC","countryCode":"ZA"},{"id":131294,"name":"Vredenburg","stateCode":"WC","countryCode":"ZA"},{"id":131295,"name":"Vredendal","stateCode":"WC","countryCode":"ZA"},{"id":131302,"name":"Wellington","stateCode":"WC","countryCode":"ZA"},{"id":131304,"name":"West Coast District Municipality","stateCode":"WC","countryCode":"ZA"},{"id":131313,"name":"Worcester","stateCode":"WC","countryCode":"ZA"},{"id":131317,"name":"Zoar","stateCode":"WC","countryCode":"ZA"}]