[{"id":135240,"name":"Abbateggio","stateCode":"65","countryCode":"IT"},{"id":135250,"name":"Acciano","stateCode":"65","countryCode":"IT"},{"id":135325,"name":"Aielli","stateCode":"65","countryCode":"IT"},{"id":135342,"name":"Alanno","stateCode":"65","countryCode":"IT"},{"id":135347,"name":"Alba Adriatica","stateCode":"65","countryCode":"IT"},{"id":135400,"name":"Alfedena","stateCode":"65","countryCode":"IT"},{"id":135440,"name":"Altino","stateCode":"65","countryCode":"IT"},{"id":135477,"name":"Ancarano","stateCode":"65","countryCode":"IT"},{"id":135523,"name":"Anversa degli Abruzzi","stateCode":"65","countryCode":"IT"},{"id":135565,"name":"Archi","stateCode":"65","countryCode":"IT"},{"id":135597,"name":"Ari","stateCode":"65","countryCode":"IT"},{"id":135602,"name":"Arielli","stateCode":"65","countryCode":"IT"},{"id":135638,"name":"Arsita","stateCode":"65","countryCode":"IT"},{"id":135672,"name":"Ateleta","stateCode":"65","countryCode":"IT"},{"id":135675,"name":"Atessa","stateCode":"65","countryCode":"IT"},{"id":135679,"name":"Atri","stateCode":"65","countryCode":"IT"},{"id":135704,"name":"Avezzano","stateCode":"65","countryCode":"IT"},{"id":135795,"name":"Balsorano","stateCode":"65","countryCode":"IT"},{"id":135796,"name":"Balsorano Nuovo","stateCode":"65","countryCode":"IT"},{"id":135826,"name":"Barberi","stateCode":"65","countryCode":"IT"},{"id":135847,"name":"Barete","stateCode":"65","countryCode":"IT"},{"id":135858,"name":"Barisciano","stateCode":"65","countryCode":"IT"},{"id":135870,"name":"Barrea","stateCode":"65","countryCode":"IT"},{"id":135881,"name":"Basciano","stateCode":"65","countryCode":"IT"},{"id":135938,"name":"Bellante","stateCode":"65","countryCode":"IT"},{"id":135939,"name":"Bellante Stazione","stateCode":"65","countryCode":"IT"},{"id":136062,"name":"Bisegna","stateCode":"65","countryCode":"IT"},{"id":136063,"name":"Bisenti","stateCode":"65","countryCode":"IT"},{"id":136108,"name":"Bolognano","stateCode":"65","countryCode":"IT"},{"id":136119,"name":"Bomba","stateCode":"65","countryCode":"IT"},{"id":136189,"name":"Borgo Santa Maria Immacolata","stateCode":"65","countryCode":"IT"},{"id":136227,"name":"Borrello","stateCode":"65","countryCode":"IT"},{"id":136343,"name":"Brittoli","stateCode":"65","countryCode":"IT"},{"id":136385,"name":"Bucchianico","stateCode":"65","countryCode":"IT"},{"id":136397,"name":"Bugnara","stateCode":"65","countryCode":"IT"},{"id":136430,"name":"Bussi sul Tirino","stateCode":"65","countryCode":"IT"},{"id":136470,"name":"Cagnano Amiterno","stateCode":"65","countryCode":"IT"},{"id":136494,"name":"Calascio","stateCode":"65","countryCode":"IT"},{"id":136625,"name":"Campli","stateCode":"65","countryCode":"IT"},{"id":136635,"name":"Campo di Giove","stateCode":"65","countryCode":"IT"},{"id":136683,"name":"Campotosto","stateCode":"65","countryCode":"IT"},{"id":136716,"name":"Canistro Inferiore","stateCode":"65","countryCode":"IT"},{"id":136731,"name":"Canosa Sannita","stateCode":"65","countryCode":"IT"},{"id":136736,"name":"Cansano","stateCode":"65","countryCode":"IT"},{"id":136752,"name":"Canzano","stateCode":"65","countryCode":"IT"},{"id":136765,"name":"Capestrano","stateCode":"65","countryCode":"IT"},{"id":136771,"name":"Capistrello","stateCode":"65","countryCode":"IT"},{"id":136774,"name":"Capitignano","stateCode":"65","countryCode":"IT"},{"id":136786,"name":"Caporciano","stateCode":"65","countryCode":"IT"},{"id":136790,"name":"Cappadocia","stateCode":"65","countryCode":"IT"},{"id":136794,"name":"Cappelle sul Tavo","stateCode":"65","countryCode":"IT"},{"id":136831,"name":"Caramanico Terme","stateCode":"65","countryCode":"IT"},{"id":136835,"name":"Carapelle Calvisio","stateCode":"65","countryCode":"IT"},{"id":136920,"name":"Carpineto della Nora","stateCode":"65","countryCode":"IT"},{"id":136919,"name":"Carpineto Sinello","stateCode":"65","countryCode":"IT"},{"id":136936,"name":"Carsoli","stateCode":"65","countryCode":"IT"},{"id":136945,"name":"Carunchio","stateCode":"65","countryCode":"IT"},{"id":136954,"name":"Casacanditella","stateCode":"65","countryCode":"IT"},{"id":136961,"name":"Casalanguida","stateCode":"65","countryCode":"IT"},{"id":136965,"name":"Casalbordino-Miracoli","stateCode":"65","countryCode":"IT"},{"id":136995,"name":"Casalincontrada","stateCode":"65","countryCode":"IT"},{"id":137083,"name":"Casoli","stateCode":"65","countryCode":"IT"},{"id":137133,"name":"Castel Castagna","stateCode":"65","countryCode":"IT"},{"id":137165,"name":"Castel del Monte","stateCode":"65","countryCode":"IT"},{"id":137169,"name":"Castel di Ieri","stateCode":"65","countryCode":"IT"},{"id":137173,"name":"Castel di Sangro","stateCode":"65","countryCode":"IT"},{"id":137136,"name":"Castel Frentano","stateCode":"65","countryCode":"IT"},{"id":137205,"name":"Castelguidone","stateCode":"65","countryCode":"IT"},{"id":137210,"name":"Castellafiume","stateCode":"65","countryCode":"IT"},{"id":137211,"name":"Castellalto","stateCode":"65","countryCode":"IT"},{"id":137242,"name":"Castelli","stateCode":"65","countryCode":"IT"},{"id":137295,"name":"Castelnuovo Vomano","stateCode":"65","countryCode":"IT"},{"id":137321,"name":"Castelvecchio Calvisio","stateCode":"65","countryCode":"IT"},{"id":137322,"name":"Castelvecchio Subequo","stateCode":"65","countryCode":"IT"},{"id":137347,"name":"Castiglione a Casauria","stateCode":"65","countryCode":"IT"},{"id":137342,"name":"Castiglione Messer Marino","stateCode":"65","countryCode":"IT"},{"id":137343,"name":"Castiglione Messer Raimondo","stateCode":"65","countryCode":"IT"},{"id":137360,"name":"Castilenti","stateCode":"65","countryCode":"IT"},{"id":137395,"name":"Catignano","stateCode":"65","countryCode":"IT"},{"id":137462,"name":"Celano","stateCode":"65","countryCode":"IT"},{"id":137465,"name":"Celenza sul Trigno","stateCode":"65","countryCode":"IT"},{"id":137479,"name":"Cellino Attanasio","stateCode":"65","countryCode":"IT"},{"id":137505,"name":"Cepagatti","stateCode":"65","countryCode":"IT"},{"id":137525,"name":"Cerchio","stateCode":"65","countryCode":"IT"},{"id":137555,"name":"Cermignano","stateCode":"65","countryCode":"IT"},{"id":137560,"name":"Cerratina","stateCode":"65","countryCode":"IT"},{"id":137672,"name":"Chieti","stateCode":"65","countryCode":"IT"},{"id":137772,"name":"Città Sant'Angelo","stateCode":"65","countryCode":"IT"},{"id":137787,"name":"Civita d'Antino","stateCode":"65","countryCode":"IT"},{"id":137789,"name":"Civitaluparella","stateCode":"65","countryCode":"IT"},{"id":137793,"name":"Civitaquana","stateCode":"65","countryCode":"IT"},{"id":137795,"name":"Civitella Alfedena","stateCode":"65","countryCode":"IT"},{"id":137796,"name":"Civitella Casanova","stateCode":"65","countryCode":"IT"},{"id":137802,"name":"Civitella del Tronto","stateCode":"65","countryCode":"IT"},{"id":137798,"name":"Civitella Messer Raimondo","stateCode":"65","countryCode":"IT"},{"id":137799,"name":"Civitella Roveto","stateCode":"65","countryCode":"IT"},{"id":137826,"name":"Cocullo","stateCode":"65","countryCode":"IT"},{"id":137857,"name":"Collarmele","stateCode":"65","countryCode":"IT"},{"id":137876,"name":"Collecorvino","stateCode":"65","countryCode":"IT"},{"id":137877,"name":"Colledara","stateCode":"65","countryCode":"IT"},{"id":137878,"name":"Colledimacine","stateCode":"65","countryCode":"IT"},{"id":137879,"name":"Colledimezzo","stateCode":"65","countryCode":"IT"},{"id":137884,"name":"Collelongo","stateCode":"65","countryCode":"IT"},{"id":137889,"name":"Collepietro","stateCode":"65","countryCode":"IT"},{"id":137890,"name":"Colleranesco","stateCode":"65","countryCode":"IT"},{"id":137911,"name":"Cologna Spiaggia","stateCode":"65","countryCode":"IT"},{"id":137923,"name":"Colonnella","stateCode":"65","countryCode":"IT"},{"id":137941,"name":"Cominio","stateCode":"65","countryCode":"IT"},{"id":137980,"name":"Controguerra","stateCode":"65","countryCode":"IT"},{"id":137989,"name":"Coppito","stateCode":"65","countryCode":"IT"},{"id":138008,"name":"Corfinio","stateCode":"65","countryCode":"IT"},{"id":138044,"name":"Corropoli","stateCode":"65","countryCode":"IT"},{"id":138069,"name":"Cortino","stateCode":"65","countryCode":"IT"},{"id":138072,"name":"Corvara","stateCode":"65","countryCode":"IT"},{"id":138129,"name":"Crecchio","stateCode":"65","countryCode":"IT"},{"id":138163,"name":"Crognaleto","stateCode":"65","countryCode":"IT"},{"id":138186,"name":"Cugnoli","stateCode":"65","countryCode":"IT"},{"id":138195,"name":"Cupello","stateCode":"65","countryCode":"IT"},{"id":138277,"name":"Dogliola","stateCode":"65","countryCode":"IT"},{"id":138351,"name":"Elice","stateCode":"65","countryCode":"IT"},{"id":138422,"name":"Fallo","stateCode":"65","countryCode":"IT"},{"id":138434,"name":"Fano Adriano","stateCode":"65","countryCode":"IT"},{"id":138437,"name":"Fara Filiorum Petri","stateCode":"65","countryCode":"IT"},{"id":138441,"name":"Fara San Martino","stateCode":"65","countryCode":"IT"},{"id":138447,"name":"Farindola","stateCode":"65","countryCode":"IT"},{"id":138527,"name":"Filetto","stateCode":"65","countryCode":"IT"},{"id":138607,"name":"Fonte Umano-San Martino Alta","stateCode":"65","countryCode":"IT"},{"id":138609,"name":"Fontecchio","stateCode":"65","countryCode":"IT"},{"id":138667,"name":"Fossa","stateCode":"65","countryCode":"IT"},{"id":138669,"name":"Fossacesia","stateCode":"65","countryCode":"IT"},{"id":138690,"name":"Fraine","stateCode":"65","countryCode":"IT"},{"id":138696,"name":"Francavilla al Mare","stateCode":"65","countryCode":"IT"},{"id":138730,"name":"Fresagrandinaria","stateCode":"65","countryCode":"IT"},{"id":138736,"name":"Frisa","stateCode":"65","countryCode":"IT"},{"id":138755,"name":"Furci","stateCode":"65","countryCode":"IT"},{"id":138781,"name":"Gagliano Aterno","stateCode":"65","countryCode":"IT"},{"id":138832,"name":"Gamberale","stateCode":"65","countryCode":"IT"},{"id":138926,"name":"Gessopalena","stateCode":"65","countryCode":"IT"},{"id":138970,"name":"Gioia dei Marsi","stateCode":"65","countryCode":"IT"},{"id":138985,"name":"Gissi","stateCode":"65","countryCode":"IT"},{"id":138991,"name":"Giuliano Teatino","stateCode":"65","countryCode":"IT"},{"id":138993,"name":"Giulianova","stateCode":"65","countryCode":"IT"},{"id":139031,"name":"Goriano Sicoli","stateCode":"65","countryCode":"IT"},{"id":139163,"name":"Guardiagrele","stateCode":"65","countryCode":"IT"},{"id":139181,"name":"Guilmi","stateCode":"65","countryCode":"IT"},{"id":139201,"name":"Imposte","stateCode":"65","countryCode":"IT"},{"id":139212,"name":"Introdacqua","stateCode":"65","countryCode":"IT"},{"id":139245,"name":"Isola del Gran Sasso d'Italia","stateCode":"65","countryCode":"IT"},{"id":139285,"name":"L'Aquila","stateCode":"65","countryCode":"IT"},{"id":139341,"name":"Lama dei Peligni","stateCode":"65","countryCode":"IT"},{"id":139354,"name":"Lanciano","stateCode":"65","countryCode":"IT"},{"id":139431,"name":"Lecce Nei Marsi","stateCode":"65","countryCode":"IT"},{"id":139451,"name":"Lentella","stateCode":"65","countryCode":"IT"},{"id":139479,"name":"Lettomanoppello","stateCode":"65","countryCode":"IT"},{"id":139480,"name":"Lettopalena","stateCode":"65","countryCode":"IT"},{"id":139538,"name":"Liscia","stateCode":"65","countryCode":"IT"},{"id":139610,"name":"Loreto Aprutino","stateCode":"65","countryCode":"IT"},{"id":139638,"name":"Luco dei Marsi","stateCode":"65","countryCode":"IT"},{"id":139639,"name":"Lucoli","stateCode":"65","countryCode":"IT"},{"id":139725,"name":"Magliano De'Marsi","stateCode":"65","countryCode":"IT"},{"id":139802,"name":"Manoppello","stateCode":"65","countryCode":"IT"},{"id":139803,"name":"Manoppello Scalo","stateCode":"65","countryCode":"IT"},{"id":139895,"name":"Marina di San Vito","stateCode":"65","countryCode":"IT"},{"id":139897,"name":"Marina di Vasto","stateCode":"65","countryCode":"IT"},{"id":139936,"name":"Martinsicuro","stateCode":"65","countryCode":"IT"},{"id":139975,"name":"Massa d'Albe-Corona","stateCode":"65","countryCode":"IT"},{"id":140132,"name":"Miglianico","stateCode":"65","countryCode":"IT"},{"id":140214,"name":"Molina Aterno","stateCode":"65","countryCode":"IT"},{"id":140350,"name":"Montazzoli","stateCode":"65","countryCode":"IT"},{"id":140389,"name":"Montebello di Bertona","stateCode":"65","countryCode":"IT"},{"id":140390,"name":"Montebello sul Sangro","stateCode":"65","countryCode":"IT"},{"id":140436,"name":"Monteferrante","stateCode":"65","countryCode":"IT"},{"id":140438,"name":"Montefino","stateCode":"65","countryCode":"IT"},{"id":140465,"name":"Montelapiano","stateCode":"65","countryCode":"IT"},{"id":140504,"name":"Montenerodomo","stateCode":"65","countryCode":"IT"},{"id":140505,"name":"Monteodorisio","stateCode":"65","countryCode":"IT"},{"id":140514,"name":"Montereale","stateCode":"65","countryCode":"IT"},{"id":140541,"name":"Montesilvano Marina","stateCode":"65","countryCode":"IT"},{"id":140557,"name":"Monticchio","stateCode":"65","countryCode":"IT"},{"id":140586,"name":"Montorio al Vomano","stateCode":"65","countryCode":"IT"},{"id":140620,"name":"Morino","stateCode":"65","countryCode":"IT"},{"id":140634,"name":"Morro d'Oro","stateCode":"65","countryCode":"IT"},{"id":140646,"name":"Mosciano Sant'Angelo","stateCode":"65","countryCode":"IT"},{"id":140647,"name":"Moscufo","stateCode":"65","countryCode":"IT"},{"id":140671,"name":"Mozzagrogna","stateCode":"65","countryCode":"IT"},{"id":140731,"name":"Navelli","stateCode":"65","countryCode":"IT"},{"id":140743,"name":"Nepezzano","stateCode":"65","countryCode":"IT"},{"id":140745,"name":"Nereto","stateCode":"65","countryCode":"IT"},{"id":140746,"name":"Nerito","stateCode":"65","countryCode":"IT"},{"id":140780,"name":"Nocciano","stateCode":"65","countryCode":"IT"},{"id":140811,"name":"Notaresco","stateCode":"65","countryCode":"IT"},{"id":140842,"name":"Nucleo Industriale di Bazzano","stateCode":"65","countryCode":"IT"},{"id":140874,"name":"Ofena","stateCode":"65","countryCode":"IT"},{"id":140932,"name":"Opi","stateCode":"65","countryCode":"IT"},{"id":140952,"name":"Oricola","stateCode":"65","countryCode":"IT"},{"id":140975,"name":"Orsogna","stateCode":"65","countryCode":"IT"},{"id":140987,"name":"Ortona","stateCode":"65","countryCode":"IT"},{"id":140988,"name":"Ortona dei Marsi","stateCode":"65","countryCode":"IT"},{"id":140990,"name":"Ortucchio","stateCode":"65","countryCode":"IT"},{"id":141058,"name":"Ovindoli","stateCode":"65","countryCode":"IT"},{"id":141070,"name":"Pacentro","stateCode":"65","countryCode":"IT"},{"id":141095,"name":"Paganica-Tempera","stateCode":"65","countryCode":"IT"},{"id":58205,"name":"Pagliare","stateCode":"65","countryCode":"IT"},{"id":58209,"name":"Paglieta","stateCode":"65","countryCode":"IT"},{"id":58238,"name":"Palena","stateCode":"65","countryCode":"IT"},{"id":58260,"name":"Palmoli","stateCode":"65","countryCode":"IT"},{"id":58264,"name":"Palombaro","stateCode":"65","countryCode":"IT"},{"id":58403,"name":"Penna Sant'Andrea","stateCode":"65","countryCode":"IT"},{"id":58406,"name":"Pennadomo","stateCode":"65","countryCode":"IT"},{"id":58407,"name":"Pennapiedimonte","stateCode":"65","countryCode":"IT"},{"id":58408,"name":"Penne","stateCode":"65","countryCode":"IT"},{"id":58411,"name":"Perano","stateCode":"65","countryCode":"IT"},{"id":58420,"name":"Pereto","stateCode":"65","countryCode":"IT"},{"id":58450,"name":"Pescara","stateCode":"65","countryCode":"IT"},{"id":58452,"name":"Pescasseroli","stateCode":"65","countryCode":"IT"},{"id":58459,"name":"Pescina","stateCode":"65","countryCode":"IT"},{"id":58461,"name":"Pescocostanzo","stateCode":"65","countryCode":"IT"},{"id":58466,"name":"Pescosansonesco Nuovo","stateCode":"65","countryCode":"IT"},{"id":58493,"name":"Pettorano sul Gizio","stateCode":"65","countryCode":"IT"},{"id":58523,"name":"Pianella","stateCode":"65","countryCode":"IT"},{"id":58548,"name":"Pianola","stateCode":"65","countryCode":"IT"},{"id":58554,"name":"Pianura Vomano","stateCode":"65","countryCode":"IT"},{"id":58579,"name":"Picciano","stateCode":"65","countryCode":"IT"},{"id":58607,"name":"Pietracamela","stateCode":"65","countryCode":"IT"},{"id":58612,"name":"Pietraferrazzana","stateCode":"65","countryCode":"IT"},{"id":58619,"name":"Pietranico","stateCode":"65","countryCode":"IT"},{"id":58677,"name":"Pineto","stateCode":"65","countryCode":"IT"},{"id":58727,"name":"Pizzoferrato","stateCode":"65","countryCode":"IT"},{"id":58728,"name":"Pizzoli","stateCode":"65","countryCode":"IT"},{"id":58759,"name":"Poggio Picenze","stateCode":"65","countryCode":"IT"},{"id":58768,"name":"Poggiofiorito","stateCode":"65","countryCode":"IT"},{"id":58802,"name":"Pollutri","stateCode":"65","countryCode":"IT"},{"id":58900,"name":"Popoli","stateCode":"65","countryCode":"IT"},{"id":59015,"name":"Prata d'Ansidonia","stateCode":"65","countryCode":"IT"},{"id":59033,"name":"Pratola Peligna","stateCode":"65","countryCode":"IT"},{"id":59069,"name":"Pretoro","stateCode":"65","countryCode":"IT"},{"id":59070,"name":"Preturo","stateCode":"65","countryCode":"IT"},{"id":59072,"name":"Prezza","stateCode":"65","countryCode":"IT"},{"id":59087,"name":"Progetto Case Bazzano","stateCode":"65","countryCode":"IT"},{"id":59088,"name":"Progetto Case Coppito 3","stateCode":"65","countryCode":"IT"},{"id":59089,"name":"Progetto Case Sassa Nsi","stateCode":"65","countryCode":"IT"},{"id":59106,"name":"Provincia dell' Aquila","stateCode":"65","countryCode":"IT"},{"id":59124,"name":"Provincia di Chieti","stateCode":"65","countryCode":"IT"},{"id":59160,"name":"Provincia di Pescara","stateCode":"65","countryCode":"IT"},{"id":59179,"name":"Provincia di Teramo","stateCode":"65","countryCode":"IT"},{"id":59212,"name":"Quadri","stateCode":"65","countryCode":"IT"},{"id":59270,"name":"Raiano","stateCode":"65","countryCode":"IT"},{"id":59285,"name":"Rapino","stateCode":"65","countryCode":"IT"},{"id":59399,"name":"Ripa Teatina","stateCode":"65","countryCode":"IT"},{"id":59439,"name":"Rivisondoli","stateCode":"65","countryCode":"IT"},{"id":59483,"name":"Rocca di Botte","stateCode":"65","countryCode":"IT"},{"id":59484,"name":"Rocca di Cambio","stateCode":"65","countryCode":"IT"},{"id":59487,"name":"Rocca di Mezzo","stateCode":"65","countryCode":"IT"},{"id":59473,"name":"Rocca Pia","stateCode":"65","countryCode":"IT"},{"id":59478,"name":"Rocca San Giovanni","stateCode":"65","countryCode":"IT"},{"id":59494,"name":"Roccacasale","stateCode":"65","countryCode":"IT"},{"id":59510,"name":"Roccamorice","stateCode":"65","countryCode":"IT"},{"id":59516,"name":"Roccaraso","stateCode":"65","countryCode":"IT"},{"id":59518,"name":"Roccascalegna","stateCode":"65","countryCode":"IT"},{"id":59524,"name":"Roccaspinalveti-Santa Giusta","stateCode":"65","countryCode":"IT"},{"id":59531,"name":"Roccavivi","stateCode":"65","countryCode":"IT"},{"id":59567,"name":"Roio del Sangro","stateCode":"65","countryCode":"IT"},{"id":59629,"name":"Rosciano","stateCode":"65","countryCode":"IT"},{"id":59634,"name":"Rosello","stateCode":"65","countryCode":"IT"},{"id":59637,"name":"Roseto degli Abruzzi","stateCode":"65","countryCode":"IT"},{"id":59772,"name":"Salino","stateCode":"65","countryCode":"IT"},{"id":59777,"name":"Salle","stateCode":"65","countryCode":"IT"},{"id":59792,"name":"Salvo Marina","stateCode":"65","countryCode":"IT"},{"id":59806,"name":"Sambuceto","stateCode":"65","countryCode":"IT"},{"id":59831,"name":"San Benedetto dei Marsi","stateCode":"65","countryCode":"IT"},{"id":59833,"name":"San Benedetto in Perillis","stateCode":"65","countryCode":"IT"},{"id":59849,"name":"San Buono","stateCode":"65","countryCode":"IT"},{"id":59892,"name":"San Demetrio Ne' Vestini","stateCode":"65","countryCode":"IT"},{"id":59986,"name":"San Giovanni Lipioni","stateCode":"65","countryCode":"IT"},{"id":60072,"name":"San Martino Bassa","stateCode":"65","countryCode":"IT"},{"id":60097,"name":"San Martino sulla Marrucina","stateCode":"65","countryCode":"IT"},{"id":60148,"name":"San Nicolò a Tordino","stateCode":"65","countryCode":"IT"},{"id":60153,"name":"San Panfilo d'Ocre","stateCode":"65","countryCode":"IT"},{"id":60203,"name":"San Pio delle Camere","stateCode":"65","countryCode":"IT"},{"id":60222,"name":"San Rocco","stateCode":"65","countryCode":"IT"},{"id":60234,"name":"San Salvo","stateCode":"65","countryCode":"IT"},{"id":60259,"name":"San Valentino in Abruzzo Citeriore","stateCode":"65","countryCode":"IT"},{"id":60269,"name":"San Vincenzo Valle Roveto","stateCode":"65","countryCode":"IT"},{"id":60275,"name":"San Vito Chietino","stateCode":"65","countryCode":"IT"},{"id":60391,"name":"Sant'Egidio alla Vibrata","stateCode":"65","countryCode":"IT"},{"id":60400,"name":"Sant'Eufemia a Maiella","stateCode":"65","countryCode":"IT"},{"id":60403,"name":"Sant'Eusanio del Sangro","stateCode":"65","countryCode":"IT"},{"id":60402,"name":"Sant'Eusanio Forconese","stateCode":"65","countryCode":"IT"},{"id":60407,"name":"Sant'Omero","stateCode":"65","countryCode":"IT"},{"id":60463,"name":"Santa Maria Imbaro","stateCode":"65","countryCode":"IT"},{"id":60494,"name":"Santa Teresa","stateCode":"65","countryCode":"IT"},{"id":60504,"name":"Sante Marie","stateCode":"65","countryCode":"IT"},{"id":60524,"name":"Santo Stefano di Sessanio","stateCode":"65","countryCode":"IT"},{"id":60565,"name":"Sassa","stateCode":"65","countryCode":"IT"},{"id":60601,"name":"Scafa","stateCode":"65","countryCode":"IT"},{"id":60622,"name":"Scanno","stateCode":"65","countryCode":"IT"},{"id":60639,"name":"Scerne","stateCode":"65","countryCode":"IT"},{"id":60640,"name":"Scerni","stateCode":"65","countryCode":"IT"},{"id":60643,"name":"Schiavi di Abruzzo","stateCode":"65","countryCode":"IT"},{"id":60662,"name":"Scontrone","stateCode":"65","countryCode":"IT"},{"id":60665,"name":"Scoppito","stateCode":"65","countryCode":"IT"},{"id":60670,"name":"Scurcola Marsicana","stateCode":"65","countryCode":"IT"},{"id":60676,"name":"Secinaro","stateCode":"65","countryCode":"IT"},{"id":60704,"name":"Selva","stateCode":"65","countryCode":"IT"},{"id":60765,"name":"Serramonacesca","stateCode":"65","countryCode":"IT"},{"id":60857,"name":"Silvi","stateCode":"65","countryCode":"IT"},{"id":61027,"name":"Spoltore","stateCode":"65","countryCode":"IT"},{"id":61116,"name":"Sulmona","stateCode":"65","countryCode":"IT"},{"id":61142,"name":"Tagliacozzo","stateCode":"65","countryCode":"IT"},{"id":61163,"name":"Taranta Peligna","stateCode":"65","countryCode":"IT"},{"id":61217,"name":"Teramo","stateCode":"65","countryCode":"IT"},{"id":61280,"name":"Tione degli Abruzzi","stateCode":"65","countryCode":"IT"},{"id":61293,"name":"Tocco da Casauria","stateCode":"65","countryCode":"IT"},{"id":61301,"name":"Tollo","stateCode":"65","countryCode":"IT"},{"id":61317,"name":"Torano Nuovo","stateCode":"65","countryCode":"IT"},{"id":61330,"name":"Torino di Sangro","stateCode":"65","countryCode":"IT"},{"id":61334,"name":"Tornareccio","stateCode":"65","countryCode":"IT"},{"id":61336,"name":"Tornimparte","stateCode":"65","countryCode":"IT"},{"id":61368,"name":"Torre de' Passeri","stateCode":"65","countryCode":"IT"},{"id":61380,"name":"Torrebruna","stateCode":"65","countryCode":"IT"},{"id":61392,"name":"Torrevecchia","stateCode":"65","countryCode":"IT"},{"id":61399,"name":"Torricella","stateCode":"65","countryCode":"IT"},{"id":61401,"name":"Torricella Peligna","stateCode":"65","countryCode":"IT"},{"id":61416,"name":"Tortoreto","stateCode":"65","countryCode":"IT"},{"id":61417,"name":"Tortoreto Lido","stateCode":"65","countryCode":"IT"},{"id":61424,"name":"Tossicia","stateCode":"65","countryCode":"IT"},{"id":61444,"name":"Trasacco","stateCode":"65","countryCode":"IT"},{"id":61473,"name":"Treglio","stateCode":"65","countryCode":"IT"},{"id":61563,"name":"Tufillo","stateCode":"65","countryCode":"IT"},{"id":61578,"name":"Turrivalignani","stateCode":"65","countryCode":"IT"},{"id":61626,"name":"Vacri","stateCode":"65","countryCode":"IT"},{"id":61686,"name":"Valle Castellana","stateCode":"65","countryCode":"IT"},{"id":61704,"name":"Vallecupa","stateCode":"65","countryCode":"IT"},{"id":61781,"name":"Vasto","stateCode":"65","countryCode":"IT"},{"id":61922,"name":"Vicoli","stateCode":"65","countryCode":"IT"},{"id":61988,"name":"Villa Caldari","stateCode":"65","countryCode":"IT"},{"id":61992,"name":"Villa Celiera","stateCode":"65","countryCode":"IT"},{"id":62003,"name":"Villa Lempa","stateCode":"65","countryCode":"IT"},{"id":62012,"name":"Villa Raspa","stateCode":"65","countryCode":"IT"},{"id":62015,"name":"Villa Rosa","stateCode":"65","countryCode":"IT"},{"id":62022,"name":"Villa Sant'Angelo","stateCode":"65","countryCode":"IT"},{"id":62025,"name":"Villa Santa Lucia degli Abruzzi","stateCode":"65","countryCode":"IT"},{"id":62026,"name":"Villa Santa Maria","stateCode":"65","countryCode":"IT"},{"id":62071,"name":"Villagrande","stateCode":"65","countryCode":"IT"},{"id":62075,"name":"Villalago","stateCode":"65","countryCode":"IT"},{"id":62078,"name":"Villalfonsina","stateCode":"65","countryCode":"IT"},{"id":62080,"name":"Villamagna","stateCode":"65","countryCode":"IT"},{"id":62093,"name":"Villanova","stateCode":"65","countryCode":"IT"},{"id":62145,"name":"Villavallelonga","stateCode":"65","countryCode":"IT"},{"id":62151,"name":"Villetta Barrea","stateCode":"65","countryCode":"IT"},{"id":62186,"name":"Vittorito","stateCode":"65","countryCode":"IT"}]