[{"id":110992,"name":"Acalanes Ridge","stateCode":"CA","countryCode":"US"},{"id":111001,"name":"Acton","stateCode":"CA","countryCode":"US"},{"id":111043,"name":"Adelanto","stateCode":"CA","countryCode":"US"},{"id":111056,"name":"Agoura","stateCode":"CA","countryCode":"US"},{"id":111057,"name":"Agoura Hills","stateCode":"CA","countryCode":"US"},{"id":111058,"name":"Agua Dulce","stateCode":"CA","countryCode":"US"},{"id":111061,"name":"Aguanga","stateCode":"CA","countryCode":"US"},{"id":111064,"name":"Ahwahnee","stateCode":"CA","countryCode":"US"},{"id":111088,"name":"Alameda","stateCode":"CA","countryCode":"US"},{"id":111089,"name":"Alameda County","stateCode":"CA","countryCode":"US"},{"id":111093,"name":"Alamo","stateCode":"CA","countryCode":"US"},{"id":111110,"name":"Albany","stateCode":"CA","countryCode":"US"},{"id":111169,"name":"Alhambra","stateCode":"CA","countryCode":"US"},{"id":111175,"name":"Aliso Viejo","stateCode":"CA","countryCode":"US"},{"id":111196,"name":"Allendale","stateCode":"CA","countryCode":"US"},{"id":111215,"name":"Alondra Park","stateCode":"CA","countryCode":"US"},{"id":111217,"name":"Alpaugh","stateCode":"CA","countryCode":"US"},{"id":111223,"name":"Alpine","stateCode":"CA","countryCode":"US"},{"id":111226,"name":"Alpine County","stateCode":"CA","countryCode":"US"},{"id":111230,"name":"Alta Sierra","stateCode":"CA","countryCode":"US"},{"id":111231,"name":"Altadena","stateCode":"CA","countryCode":"US"},{"id":111251,"name":"Alturas","stateCode":"CA","countryCode":"US"},{"id":111254,"name":"Alum Rock","stateCode":"CA","countryCode":"US"},{"id":111261,"name":"Amador County","stateCode":"CA","countryCode":"US"},{"id":111271,"name":"American Canyon","stateCode":"CA","countryCode":"US"},{"id":111280,"name":"Amesti","stateCode":"CA","countryCode":"US"},{"id":111299,"name":"Anaheim","stateCode":"CA","countryCode":"US"},{"id":111314,"name":"Anderson","stateCode":"CA","countryCode":"US"},{"id":111337,"name":"Angels Camp","stateCode":"CA","countryCode":"US"},{"id":111343,"name":"Angwin","stateCode":"CA","countryCode":"US"},{"id":111364,"name":"Antelope","stateCode":"CA","countryCode":"US"},{"id":111373,"name":"Antioch","stateCode":"CA","countryCode":"US"},{"id":111378,"name":"Anza","stateCode":"CA","countryCode":"US"},{"id":111394,"name":"Apple Valley","stateCode":"CA","countryCode":"US"},{"id":111403,"name":"Aptos","stateCode":"CA","countryCode":"US"},{"id":111404,"name":"Aptos Hills-Larkin Valley","stateCode":"CA","countryCode":"US"},{"id":111416,"name":"Arbuckle","stateCode":"CA","countryCode":"US"},{"id":111425,"name":"Arcadia","stateCode":"CA","countryCode":"US"},{"id":111426,"name":"Arcata","stateCode":"CA","countryCode":"US"},{"id":111440,"name":"Arden-Arcade","stateCode":"CA","countryCode":"US"},{"id":111477,"name":"Armona","stateCode":"CA","countryCode":"US"},{"id":111488,"name":"Arnold","stateCode":"CA","countryCode":"US"},{"id":111491,"name":"Aromas","stateCode":"CA","countryCode":"US"},{"id":111494,"name":"Arroyo Grande","stateCode":"CA","countryCode":"US"},{"id":111496,"name":"Artesia","stateCode":"CA","countryCode":"US"},{"id":111505,"name":"Arvin","stateCode":"CA","countryCode":"US"},{"id":111538,"name":"Ashland","stateCode":"CA","countryCode":"US"},{"id":111564,"name":"Atascadero","stateCode":"CA","countryCode":"US"},{"id":111582,"name":"Atherton","stateCode":"CA","countryCode":"US"},{"id":111613,"name":"Atwater","stateCode":"CA","countryCode":"US"},{"id":111617,"name":"Auberry","stateCode":"CA","countryCode":"US"},{"id":111631,"name":"Auburn","stateCode":"CA","countryCode":"US"},{"id":111635,"name":"Auburn Lake Trails","stateCode":"CA","countryCode":"US"},{"id":111644,"name":"August","stateCode":"CA","countryCode":"US"},{"id":111675,"name":"Avalon","stateCode":"CA","countryCode":"US"},{"id":111676,"name":"Avenal","stateCode":"CA","countryCode":"US"},{"id":111683,"name":"Avila Beach","stateCode":"CA","countryCode":"US"},{"id":111689,"name":"Avocado Heights","stateCode":"CA","countryCode":"US"},{"id":111713,"name":"Azusa","stateCode":"CA","countryCode":"US"},{"id":111744,"name":"Bakersfield","stateCode":"CA","countryCode":"US"},{"id":111763,"name":"Baldwin Park","stateCode":"CA","countryCode":"US"},{"id":111803,"name":"Banning","stateCode":"CA","countryCode":"US"},{"id":111857,"name":"Barstow","stateCode":"CA","countryCode":"US"},{"id":111858,"name":"Barstow Heights","stateCode":"CA","countryCode":"US"},{"id":111932,"name":"Bay Point","stateCode":"CA","countryCode":"US"},{"id":111957,"name":"Bayside","stateCode":"CA","countryCode":"US"},{"id":111959,"name":"Bayview","stateCode":"CA","countryCode":"US"},{"id":111971,"name":"Beale Air Force Base","stateCode":"CA","countryCode":"US"},{"id":111979,"name":"Bear Valley Springs","stateCode":"CA","countryCode":"US"},{"id":111990,"name":"Beaumont","stateCode":"CA","countryCode":"US"},{"id":112066,"name":"Bell","stateCode":"CA","countryCode":"US"},{"id":112070,"name":"Bell Gardens","stateCode":"CA","countryCode":"US"},{"id":112072,"name":"Bella Vista","stateCode":"CA","countryCode":"US"},{"id":112118,"name":"Bellflower","stateCode":"CA","countryCode":"US"},{"id":112142,"name":"Belmont","stateCode":"CA","countryCode":"US"},{"id":112153,"name":"Belvedere","stateCode":"CA","countryCode":"US"},{"id":112163,"name":"Ben Lomond","stateCode":"CA","countryCode":"US"},{"id":112168,"name":"Benicia","stateCode":"CA","countryCode":"US"},{"id":112223,"name":"Berkeley","stateCode":"CA","countryCode":"US"},{"id":112240,"name":"Bermuda Dunes","stateCode":"CA","countryCode":"US"},{"id":112253,"name":"Berry Creek","stateCode":"CA","countryCode":"US"},{"id":112260,"name":"Bertsch-Oceanview","stateCode":"CA","countryCode":"US"},{"id":112286,"name":"Bethel Island","stateCode":"CA","countryCode":"US"},{"id":112306,"name":"Beverly Hills","stateCode":"CA","countryCode":"US"},{"id":112315,"name":"Big Bear City","stateCode":"CA","countryCode":"US"},{"id":112316,"name":"Big Bear Lake","stateCode":"CA","countryCode":"US"},{"id":112328,"name":"Big Pine","stateCode":"CA","countryCode":"US"},{"id":112331,"name":"Big River","stateCode":"CA","countryCode":"US"},{"id":112340,"name":"Biggs","stateCode":"CA","countryCode":"US"},{"id":112352,"name":"Biola","stateCode":"CA","countryCode":"US"},{"id":112364,"name":"Bishop","stateCode":"CA","countryCode":"US"},{"id":112381,"name":"Black Point-Green Point","stateCode":"CA","countryCode":"US"},{"id":112387,"name":"Blackhawk","stateCode":"CA","countryCode":"US"},{"id":112453,"name":"Bloomington","stateCode":"CA","countryCode":"US"},{"id":112470,"name":"Blue Lake","stateCode":"CA","countryCode":"US"},{"id":112485,"name":"Blythe","stateCode":"CA","countryCode":"US"},{"id":112495,"name":"Bodega Bay","stateCode":"CA","countryCode":"US"},{"id":112496,"name":"Bodfish","stateCode":"CA","countryCode":"US"},{"id":112514,"name":"Bolinas","stateCode":"CA","countryCode":"US"},{"id":112529,"name":"Bonadelle Ranchos-Madera Ranchos","stateCode":"CA","countryCode":"US"},{"id":112537,"name":"Bonita","stateCode":"CA","countryCode":"US"},{"id":112548,"name":"Bonny Doon","stateCode":"CA","countryCode":"US"},{"id":112550,"name":"Bonsall","stateCode":"CA","countryCode":"US"},{"id":112571,"name":"Boonville","stateCode":"CA","countryCode":"US"},{"id":112578,"name":"Boron","stateCode":"CA","countryCode":"US"},{"id":112579,"name":"Boronda","stateCode":"CA","countryCode":"US"},{"id":112581,"name":"Borrego Springs","stateCode":"CA","countryCode":"US"},{"id":112591,"name":"Bostonia","stateCode":"CA","countryCode":"US"},{"id":112604,"name":"Boulder Creek","stateCode":"CA","countryCode":"US"},{"id":112646,"name":"Boyes Hot Springs","stateCode":"CA","countryCode":"US"},{"id":112649,"name":"Boyle Heights","stateCode":"CA","countryCode":"US"},{"id":112658,"name":"Bradbury","stateCode":"CA","countryCode":"US"},{"id":112700,"name":"Brawley","stateCode":"CA","countryCode":"US"},{"id":112707,"name":"Brea","stateCode":"CA","countryCode":"US"},{"id":112733,"name":"Brentwood","stateCode":"CA","countryCode":"US"},{"id":112736,"name":"Bret Harte","stateCode":"CA","countryCode":"US"},{"id":112765,"name":"Bridgeport","stateCode":"CA","countryCode":"US"},{"id":112800,"name":"Brisbane","stateCode":"CA","countryCode":"US"},{"id":112825,"name":"Broadmoor","stateCode":"CA","countryCode":"US"},{"id":112851,"name":"Brookdale","stateCode":"CA","countryCode":"US"},{"id":112893,"name":"Brooktrails","stateCode":"CA","countryCode":"US"},{"id":112983,"name":"Buckhorn","stateCode":"CA","countryCode":"US"},{"id":112997,"name":"Buellton","stateCode":"CA","countryCode":"US"},{"id":112999,"name":"Buena Park","stateCode":"CA","countryCode":"US"},{"id":113003,"name":"Buena Vista","stateCode":"CA","countryCode":"US"},{"id":113047,"name":"Burbank","stateCode":"CA","countryCode":"US"},{"id":113065,"name":"Burlingame","stateCode":"CA","countryCode":"US"},{"id":113082,"name":"Burney","stateCode":"CA","countryCode":"US"},{"id":113125,"name":"Butte County","stateCode":"CA","countryCode":"US"},{"id":113129,"name":"Buttonwillow","stateCode":"CA","countryCode":"US"},{"id":113146,"name":"Byron","stateCode":"CA","countryCode":"US"},{"id":113148,"name":"Bystrom","stateCode":"CA","countryCode":"US"},{"id":113150,"name":"Cabazon","stateCode":"CA","countryCode":"US"},{"id":113173,"name":"Calabasas","stateCode":"CA","countryCode":"US"},{"id":113176,"name":"Calaveras County","stateCode":"CA","countryCode":"US"},{"id":113196,"name":"Calexico","stateCode":"CA","countryCode":"US"},{"id":113218,"name":"California City","stateCode":"CA","countryCode":"US"},{"id":113219,"name":"Calimesa","stateCode":"CA","countryCode":"US"},{"id":113220,"name":"Calipatria","stateCode":"CA","countryCode":"US"},{"id":113221,"name":"Calistoga","stateCode":"CA","countryCode":"US"},{"id":113226,"name":"Callender","stateCode":"CA","countryCode":"US"},{"id":113242,"name":"Camarillo","stateCode":"CA","countryCode":"US"},{"id":113246,"name":"Cambria","stateCode":"CA","countryCode":"US"},{"id":113249,"name":"Cambrian Park","stateCode":"CA","countryCode":"US"},{"id":113281,"name":"Cameron Park","stateCode":"CA","countryCode":"US"},{"id":113285,"name":"Camino","stateCode":"CA","countryCode":"US"},{"id":113289,"name":"Camp Meeker","stateCode":"CA","countryCode":"US"},{"id":113290,"name":"Camp Pendleton North","stateCode":"CA","countryCode":"US"},{"id":113291,"name":"Camp Pendleton South","stateCode":"CA","countryCode":"US"},{"id":113298,"name":"Campbell","stateCode":"CA","countryCode":"US"},{"id":113308,"name":"Campo","stateCode":"CA","countryCode":"US"},{"id":113335,"name":"Canoga Park","stateCode":"CA","countryCode":"US"},{"id":113359,"name":"Canyon Lake","stateCode":"CA","countryCode":"US"},{"id":113376,"name":"Capitola","stateCode":"CA","countryCode":"US"},{"id":113408,"name":"Carlsbad","stateCode":"CA","countryCode":"US"},{"id":113420,"name":"Carmel Valley Village","stateCode":"CA","countryCode":"US"},{"id":113421,"name":"Carmel-by-the-Sea","stateCode":"CA","countryCode":"US"},{"id":113423,"name":"Carmichael","stateCode":"CA","countryCode":"US"},{"id":113440,"name":"Carpinteria","stateCode":"CA","countryCode":"US"},{"id":113474,"name":"Carson","stateCode":"CA","countryCode":"US"},{"id":113498,"name":"Caruthers","stateCode":"CA","countryCode":"US"},{"id":113509,"name":"Casa Conejo","stateCode":"CA","countryCode":"US"},{"id":113511,"name":"Casa de Oro-Mount Helix","stateCode":"CA","countryCode":"US"},{"id":113540,"name":"Castaic","stateCode":"CA","countryCode":"US"},{"id":113557,"name":"Castro Valley","stateCode":"CA","countryCode":"US"},{"id":113559,"name":"Castroville","stateCode":"CA","countryCode":"US"},{"id":113570,"name":"Cathedral City","stateCode":"CA","countryCode":"US"},{"id":113592,"name":"Cayucos","stateCode":"CA","countryCode":"US"},{"id":113622,"name":"Cedar Ridge","stateCode":"CA","countryCode":"US"},{"id":113683,"name":"Central Valley (historical)","stateCode":"CA","countryCode":"US"},{"id":113698,"name":"Century City","stateCode":"CA","countryCode":"US"},{"id":113700,"name":"Ceres","stateCode":"CA","countryCode":"US"},{"id":113701,"name":"Cerritos","stateCode":"CA","countryCode":"US"},{"id":113714,"name":"Challenge-Brownsville","stateCode":"CA","countryCode":"US"},{"id":113734,"name":"Channel Islands Beach","stateCode":"CA","countryCode":"US"},{"id":113790,"name":"Charter Oak","stateCode":"CA","countryCode":"US"},{"id":113807,"name":"Chatsworth","stateCode":"CA","countryCode":"US"},{"id":113865,"name":"Cherry Valley","stateCode":"CA","countryCode":"US"},{"id":113867,"name":"Cherryland","stateCode":"CA","countryCode":"US"},{"id":113892,"name":"Chester","stateCode":"CA","countryCode":"US"},{"id":113943,"name":"Chico","stateCode":"CA","countryCode":"US"},{"id":113963,"name":"China Lake Acres","stateCode":"CA","countryCode":"US"},{"id":113964,"name":"Chinatown","stateCode":"CA","countryCode":"US"},{"id":113968,"name":"Chino","stateCode":"CA","countryCode":"US"},{"id":113969,"name":"Chino Hills","stateCode":"CA","countryCode":"US"},{"id":113993,"name":"Chowchilla","stateCode":"CA","countryCode":"US"},{"id":114003,"name":"Chualar","stateCode":"CA","countryCode":"US"},{"id":114005,"name":"Chula Vista","stateCode":"CA","countryCode":"US"},{"id":114034,"name":"Citrus","stateCode":"CA","countryCode":"US"},{"id":114037,"name":"Citrus Heights","stateCode":"CA","countryCode":"US"},{"id":114046,"name":"City and County of San Francisco","stateCode":"CA","countryCode":"US"},{"id":153627,"name":"City of Industry","stateCode":"CA","countryCode":"US"},{"id":114106,"name":"Claremont","stateCode":"CA","countryCode":"US"},{"id":114169,"name":"Clay","stateCode":"CA","countryCode":"US"},{"id":114203,"name":"Clayton","stateCode":"CA","countryCode":"US"},{"id":114213,"name":"Clear Lake Riviera","stateCode":"CA","countryCode":"US"},{"id":114219,"name":"Clearlake","stateCode":"CA","countryCode":"US"},{"id":114220,"name":"Clearlake Oaks","stateCode":"CA","countryCode":"US"},{"id":114311,"name":"Cloverdale","stateCode":"CA","countryCode":"US"},{"id":114315,"name":"Clovis","stateCode":"CA","countryCode":"US"},{"id":114324,"name":"Coachella","stateCode":"CA","countryCode":"US"},{"id":114338,"name":"Coalinga","stateCode":"CA","countryCode":"US"},{"id":114340,"name":"Coarsegold","stateCode":"CA","countryCode":"US"},{"id":114343,"name":"Cobb","stateCode":"CA","countryCode":"US"},{"id":114408,"name":"Colfax","stateCode":"CA","countryCode":"US"},{"id":114425,"name":"Collierville","stateCode":"CA","countryCode":"US"},{"id":114440,"name":"Colma","stateCode":"CA","countryCode":"US"},{"id":114463,"name":"Colton","stateCode":"CA","countryCode":"US"},{"id":114474,"name":"Columbia","stateCode":"CA","countryCode":"US"},{"id":114504,"name":"Colusa","stateCode":"CA","countryCode":"US"},{"id":114505,"name":"Colusa County","stateCode":"CA","countryCode":"US"},{"id":114525,"name":"Commerce","stateCode":"CA","countryCode":"US"},{"id":114529,"name":"Compton","stateCode":"CA","countryCode":"US"},{"id":114543,"name":"Concord","stateCode":"CA","countryCode":"US"},{"id":114575,"name":"Contra Costa Centre","stateCode":"CA","countryCode":"US"},{"id":114576,"name":"Contra Costa County","stateCode":"CA","countryCode":"US"},{"id":114596,"name":"Cool","stateCode":"CA","countryCode":"US"},{"id":114622,"name":"Copperopolis","stateCode":"CA","countryCode":"US"},{"id":114633,"name":"Corcoran","stateCode":"CA","countryCode":"US"},{"id":114654,"name":"Corning","stateCode":"CA","countryCode":"US"},{"id":114662,"name":"Corona","stateCode":"CA","countryCode":"US"},{"id":114664,"name":"Coronado","stateCode":"CA","countryCode":"US"},{"id":114667,"name":"Corralitos","stateCode":"CA","countryCode":"US"},{"id":114672,"name":"Corte Madera","stateCode":"CA","countryCode":"US"},{"id":114686,"name":"Costa Mesa","stateCode":"CA","countryCode":"US"},{"id":114688,"name":"Cotati","stateCode":"CA","countryCode":"US"},{"id":114689,"name":"Coto De Caza","stateCode":"CA","countryCode":"US"},{"id":114702,"name":"Cottonwood","stateCode":"CA","countryCode":"US"},{"id":114715,"name":"Country Club","stateCode":"CA","countryCode":"US"},{"id":114731,"name":"Covelo","stateCode":"CA","countryCode":"US"},{"id":114734,"name":"Covina","stateCode":"CA","countryCode":"US"},{"id":114796,"name":"Crescent City","stateCode":"CA","countryCode":"US"},{"id":114802,"name":"Crest","stateCode":"CA","countryCode":"US"},{"id":114805,"name":"Crestline","stateCode":"CA","countryCode":"US"},{"id":114830,"name":"Crockett","stateCode":"CA","countryCode":"US"},{"id":114890,"name":"Cudahy","stateCode":"CA","countryCode":"US"},{"id":114904,"name":"Culver City","stateCode":"CA","countryCode":"US"},{"id":114924,"name":"Cupertino","stateCode":"CA","countryCode":"US"},{"id":114947,"name":"Cutler","stateCode":"CA","countryCode":"US"},{"id":114951,"name":"Cutten","stateCode":"CA","countryCode":"US"},{"id":114954,"name":"Cypress","stateCode":"CA","countryCode":"US"},{"id":115006,"name":"Daly City","stateCode":"CA","countryCode":"US"},{"id":115012,"name":"Dana Point","stateCode":"CA","countryCode":"US"},{"id":115038,"name":"Danville","stateCode":"CA","countryCode":"US"},{"id":115073,"name":"Davis","stateCode":"CA","countryCode":"US"},{"id":115090,"name":"Day Valley","stateCode":"CA","countryCode":"US"},{"id":115178,"name":"Deer Park","stateCode":"CA","countryCode":"US"},{"id":115186,"name":"Del Aire","stateCode":"CA","countryCode":"US"},{"id":115188,"name":"Del Mar","stateCode":"CA","countryCode":"US"},{"id":115189,"name":"Del Monte Forest","stateCode":"CA","countryCode":"US"},{"id":115191,"name":"Del Norte County","stateCode":"CA","countryCode":"US"},{"id":115192,"name":"Del Rey","stateCode":"CA","countryCode":"US"},{"id":115193,"name":"Del Rey Oaks","stateCode":"CA","countryCode":"US"},{"id":115194,"name":"Del Rio","stateCode":"CA","countryCode":"US"},{"id":115199,"name":"Delano","stateCode":"CA","countryCode":"US"},{"id":115213,"name":"Delhi","stateCode":"CA","countryCode":"US"},{"id":115234,"name":"Denair","stateCode":"CA","countryCode":"US"},{"id":115276,"name":"Descanso","stateCode":"CA","countryCode":"US"},{"id":115280,"name":"Desert Edge","stateCode":"CA","countryCode":"US"},{"id":115282,"name":"Desert Hot Springs","stateCode":"CA","countryCode":"US"},{"id":115283,"name":"Desert Shores","stateCode":"CA","countryCode":"US"},{"id":115284,"name":"Desert View Highlands","stateCode":"CA","countryCode":"US"},{"id":115312,"name":"Diablo","stateCode":"CA","countryCode":"US"},{"id":115314,"name":"Diamond Bar","stateCode":"CA","countryCode":"US"},{"id":115316,"name":"Diamond Springs","stateCode":"CA","countryCode":"US"},{"id":115351,"name":"Dinuba","stateCode":"CA","countryCode":"US"},{"id":115353,"name":"Discovery Bay","stateCode":"CA","countryCode":"US"},{"id":115367,"name":"Dixon","stateCode":"CA","countryCode":"US"},{"id":115369,"name":"Dixon Lane-Meadow Creek","stateCode":"CA","countryCode":"US"},{"id":115385,"name":"Dogtown","stateCode":"CA","countryCode":"US"},{"id":115390,"name":"Dollar Point","stateCode":"CA","countryCode":"US"},{"id":115414,"name":"Dos Palos","stateCode":"CA","countryCode":"US"},{"id":115460,"name":"Downey","stateCode":"CA","countryCode":"US"},{"id":115461,"name":"Downieville","stateCode":"CA","countryCode":"US"},{"id":115490,"name":"Duarte","stateCode":"CA","countryCode":"US"},{"id":115496,"name":"Dublin","stateCode":"CA","countryCode":"US"},{"id":115551,"name":"Dunnigan","stateCode":"CA","countryCode":"US"},{"id":115553,"name":"Dunsmuir","stateCode":"CA","countryCode":"US"},{"id":115573,"name":"Durham","stateCode":"CA","countryCode":"US"},{"id":115618,"name":"Earlimart","stateCode":"CA","countryCode":"US"},{"id":115663,"name":"East Foothills","stateCode":"CA","countryCode":"US"},{"id":115689,"name":"East Hemet","stateCode":"CA","countryCode":"US"},{"id":115699,"name":"East La Mirada","stateCode":"CA","countryCode":"US"},{"id":115706,"name":"East Los Angeles","stateCode":"CA","countryCode":"US"},{"id":115725,"name":"East Oakdale","stateCode":"CA","countryCode":"US"},{"id":115728,"name":"East Palo Alto","stateCode":"CA","countryCode":"US"},{"id":115729,"name":"East Pasadena","stateCode":"CA","countryCode":"US"},{"id":115739,"name":"East Porterville","stateCode":"CA","countryCode":"US"},{"id":115742,"name":"East Quincy","stateCode":"CA","countryCode":"US"},{"id":115744,"name":"East Rancho Dominguez","stateCode":"CA","countryCode":"US"},{"id":115746,"name":"East Richmond Heights","stateCode":"CA","countryCode":"US"},{"id":115755,"name":"East San Gabriel","stateCode":"CA","countryCode":"US"},{"id":115759,"name":"East Sonora","stateCode":"CA","countryCode":"US"},{"id":115791,"name":"Easton","stateCode":"CA","countryCode":"US"},{"id":115797,"name":"Eastvale","stateCode":"CA","countryCode":"US"},{"id":115814,"name":"Echo Park","stateCode":"CA","countryCode":"US"},{"id":115888,"name":"Edwards Air Force Base","stateCode":"CA","countryCode":"US"},{"id":115911,"name":"El Cajon","stateCode":"CA","countryCode":"US"},{"id":115914,"name":"El Centro","stateCode":"CA","countryCode":"US"},{"id":115915,"name":"El Cerrito","stateCode":"CA","countryCode":"US"},{"id":115916,"name":"El Cerrito Corona","stateCode":"CA","countryCode":"US"},{"id":115921,"name":"El Dorado County","stateCode":"CA","countryCode":"US"},{"id":115922,"name":"El Dorado Hills","stateCode":"CA","countryCode":"US"},{"id":115924,"name":"El Granada","stateCode":"CA","countryCode":"US"},{"id":115928,"name":"El Monte","stateCode":"CA","countryCode":"US"},{"id":115936,"name":"El Rio","stateCode":"CA","countryCode":"US"},{"id":115937,"name":"El Segundo","stateCode":"CA","countryCode":"US"},{"id":115938,"name":"El Sobrante","stateCode":"CA","countryCode":"US"},{"id":115940,"name":"El Verano","stateCode":"CA","countryCode":"US"},{"id":115957,"name":"Eldridge","stateCode":"CA","countryCode":"US"},{"id":115987,"name":"Elk Grove","stateCode":"CA","countryCode":"US"},{"id":116003,"name":"Elkhorn","stateCode":"CA","countryCode":"US"},{"id":116075,"name":"Elverta","stateCode":"CA","countryCode":"US"},{"id":116090,"name":"Emerald Lake Hills","stateCode":"CA","countryCode":"US"},{"id":116097,"name":"Emeryville","stateCode":"CA","countryCode":"US"},{"id":116110,"name":"Empire","stateCode":"CA","countryCode":"US"},{"id":116118,"name":"Encinitas","stateCode":"CA","countryCode":"US"},{"id":116119,"name":"Encino","stateCode":"CA","countryCode":"US"},{"id":116178,"name":"Escalon","stateCode":"CA","countryCode":"US"},{"id":116184,"name":"Escondido","stateCode":"CA","countryCode":"US"},{"id":116187,"name":"Esparto","stateCode":"CA","countryCode":"US"},{"id":116221,"name":"Eucalyptus Hills","stateCode":"CA","countryCode":"US"},{"id":116235,"name":"Eureka","stateCode":"CA","countryCode":"US"},{"id":116274,"name":"Exeter","stateCode":"CA","countryCode":"US"},{"id":116286,"name":"Fair Oaks","stateCode":"CA","countryCode":"US"},{"id":116292,"name":"Fairbanks Ranch","stateCode":"CA","countryCode":"US"},{"id":116306,"name":"Fairfax","stateCode":"CA","countryCode":"US"},{"id":116316,"name":"Fairfield","stateCode":"CA","countryCode":"US"},{"id":116333,"name":"Fairmead","stateCode":"CA","countryCode":"US"},{"id":116355,"name":"Fairview","stateCode":"CA","countryCode":"US"},{"id":116376,"name":"Fallbrook","stateCode":"CA","countryCode":"US"},{"id":116407,"name":"Farmersville","stateCode":"CA","countryCode":"US"},{"id":116471,"name":"Felton","stateCode":"CA","countryCode":"US"},{"id":116489,"name":"Ferndale","stateCode":"CA","countryCode":"US"},{"id":116503,"name":"Fetters Hot Springs-Agua Caliente","stateCode":"CA","countryCode":"US"},{"id":116508,"name":"Fillmore","stateCode":"CA","countryCode":"US"},{"id":116520,"name":"Firebaugh","stateCode":"CA","countryCode":"US"},{"id":116589,"name":"Florence-Graham","stateCode":"CA","countryCode":"US"},{"id":116595,"name":"Florin","stateCode":"CA","countryCode":"US"},{"id":116626,"name":"Folsom","stateCode":"CA","countryCode":"US"},{"id":116631,"name":"Fontana","stateCode":"CA","countryCode":"US"},{"id":116632,"name":"Foothill Farms","stateCode":"CA","countryCode":"US"},{"id":116633,"name":"Foothill Ranch","stateCode":"CA","countryCode":"US"},{"id":116635,"name":"Ford City","stateCode":"CA","countryCode":"US"},{"id":116662,"name":"Forest Meadows","stateCode":"CA","countryCode":"US"},{"id":116667,"name":"Forest Ranch","stateCode":"CA","countryCode":"US"},{"id":116671,"name":"Foresthill","stateCode":"CA","countryCode":"US"},{"id":116673,"name":"Forestville","stateCode":"CA","countryCode":"US"},{"id":116695,"name":"Fort Bragg","stateCode":"CA","countryCode":"US"},{"id":116719,"name":"Fort Irwin","stateCode":"CA","countryCode":"US"},{"id":116767,"name":"Fortuna","stateCode":"CA","countryCode":"US"},{"id":116776,"name":"Foster City","stateCode":"CA","countryCode":"US"},{"id":116784,"name":"Fountain Valley","stateCode":"CA","countryCode":"US"},{"id":116797,"name":"Fowler","stateCode":"CA","countryCode":"US"},{"id":116883,"name":"Frazier Park","stateCode":"CA","countryCode":"US"},{"id":116903,"name":"Freedom","stateCode":"CA","countryCode":"US"},{"id":116924,"name":"Fremont","stateCode":"CA","countryCode":"US"},{"id":116929,"name":"French Camp","stateCode":"CA","countryCode":"US"},{"id":116939,"name":"Fresno","stateCode":"CA","countryCode":"US"},{"id":116940,"name":"Fresno County","stateCode":"CA","countryCode":"US"},{"id":116975,"name":"Fruitridge Pocket","stateCode":"CA","countryCode":"US"},{"id":116983,"name":"Fullerton","stateCode":"CA","countryCode":"US"},{"id":117040,"name":"Galt","stateCode":"CA","countryCode":"US"},{"id":117053,"name":"Garden Acres","stateCode":"CA","countryCode":"US"},{"id":117065,"name":"Garden Grove","stateCode":"CA","countryCode":"US"},{"id":117069,"name":"Gardena","stateCode":"CA","countryCode":"US"},{"id":117094,"name":"Garnet","stateCode":"CA","countryCode":"US"},{"id":117165,"name":"Georgetown","stateCode":"CA","countryCode":"US"},{"id":117169,"name":"Gerber","stateCode":"CA","countryCode":"US"},{"id":117225,"name":"Gilroy","stateCode":"CA","countryCode":"US"},{"id":117261,"name":"Glen Avon","stateCode":"CA","countryCode":"US"},{"id":117286,"name":"Glendale","stateCode":"CA","countryCode":"US"},{"id":117291,"name":"Glendora","stateCode":"CA","countryCode":"US"},{"id":117296,"name":"Glenn County","stateCode":"CA","countryCode":"US"},{"id":117345,"name":"Gold River","stateCode":"CA","countryCode":"US"},{"id":117351,"name":"Golden Hills","stateCode":"CA","countryCode":"US"},{"id":117367,"name":"Goleta","stateCode":"CA","countryCode":"US"},{"id":117372,"name":"Gonzales","stateCode":"CA","countryCode":"US"},{"id":117378,"name":"Good Hope","stateCode":"CA","countryCode":"US"},{"id":117410,"name":"Goshen","stateCode":"CA","countryCode":"US"},{"id":117476,"name":"Grand Terrace","stateCode":"CA","countryCode":"US"},{"id":117493,"name":"Granite Bay","stateCode":"CA","countryCode":"US"},{"id":117499,"name":"Granite Hills","stateCode":"CA","countryCode":"US"},{"id":117543,"name":"Grass Valley","stateCode":"CA","countryCode":"US"},{"id":117545,"name":"Graton","stateCode":"CA","countryCode":"US"},{"id":117590,"name":"Green Acres","stateCode":"CA","countryCode":"US"},{"id":117611,"name":"Green Valley","stateCode":"CA","countryCode":"US"},{"id":117613,"name":"Greenacres","stateCode":"CA","countryCode":"US"},{"id":117654,"name":"Greenfield","stateCode":"CA","countryCode":"US"},{"id":117696,"name":"Greenville","stateCode":"CA","countryCode":"US"},{"id":117730,"name":"Gridley","stateCode":"CA","countryCode":"US"},{"id":117760,"name":"Grover Beach","stateCode":"CA","countryCode":"US"},{"id":117777,"name":"Guadalupe","stateCode":"CA","countryCode":"US"},{"id":117780,"name":"Guerneville","stateCode":"CA","countryCode":"US"},{"id":117810,"name":"Gustine","stateCode":"CA","countryCode":"US"},{"id":117825,"name":"Hacienda Heights","stateCode":"CA","countryCode":"US"},{"id":117856,"name":"Half Moon Bay","stateCode":"CA","countryCode":"US"},{"id":117895,"name":"Hamilton City","stateCode":"CA","countryCode":"US"},{"id":117960,"name":"Hanford","stateCode":"CA","countryCode":"US"},{"id":117982,"name":"Happy Camp","stateCode":"CA","countryCode":"US"},{"id":117986,"name":"Harbison Canyon","stateCode":"CA","countryCode":"US"},{"id":118099,"name":"Hartley","stateCode":"CA","countryCode":"US"},{"id":118160,"name":"Hawaiian Gardens","stateCode":"CA","countryCode":"US"},{"id":118175,"name":"Hawthorne","stateCode":"CA","countryCode":"US"},{"id":118186,"name":"Hayfork","stateCode":"CA","countryCode":"US"},{"id":118197,"name":"Hayward","stateCode":"CA","countryCode":"US"},{"id":118217,"name":"Healdsburg","stateCode":"CA","countryCode":"US"},{"id":118228,"name":"Heber","stateCode":"CA","countryCode":"US"},{"id":118264,"name":"Hemet","stateCode":"CA","countryCode":"US"},{"id":118311,"name":"Herald","stateCode":"CA","countryCode":"US"},{"id":118314,"name":"Hercules","stateCode":"CA","countryCode":"US"},{"id":118331,"name":"Hermosa Beach","stateCode":"CA","countryCode":"US"},{"id":118344,"name":"Hesperia","stateCode":"CA","countryCode":"US"},{"id":118376,"name":"Hidden Hills","stateCode":"CA","countryCode":"US"},{"id":118377,"name":"Hidden Meadows","stateCode":"CA","countryCode":"US"},{"id":118380,"name":"Hidden Valley Lake","stateCode":"CA","countryCode":"US"},{"id":118391,"name":"Highgrove","stateCode":"CA","countryCode":"US"},{"id":118398,"name":"Highland","stateCode":"CA","countryCode":"US"},{"id":118421,"name":"Highlands-Baywood Park","stateCode":"CA","countryCode":"US"},{"id":118455,"name":"Hillsborough","stateCode":"CA","countryCode":"US"},{"id":118471,"name":"Hilmar-Irwin","stateCode":"CA","countryCode":"US"},{"id":118552,"name":"Hollister","stateCode":"CA","countryCode":"US"},{"id":118567,"name":"Hollywood","stateCode":"CA","countryCode":"US"},{"id":118582,"name":"Holtville","stateCode":"CA","countryCode":"US"},{"id":118586,"name":"Home Garden","stateCode":"CA","countryCode":"US"},{"id":118587,"name":"Home Gardens","stateCode":"CA","countryCode":"US"},{"id":118590,"name":"Homeland","stateCode":"CA","countryCode":"US"},{"id":118764,"name":"Hughson","stateCode":"CA","countryCode":"US"},{"id":118779,"name":"Humboldt County","stateCode":"CA","countryCode":"US"},{"id":118781,"name":"Humboldt Hill","stateCode":"CA","countryCode":"US"},{"id":118805,"name":"Huntington Beach","stateCode":"CA","countryCode":"US"},{"id":118807,"name":"Huntington Park","stateCode":"CA","countryCode":"US"},{"id":118825,"name":"Huron","stateCode":"CA","countryCode":"US"},{"id":118855,"name":"Hydesville","stateCode":"CA","countryCode":"US"},{"id":118874,"name":"Idyllwild","stateCode":"CA","countryCode":"US"},{"id":118875,"name":"Idyllwild-Pine Cove","stateCode":"CA","countryCode":"US"},{"id":118883,"name":"Imperial","stateCode":"CA","countryCode":"US"},{"id":118885,"name":"Imperial Beach","stateCode":"CA","countryCode":"US"},{"id":118886,"name":"Imperial County","stateCode":"CA","countryCode":"US"},{"id":118921,"name":"Indian Wells","stateCode":"CA","countryCode":"US"},{"id":118929,"name":"Indio","stateCode":"CA","countryCode":"US"},{"id":118937,"name":"Inglewood","stateCode":"CA","countryCode":"US"},{"id":118951,"name":"Interlaken","stateCode":"CA","countryCode":"US"},{"id":118957,"name":"Inverness","stateCode":"CA","countryCode":"US"},{"id":118964,"name":"Inyo County","stateCode":"CA","countryCode":"US"},{"id":118965,"name":"Inyokern","stateCode":"CA","countryCode":"US"},{"id":118970,"name":"Ione","stateCode":"CA","countryCode":"US"},{"id":119004,"name":"Irvine","stateCode":"CA","countryCode":"US"},{"id":119014,"name":"Irwindale","stateCode":"CA","countryCode":"US"},{"id":119021,"name":"Isla Vista","stateCode":"CA","countryCode":"US"},{"id":119049,"name":"Ivanhoe","stateCode":"CA","countryCode":"US"},{"id":119073,"name":"Jackson","stateCode":"CA","countryCode":"US"},{"id":119126,"name":"Jamestown","stateCode":"CA","countryCode":"US"},{"id":119128,"name":"Jamul","stateCode":"CA","countryCode":"US"},{"id":119132,"name":"Janesville","stateCode":"CA","countryCode":"US"},{"id":119283,"name":"Johnstonville","stateCode":"CA","countryCode":"US"},{"id":119323,"name":"Joshua Tree","stateCode":"CA","countryCode":"US"},{"id":119330,"name":"Julian","stateCode":"CA","countryCode":"US"},{"id":119343,"name":"Jurupa Valley","stateCode":"CA","countryCode":"US"},{"id":119431,"name":"Kelseyville","stateCode":"CA","countryCode":"US"},{"id":119469,"name":"Kennedy","stateCode":"CA","countryCode":"US"},{"id":119484,"name":"Kensington","stateCode":"CA","countryCode":"US"},{"id":119495,"name":"Kentfield","stateCode":"CA","countryCode":"US"},{"id":119505,"name":"Kenwood","stateCode":"CA","countryCode":"US"},{"id":119512,"name":"Kerman","stateCode":"CA","countryCode":"US"},{"id":119514,"name":"Kern County","stateCode":"CA","countryCode":"US"},{"id":119516,"name":"Kernville","stateCode":"CA","countryCode":"US"},{"id":119528,"name":"Kettleman City","stateCode":"CA","countryCode":"US"},{"id":119543,"name":"Keyes","stateCode":"CA","countryCode":"US"},{"id":119579,"name":"King City","stateCode":"CA","countryCode":"US"},{"id":119598,"name":"Kings Beach","stateCode":"CA","countryCode":"US"},{"id":119600,"name":"Kings County","stateCode":"CA","countryCode":"US"},{"id":119609,"name":"Kingsburg","stateCode":"CA","countryCode":"US"},{"id":119675,"name":"Knightsen","stateCode":"CA","countryCode":"US"},{"id":119708,"name":"Koreatown","stateCode":"CA","countryCode":"US"},{"id":119736,"name":"La Cañada Flintridge","stateCode":"CA","countryCode":"US"},{"id":119742,"name":"La Crescenta-Montrose","stateCode":"CA","countryCode":"US"},{"id":119755,"name":"La Habra","stateCode":"CA","countryCode":"US"},{"id":119756,"name":"La Habra Heights","stateCode":"CA","countryCode":"US"},{"id":119760,"name":"La Jolla","stateCode":"CA","countryCode":"US"},{"id":119765,"name":"La Mesa","stateCode":"CA","countryCode":"US"},{"id":119767,"name":"La Mirada","stateCode":"CA","countryCode":"US"},{"id":119769,"name":"La Palma","stateCode":"CA","countryCode":"US"},{"id":119779,"name":"La Presa","stateCode":"CA","countryCode":"US"},{"id":119782,"name":"La Puente","stateCode":"CA","countryCode":"US"},{"id":119783,"name":"La Quinta","stateCode":"CA","countryCode":"US"},{"id":119784,"name":"La Riviera","stateCode":"CA","countryCode":"US"},{"id":119789,"name":"La Selva Beach","stateCode":"CA","countryCode":"US"},{"id":119793,"name":"La Verne","stateCode":"CA","countryCode":"US"},{"id":119823,"name":"Ladera","stateCode":"CA","countryCode":"US"},{"id":119824,"name":"Ladera Heights","stateCode":"CA","countryCode":"US"},{"id":119825,"name":"Ladera Ranch","stateCode":"CA","countryCode":"US"},{"id":119835,"name":"Lafayette","stateCode":"CA","countryCode":"US"},{"id":119849,"name":"Laguna","stateCode":"CA","countryCode":"US"},{"id":119852,"name":"Laguna Beach","stateCode":"CA","countryCode":"US"},{"id":119854,"name":"Laguna Hills","stateCode":"CA","countryCode":"US"},{"id":119855,"name":"Laguna Niguel","stateCode":"CA","countryCode":"US"},{"id":119858,"name":"Laguna Woods","stateCode":"CA","countryCode":"US"},{"id":119859,"name":"Lagunitas-Forest Knolls","stateCode":"CA","countryCode":"US"},{"id":119866,"name":"Lake Arrowhead","stateCode":"CA","countryCode":"US"},{"id":119896,"name":"Lake County","stateCode":"CA","countryCode":"US"},{"id":119906,"name":"Lake Elsinore","stateCode":"CA","countryCode":"US"},{"id":119911,"name":"Lake Forest","stateCode":"CA","countryCode":"US"},{"id":119923,"name":"Lake Isabella","stateCode":"CA","countryCode":"US"},{"id":119931,"name":"Lake Los Angeles","stateCode":"CA","countryCode":"US"},{"id":119950,"name":"Lake Nacimiento","stateCode":"CA","countryCode":"US"},{"id":120005,"name":"Lake of the Pines","stateCode":"CA","countryCode":"US"},{"id":119973,"name":"Lake San Marcos","stateCode":"CA","countryCode":"US"},{"id":119993,"name":"Lake Wildwood","stateCode":"CA","countryCode":"US"},{"id":120020,"name":"Lakeland Village","stateCode":"CA","countryCode":"US"},{"id":120023,"name":"Lakeport","stateCode":"CA","countryCode":"US"},{"id":120032,"name":"Lakeside","stateCode":"CA","countryCode":"US"},{"id":120040,"name":"Lakeview","stateCode":"CA","countryCode":"US"},{"id":120051,"name":"Lakewood","stateCode":"CA","countryCode":"US"},{"id":120074,"name":"Lamont","stateCode":"CA","countryCode":"US"},{"id":120089,"name":"Lancaster","stateCode":"CA","countryCode":"US"},{"id":120147,"name":"Larkfield-Wikiup","stateCode":"CA","countryCode":"US"},{"id":120148,"name":"Larkspur","stateCode":"CA","countryCode":"US"},{"id":120156,"name":"Las Flores","stateCode":"CA","countryCode":"US"},{"id":120158,"name":"Las Lomas","stateCode":"CA","countryCode":"US"},{"id":120166,"name":"Lassen County","stateCode":"CA","countryCode":"US"},{"id":120170,"name":"Lathrop","stateCode":"CA","countryCode":"US"},{"id":120174,"name":"Laton","stateCode":"CA","countryCode":"US"},{"id":120222,"name":"Lawndale","stateCode":"CA","countryCode":"US"},{"id":120255,"name":"Laytonville","stateCode":"CA","countryCode":"US"},{"id":120260,"name":"Le Grand","stateCode":"CA","countryCode":"US"},{"id":120298,"name":"Lebec","stateCode":"CA","countryCode":"US"},{"id":120359,"name":"Lemon Grove","stateCode":"CA","countryCode":"US"},{"id":120362,"name":"Lemoore","stateCode":"CA","countryCode":"US"},{"id":120363,"name":"Lemoore Station","stateCode":"CA","countryCode":"US"},{"id":120371,"name":"Lennox","stateCode":"CA","countryCode":"US"},{"id":120378,"name":"Lenwood","stateCode":"CA","countryCode":"US"},{"id":120387,"name":"Leona Valley","stateCode":"CA","countryCode":"US"},{"id":120427,"name":"Lewiston","stateCode":"CA","countryCode":"US"},{"id":120454,"name":"Lexington Hills","stateCode":"CA","countryCode":"US"},{"id":120509,"name":"Lincoln","stateCode":"CA","countryCode":"US"},{"id":120547,"name":"Lincoln Village","stateCode":"CA","countryCode":"US"},{"id":120557,"name":"Linda","stateCode":"CA","countryCode":"US"},{"id":120566,"name":"Linden","stateCode":"CA","countryCode":"US"},{"id":120574,"name":"Lindsay","stateCode":"CA","countryCode":"US"},{"id":120633,"name":"Littlerock","stateCode":"CA","countryCode":"US"},{"id":120640,"name":"Live Oak","stateCode":"CA","countryCode":"US"},{"id":120644,"name":"Livermore","stateCode":"CA","countryCode":"US"},{"id":120652,"name":"Livingston","stateCode":"CA","countryCode":"US"},{"id":120675,"name":"Lockeford","stateCode":"CA","countryCode":"US"},{"id":120691,"name":"Lodi","stateCode":"CA","countryCode":"US"},{"id":120712,"name":"Loma Linda","stateCode":"CA","countryCode":"US"},{"id":120713,"name":"Loma Rica","stateCode":"CA","countryCode":"US"},{"id":120716,"name":"Lomita","stateCode":"CA","countryCode":"US"},{"id":120717,"name":"Lompico","stateCode":"CA","countryCode":"US"},{"id":120718,"name":"Lompoc","stateCode":"CA","countryCode":"US"},{"id":120722,"name":"London","stateCode":"CA","countryCode":"US"},{"id":120729,"name":"Lone Pine","stateCode":"CA","countryCode":"US"},{"id":120738,"name":"Long Beach","stateCode":"CA","countryCode":"US"},{"id":120767,"name":"Loomis","stateCode":"CA","countryCode":"US"},{"id":120778,"name":"Los Alamitos","stateCode":"CA","countryCode":"US"},{"id":120779,"name":"Los Alamos","stateCode":"CA","countryCode":"US"},{"id":120782,"name":"Los Altos","stateCode":"CA","countryCode":"US"},{"id":120783,"name":"Los Altos Hills","stateCode":"CA","countryCode":"US"},{"id":120784,"name":"Los Angeles","stateCode":"CA","countryCode":"US"},{"id":120785,"name":"Los Angeles County","stateCode":"CA","countryCode":"US"},{"id":120786,"name":"Los Banos","stateCode":"CA","countryCode":"US"},{"id":120789,"name":"Los Gatos","stateCode":"CA","countryCode":"US"},{"id":120792,"name":"Los Molinos","stateCode":"CA","countryCode":"US"},{"id":120793,"name":"Los Olivos","stateCode":"CA","countryCode":"US"},{"id":120794,"name":"Los Osos","stateCode":"CA","countryCode":"US"},{"id":120796,"name":"Los Serranos","stateCode":"CA","countryCode":"US"},{"id":120798,"name":"Lost Hills","stateCode":"CA","countryCode":"US"},{"id":120842,"name":"Lower Lake","stateCode":"CA","countryCode":"US"},{"id":120855,"name":"Loyola","stateCode":"CA","countryCode":"US"},{"id":120862,"name":"Lucas Valley-Marinwood","stateCode":"CA","countryCode":"US"},{"id":120865,"name":"Lucerne","stateCode":"CA","countryCode":"US"},{"id":120866,"name":"Lucerne Valley","stateCode":"CA","countryCode":"US"},{"id":120934,"name":"Lynwood","stateCode":"CA","countryCode":"US"},{"id":120980,"name":"Madera","stateCode":"CA","countryCode":"US"},{"id":120981,"name":"Madera Acres","stateCode":"CA","countryCode":"US"},{"id":120982,"name":"Madera County","stateCode":"CA","countryCode":"US"},{"id":121031,"name":"Magalia","stateCode":"CA","countryCode":"US"},{"id":121062,"name":"Malibu","stateCode":"CA","countryCode":"US"},{"id":121077,"name":"Mammoth Lakes","stateCode":"CA","countryCode":"US"},{"id":121117,"name":"Manhattan Beach","stateCode":"CA","countryCode":"US"},{"id":121154,"name":"Manteca","stateCode":"CA","countryCode":"US"},{"id":121196,"name":"March Air Force Base","stateCode":"CA","countryCode":"US"},{"id":121212,"name":"Maricopa","stateCode":"CA","countryCode":"US"},{"id":121221,"name":"Marin City","stateCode":"CA","countryCode":"US"},{"id":121222,"name":"Marin County","stateCode":"CA","countryCode":"US"},{"id":121223,"name":"Marina","stateCode":"CA","countryCode":"US"},{"id":121224,"name":"Marina del Rey","stateCode":"CA","countryCode":"US"},{"id":121264,"name":"Mariposa","stateCode":"CA","countryCode":"US"},{"id":121265,"name":"Mariposa County","stateCode":"CA","countryCode":"US"},{"id":121345,"name":"Martinez","stateCode":"CA","countryCode":"US"},{"id":121360,"name":"Marysville","stateCode":"CA","countryCode":"US"},{"id":121401,"name":"Matheny","stateCode":"CA","countryCode":"US"},{"id":121430,"name":"Maxwell","stateCode":"CA","countryCode":"US"},{"id":121439,"name":"Mayflower Village","stateCode":"CA","countryCode":"US"},{"id":121459,"name":"Maywood","stateCode":"CA","countryCode":"US"},{"id":121471,"name":"McCloud","stateCode":"CA","countryCode":"US"},{"id":121500,"name":"McFarland","stateCode":"CA","countryCode":"US"},{"id":121524,"name":"McKinleyville","stateCode":"CA","countryCode":"US"},{"id":121554,"name":"Mead Valley","stateCode":"CA","countryCode":"US"},{"id":121563,"name":"Meadow Vista","stateCode":"CA","countryCode":"US"},{"id":121567,"name":"Meadowbrook","stateCode":"CA","countryCode":"US"},{"id":121578,"name":"Mecca","stateCode":"CA","countryCode":"US"},{"id":121619,"name":"Meiners Oaks","stateCode":"CA","countryCode":"US"},{"id":121652,"name":"Mendocino County","stateCode":"CA","countryCode":"US"},{"id":121657,"name":"Mendota","stateCode":"CA","countryCode":"US"},{"id":121659,"name":"Menifee","stateCode":"CA","countryCode":"US"},{"id":121661,"name":"Menlo Park","stateCode":"CA","countryCode":"US"},{"id":121667,"name":"Mentone","stateCode":"CA","countryCode":"US"},{"id":121671,"name":"Merced","stateCode":"CA","countryCode":"US"},{"id":121672,"name":"Merced County","stateCode":"CA","countryCode":"US"},{"id":121722,"name":"Mesa Verde","stateCode":"CA","countryCode":"US"},{"id":121794,"name":"Middletown","stateCode":"CA","countryCode":"US"},{"id":121809,"name":"Midpines","stateCode":"CA","countryCode":"US"},{"id":121821,"name":"Midway City","stateCode":"CA","countryCode":"US"},{"id":121868,"name":"Mill Valley","stateCode":"CA","countryCode":"US"},{"id":121871,"name":"Millbrae","stateCode":"CA","countryCode":"US"},{"id":121909,"name":"Milpitas","stateCode":"CA","countryCode":"US"},{"id":121949,"name":"Minkler","stateCode":"CA","countryCode":"US"},{"id":121971,"name":"Mira Mesa","stateCode":"CA","countryCode":"US"},{"id":121972,"name":"Mira Monte","stateCode":"CA","countryCode":"US"},{"id":121984,"name":"Mission Canyon","stateCode":"CA","countryCode":"US"},{"id":121985,"name":"Mission District","stateCode":"CA","countryCode":"US"},{"id":121987,"name":"Mission Hills","stateCode":"CA","countryCode":"US"},{"id":121988,"name":"Mission Viejo","stateCode":"CA","countryCode":"US"},{"id":122014,"name":"Modesto","stateCode":"CA","countryCode":"US"},{"id":122015,"name":"Modoc County","stateCode":"CA","countryCode":"US"},{"id":122023,"name":"Mojave","stateCode":"CA","countryCode":"US"},{"id":122048,"name":"Mono County","stateCode":"CA","countryCode":"US"},{"id":122049,"name":"Mono Vista","stateCode":"CA","countryCode":"US"},{"id":122088,"name":"Monrovia","stateCode":"CA","countryCode":"US"},{"id":122098,"name":"Montague","stateCode":"CA","countryCode":"US"},{"id":122100,"name":"Montalvin","stateCode":"CA","countryCode":"US"},{"id":122102,"name":"Montara","stateCode":"CA","countryCode":"US"},{"id":122107,"name":"Montclair","stateCode":"CA","countryCode":"US"},{"id":122109,"name":"Monte Rio","stateCode":"CA","countryCode":"US"},{"id":122110,"name":"Monte Sereno","stateCode":"CA","countryCode":"US"},{"id":122114,"name":"Montebello","stateCode":"CA","countryCode":"US"},{"id":122115,"name":"Montecito","stateCode":"CA","countryCode":"US"},{"id":122120,"name":"Monterey","stateCode":"CA","countryCode":"US"},{"id":122121,"name":"Monterey County","stateCode":"CA","countryCode":"US"},{"id":122122,"name":"Monterey Park","stateCode":"CA","countryCode":"US"},{"id":122193,"name":"Monument Hills","stateCode":"CA","countryCode":"US"},{"id":122213,"name":"Moorpark","stateCode":"CA","countryCode":"US"},{"id":122221,"name":"Morada","stateCode":"CA","countryCode":"US"},{"id":122222,"name":"Moraga","stateCode":"CA","countryCode":"US"},{"id":122231,"name":"Moreno Valley","stateCode":"CA","countryCode":"US"},{"id":122246,"name":"Morgan Hill","stateCode":"CA","countryCode":"US"},{"id":122261,"name":"Morongo Valley","stateCode":"CA","countryCode":"US"},{"id":122288,"name":"Morro Bay","stateCode":"CA","countryCode":"US"},{"id":122307,"name":"Moss Beach","stateCode":"CA","countryCode":"US"},{"id":122347,"name":"Mount Hermon","stateCode":"CA","countryCode":"US"},{"id":122388,"name":"Mount Shasta","stateCode":"CA","countryCode":"US"},{"id":122418,"name":"Mountain House","stateCode":"CA","countryCode":"US"},{"id":122425,"name":"Mountain Ranch","stateCode":"CA","countryCode":"US"},{"id":122431,"name":"Mountain View","stateCode":"CA","countryCode":"US"},{"id":122434,"name":"Mountain View Acres","stateCode":"CA","countryCode":"US"},{"id":122488,"name":"Murphys","stateCode":"CA","countryCode":"US"},{"id":122498,"name":"Murrieta","stateCode":"CA","countryCode":"US"},{"id":122499,"name":"Murrieta Hot Springs","stateCode":"CA","countryCode":"US"},{"id":122506,"name":"Muscoy","stateCode":"CA","countryCode":"US"},{"id":122525,"name":"Myrtletown","stateCode":"CA","countryCode":"US"},{"id":122546,"name":"Napa","stateCode":"CA","countryCode":"US"},{"id":122547,"name":"Napa County","stateCode":"CA","countryCode":"US"},{"id":122591,"name":"National City","stateCode":"CA","countryCode":"US"},{"id":122614,"name":"Needles","stateCode":"CA","countryCode":"US"},{"id":122651,"name":"Nevada City","stateCode":"CA","countryCode":"US"},{"id":122653,"name":"Nevada County","stateCode":"CA","countryCode":"US"},{"id":122805,"name":"Newark","stateCode":"CA","countryCode":"US"},{"id":122821,"name":"Newcastle","stateCode":"CA","countryCode":"US"},{"id":122834,"name":"Newman","stateCode":"CA","countryCode":"US"},{"id":122853,"name":"Newport Beach","stateCode":"CA","countryCode":"US"},{"id":122885,"name":"Nice","stateCode":"CA","countryCode":"US"},{"id":122899,"name":"Niland","stateCode":"CA","countryCode":"US"},{"id":122905,"name":"Nipomo","stateCode":"CA","countryCode":"US"},{"id":122925,"name":"Noe Valley","stateCode":"CA","countryCode":"US"},{"id":122939,"name":"Norco","stateCode":"CA","countryCode":"US"},{"id":122968,"name":"North Auburn","stateCode":"CA","countryCode":"US"},{"id":123020,"name":"North Edwards","stateCode":"CA","countryCode":"US"},{"id":123021,"name":"North El Monte","stateCode":"CA","countryCode":"US"},{"id":123024,"name":"North Fair Oaks","stateCode":"CA","countryCode":"US"},{"id":123039,"name":"North Highlands","stateCode":"CA","countryCode":"US"},{"id":123041,"name":"North Hills","stateCode":"CA","countryCode":"US"},{"id":123042,"name":"North Hollywood","stateCode":"CA","countryCode":"US"},{"id":123050,"name":"North Lakeport","stateCode":"CA","countryCode":"US"},{"id":123094,"name":"North Richmond","stateCode":"CA","countryCode":"US"},{"id":123117,"name":"North Tustin","stateCode":"CA","countryCode":"US"},{"id":123163,"name":"Northridge","stateCode":"CA","countryCode":"US"},{"id":123191,"name":"Norwalk","stateCode":"CA","countryCode":"US"},{"id":123207,"name":"Novato","stateCode":"CA","countryCode":"US"},{"id":123216,"name":"Nuevo","stateCode":"CA","countryCode":"US"},{"id":123248,"name":"Oak Hills","stateCode":"CA","countryCode":"US"},{"id":123257,"name":"Oak Park","stateCode":"CA","countryCode":"US"},{"id":123266,"name":"Oak View","stateCode":"CA","countryCode":"US"},{"id":123274,"name":"Oakdale","stateCode":"CA","countryCode":"US"},{"id":123281,"name":"Oakhurst","stateCode":"CA","countryCode":"US"},{"id":123293,"name":"Oakland","stateCode":"CA","countryCode":"US"},{"id":123298,"name":"Oakley","stateCode":"CA","countryCode":"US"},{"id":123313,"name":"Oasis","stateCode":"CA","countryCode":"US"},{"id":123321,"name":"Occidental","stateCode":"CA","countryCode":"US"},{"id":123341,"name":"Oceano","stateCode":"CA","countryCode":"US"},{"id":123344,"name":"Oceanside","stateCode":"CA","countryCode":"US"},{"id":123388,"name":"Oildale","stateCode":"CA","countryCode":"US"},{"id":123390,"name":"Ojai","stateCode":"CA","countryCode":"US"},{"id":123418,"name":"Old Fig Garden","stateCode":"CA","countryCode":"US"},{"id":123441,"name":"Olivehurst","stateCode":"CA","countryCode":"US"},{"id":123486,"name":"Ontario","stateCode":"CA","countryCode":"US"},{"id":123495,"name":"Opal Cliffs","stateCode":"CA","countryCode":"US"},{"id":123510,"name":"Orange","stateCode":"CA","countryCode":"US"},{"id":123521,"name":"Orange County","stateCode":"CA","countryCode":"US"},{"id":123522,"name":"Orange Cove","stateCode":"CA","countryCode":"US"},{"id":123530,"name":"Orangevale","stateCode":"CA","countryCode":"US"},{"id":123541,"name":"Orcutt","stateCode":"CA","countryCode":"US"},{"id":123554,"name":"Orinda","stateCode":"CA","countryCode":"US"},{"id":123559,"name":"Orland","stateCode":"CA","countryCode":"US"},{"id":123577,"name":"Orosi","stateCode":"CA","countryCode":"US"},{"id":123578,"name":"Oroville","stateCode":"CA","countryCode":"US"},{"id":123580,"name":"Oroville East","stateCode":"CA","countryCode":"US"},{"id":123689,"name":"Oxnard","stateCode":"CA","countryCode":"US"},{"id":123705,"name":"Pacheco","stateCode":"CA","countryCode":"US"},{"id":123710,"name":"Pacific Grove","stateCode":"CA","countryCode":"US"},{"id":123711,"name":"Pacifica","stateCode":"CA","countryCode":"US"},{"id":123729,"name":"Pajaro","stateCode":"CA","countryCode":"US"},{"id":123735,"name":"Palermo","stateCode":"CA","countryCode":"US"},{"id":123748,"name":"Palm Desert","stateCode":"CA","countryCode":"US"},{"id":123752,"name":"Palm Springs","stateCode":"CA","countryCode":"US"},{"id":123757,"name":"Palmdale","stateCode":"CA","countryCode":"US"},{"id":123781,"name":"Palo Alto","stateCode":"CA","countryCode":"US"},{"id":123783,"name":"Palo Cedro","stateCode":"CA","countryCode":"US"},{"id":123791,"name":"Palos Verdes Estates","stateCode":"CA","countryCode":"US"},{"id":123818,"name":"Paradise","stateCode":"CA","countryCode":"US"},{"id":123824,"name":"Paramount","stateCode":"CA","countryCode":"US"},{"id":123874,"name":"Parksdale","stateCode":"CA","countryCode":"US"},{"id":123881,"name":"Parkway","stateCode":"CA","countryCode":"US"},{"id":123882,"name":"Parkwood","stateCode":"CA","countryCode":"US"},{"id":123884,"name":"Parlier","stateCode":"CA","countryCode":"US"},{"id":123897,"name":"Pasadena","stateCode":"CA","countryCode":"US"},{"id":123899,"name":"Pasatiempo","stateCode":"CA","countryCode":"US"},{"id":123904,"name":"Paso Robles","stateCode":"CA","countryCode":"US"},{"id":123916,"name":"Patterson","stateCode":"CA","countryCode":"US"},{"id":123917,"name":"Patterson Tract","stateCode":"CA","countryCode":"US"},{"id":123983,"name":"Pedley","stateCode":"CA","countryCode":"US"},{"id":124024,"name":"Penn Valley","stateCode":"CA","countryCode":"US"},{"id":124028,"name":"Penngrove","stateCode":"CA","countryCode":"US"},{"id":124066,"name":"Perris","stateCode":"CA","countryCode":"US"},{"id":124101,"name":"Petaluma","stateCode":"CA","countryCode":"US"},{"id":124119,"name":"Phelan","stateCode":"CA","countryCode":"US"},{"id":124150,"name":"Phoenix Lake","stateCode":"CA","countryCode":"US"},{"id":124162,"name":"Pico Rivera","stateCode":"CA","countryCode":"US"},{"id":124168,"name":"Piedmont","stateCode":"CA","countryCode":"US"},{"id":124222,"name":"Pine Grove","stateCode":"CA","countryCode":"US"},{"id":124226,"name":"Pine Hills","stateCode":"CA","countryCode":"US"},{"id":124239,"name":"Pine Mountain Club","stateCode":"CA","countryCode":"US"},{"id":124246,"name":"Pine Valley","stateCode":"CA","countryCode":"US"},{"id":124271,"name":"Pinole","stateCode":"CA","countryCode":"US"},{"id":124309,"name":"Piñon Hills","stateCode":"CA","countryCode":"US"},{"id":124274,"name":"Pioneer","stateCode":"CA","countryCode":"US"},{"id":124280,"name":"Piru","stateCode":"CA","countryCode":"US"},{"id":124283,"name":"Pismo Beach","stateCode":"CA","countryCode":"US"},{"id":124294,"name":"Pittsburg","stateCode":"CA","countryCode":"US"},{"id":124308,"name":"Pixley","stateCode":"CA","countryCode":"US"},{"id":124310,"name":"Placentia","stateCode":"CA","countryCode":"US"},{"id":124311,"name":"Placer County","stateCode":"CA","countryCode":"US"},{"id":124312,"name":"Placerville","stateCode":"CA","countryCode":"US"},{"id":124338,"name":"Planada","stateCode":"CA","countryCode":"US"},{"id":124372,"name":"Pleasant Hill","stateCode":"CA","countryCode":"US"},{"id":124384,"name":"Pleasanton","stateCode":"CA","countryCode":"US"},{"id":124395,"name":"Plumas County","stateCode":"CA","countryCode":"US"},{"id":124396,"name":"Plumas Lake","stateCode":"CA","countryCode":"US"},{"id":124453,"name":"Pollock Pines","stateCode":"CA","countryCode":"US"},{"id":124459,"name":"Pomona","stateCode":"CA","countryCode":"US"},{"id":124486,"name":"Poplar-Cotton Center","stateCode":"CA","countryCode":"US"},{"id":124510,"name":"Port Hueneme","stateCode":"CA","countryCode":"US"},{"id":124556,"name":"Porterville","stateCode":"CA","countryCode":"US"},{"id":124566,"name":"Portola","stateCode":"CA","countryCode":"US"},{"id":124567,"name":"Portola Hills","stateCode":"CA","countryCode":"US"},{"id":124568,"name":"Portola Valley","stateCode":"CA","countryCode":"US"},{"id":124606,"name":"Poway","stateCode":"CA","countryCode":"US"},{"id":124725,"name":"Prunedale","stateCode":"CA","countryCode":"US"},{"id":124777,"name":"Quail Valley","stateCode":"CA","countryCode":"US"},{"id":124782,"name":"Quartz Hill","stateCode":"CA","countryCode":"US"},{"id":124799,"name":"Quincy","stateCode":"CA","countryCode":"US"},{"id":124823,"name":"Rainbow","stateCode":"CA","countryCode":"US"},{"id":124838,"name":"Ramona","stateCode":"CA","countryCode":"US"},{"id":124848,"name":"Rancho Calaveras","stateCode":"CA","countryCode":"US"},{"id":124849,"name":"Rancho Cordova","stateCode":"CA","countryCode":"US"},{"id":124850,"name":"Rancho Cucamonga","stateCode":"CA","countryCode":"US"},{"id":124851,"name":"Rancho Mirage","stateCode":"CA","countryCode":"US"},{"id":124852,"name":"Rancho Murieta","stateCode":"CA","countryCode":"US"},{"id":124853,"name":"Rancho Palos Verdes","stateCode":"CA","countryCode":"US"},{"id":124854,"name":"Rancho Penasquitos","stateCode":"CA","countryCode":"US"},{"id":124855,"name":"Rancho San Diego","stateCode":"CA","countryCode":"US"},{"id":124856,"name":"Rancho Santa Fe","stateCode":"CA","countryCode":"US"},{"id":124857,"name":"Rancho Santa Margarita","stateCode":"CA","countryCode":"US"},{"id":124858,"name":"Rancho Tehama Reserve","stateCode":"CA","countryCode":"US"},{"id":124940,"name":"Red Bluff","stateCode":"CA","countryCode":"US"},{"id":124945,"name":"Red Corral","stateCode":"CA","countryCode":"US"},{"id":124966,"name":"Redding","stateCode":"CA","countryCode":"US"},{"id":124976,"name":"Redlands","stateCode":"CA","countryCode":"US"},{"id":124980,"name":"Redondo Beach","stateCode":"CA","countryCode":"US"},{"id":124983,"name":"Redway","stateCode":"CA","countryCode":"US"},{"id":124986,"name":"Redwood City","stateCode":"CA","countryCode":"US"},{"id":124989,"name":"Redwood Shores","stateCode":"CA","countryCode":"US"},{"id":124990,"name":"Redwood Valley","stateCode":"CA","countryCode":"US"},{"id":124993,"name":"Reedley","stateCode":"CA","countryCode":"US"},{"id":125049,"name":"Rialto","stateCode":"CA","countryCode":"US"},{"id":125066,"name":"Richgrove","stateCode":"CA","countryCode":"US"},{"id":125096,"name":"Richmond","stateCode":"CA","countryCode":"US"},{"id":125118,"name":"Ridgecrest","stateCode":"CA","countryCode":"US"},{"id":125127,"name":"Ridgemark","stateCode":"CA","countryCode":"US"},{"id":125151,"name":"Rio Del Mar","stateCode":"CA","countryCode":"US"},{"id":125152,"name":"Rio Dell","stateCode":"CA","countryCode":"US"},{"id":125157,"name":"Rio Linda","stateCode":"CA","countryCode":"US"},{"id":125161,"name":"Rio Vista","stateCode":"CA","countryCode":"US"},{"id":125168,"name":"Ripon","stateCode":"CA","countryCode":"US"},{"id":125190,"name":"Riverbank","stateCode":"CA","countryCode":"US"},{"id":125196,"name":"Riverdale","stateCode":"CA","countryCode":"US"},{"id":125199,"name":"Riverdale Park","stateCode":"CA","countryCode":"US"},{"id":125209,"name":"Riverside","stateCode":"CA","countryCode":"US"},{"id":125210,"name":"Riverside County","stateCode":"CA","countryCode":"US"},{"id":125313,"name":"Rocklin","stateCode":"CA","countryCode":"US"},{"id":125341,"name":"Rodeo","stateCode":"CA","countryCode":"US"},{"id":125358,"name":"Rohnert Park","stateCode":"CA","countryCode":"US"},{"id":125366,"name":"Rolling Hills","stateCode":"CA","countryCode":"US"},{"id":125367,"name":"Rolling Hills Estates","stateCode":"CA","countryCode":"US"},{"id":125370,"name":"Rollingwood","stateCode":"CA","countryCode":"US"},{"id":125384,"name":"Romoland","stateCode":"CA","countryCode":"US"},{"id":125397,"name":"Rosamond","stateCode":"CA","countryCode":"US"},{"id":125419,"name":"Rosedale","stateCode":"CA","countryCode":"US"},{"id":125424,"name":"Roseland","stateCode":"CA","countryCode":"US"},{"id":125429,"name":"Rosemead","stateCode":"CA","countryCode":"US"},{"id":125431,"name":"Rosemont","stateCode":"CA","countryCode":"US"},{"id":125441,"name":"Roseville","stateCode":"CA","countryCode":"US"},{"id":125451,"name":"Ross","stateCode":"CA","countryCode":"US"},{"id":125455,"name":"Rossmoor","stateCode":"CA","countryCode":"US"},{"id":125480,"name":"Rowland Heights","stateCode":"CA","countryCode":"US"},{"id":125501,"name":"Rubidoux","stateCode":"CA","countryCode":"US"},{"id":125514,"name":"Running Springs","stateCode":"CA","countryCode":"US"},{"id":125577,"name":"Sacramento","stateCode":"CA","countryCode":"US"},{"id":125578,"name":"Sacramento County","stateCode":"CA","countryCode":"US"},{"id":125647,"name":"Saint Helena","stateCode":"CA","countryCode":"US"},{"id":125742,"name":"Salida","stateCode":"CA","countryCode":"US"},{"id":125747,"name":"Salinas","stateCode":"CA","countryCode":"US"},{"id":125770,"name":"Salton City","stateCode":"CA","countryCode":"US"},{"id":125783,"name":"San Andreas","stateCode":"CA","countryCode":"US"},{"id":125785,"name":"San Anselmo","stateCode":"CA","countryCode":"US"},{"id":125788,"name":"San Antonio Heights","stateCode":"CA","countryCode":"US"},{"id":125792,"name":"San Benito County","stateCode":"CA","countryCode":"US"},{"id":125793,"name":"San Bernardino","stateCode":"CA","countryCode":"US"},{"id":125794,"name":"San Bernardino County","stateCode":"CA","countryCode":"US"},{"id":125795,"name":"San Bruno","stateCode":"CA","countryCode":"US"},{"id":125798,"name":"San Carlos","stateCode":"CA","countryCode":"US"},{"id":125800,"name":"San Clemente","stateCode":"CA","countryCode":"US"},{"id":125802,"name":"San Diego","stateCode":"CA","countryCode":"US"},{"id":125803,"name":"San Diego Country Estates","stateCode":"CA","countryCode":"US"},{"id":125804,"name":"San Diego County","stateCode":"CA","countryCode":"US"},{"id":125805,"name":"San Dimas","stateCode":"CA","countryCode":"US"},{"id":125808,"name":"San Fernando","stateCode":"CA","countryCode":"US"},{"id":125809,"name":"San Francisco","stateCode":"CA","countryCode":"US"},{"id":125810,"name":"San Gabriel","stateCode":"CA","countryCode":"US"},{"id":125811,"name":"San Jacinto","stateCode":"CA","countryCode":"US"},{"id":125813,"name":"San Joaquin","stateCode":"CA","countryCode":"US"},{"id":125814,"name":"San Joaquin County","stateCode":"CA","countryCode":"US"},{"id":125815,"name":"San Joaquin Hills","stateCode":"CA","countryCode":"US"},{"id":125816,"name":"San Jose","stateCode":"CA","countryCode":"US"},{"id":125818,"name":"San Juan Bautista","stateCode":"CA","countryCode":"US"},{"id":125819,"name":"San Juan Capistrano","stateCode":"CA","countryCode":"US"},{"id":125824,"name":"San Leandro","stateCode":"CA","countryCode":"US"},{"id":125826,"name":"San Lorenzo","stateCode":"CA","countryCode":"US"},{"id":125829,"name":"San Luis Obispo","stateCode":"CA","countryCode":"US"},{"id":125830,"name":"San Luis Obispo County","stateCode":"CA","countryCode":"US"},{"id":125833,"name":"San Marcos","stateCode":"CA","countryCode":"US"},{"id":125834,"name":"San Marino","stateCode":"CA","countryCode":"US"},{"id":125835,"name":"San Martin","stateCode":"CA","countryCode":"US"},{"id":125836,"name":"San Mateo","stateCode":"CA","countryCode":"US"},{"id":125837,"name":"San Mateo County","stateCode":"CA","countryCode":"US"},{"id":125838,"name":"San Miguel","stateCode":"CA","countryCode":"US"},{"id":125842,"name":"San Pablo","stateCode":"CA","countryCode":"US"},{"id":125843,"name":"San Pasqual","stateCode":"CA","countryCode":"US"},{"id":125845,"name":"San Pedro","stateCode":"CA","countryCode":"US"},{"id":125846,"name":"San Rafael","stateCode":"CA","countryCode":"US"},{"id":125847,"name":"San Ramon","stateCode":"CA","countryCode":"US"},{"id":125892,"name":"Sanger","stateCode":"CA","countryCode":"US"},{"id":125899,"name":"Santa Ana","stateCode":"CA","countryCode":"US"},{"id":125901,"name":"Santa Barbara","stateCode":"CA","countryCode":"US"},{"id":125902,"name":"Santa Barbara County","stateCode":"CA","countryCode":"US"},{"id":125903,"name":"Santa Clara","stateCode":"CA","countryCode":"US"},{"id":125906,"name":"Santa Clara County","stateCode":"CA","countryCode":"US"},{"id":125908,"name":"Santa Clarita","stateCode":"CA","countryCode":"US"},{"id":125910,"name":"Santa Cruz","stateCode":"CA","countryCode":"US"},{"id":125912,"name":"Santa Cruz County","stateCode":"CA","countryCode":"US"},{"id":125916,"name":"Santa Fe Springs","stateCode":"CA","countryCode":"US"},{"id":125917,"name":"Santa Margarita","stateCode":"CA","countryCode":"US"},{"id":125918,"name":"Santa Maria","stateCode":"CA","countryCode":"US"},{"id":125919,"name":"Santa Monica","stateCode":"CA","countryCode":"US"},{"id":125920,"name":"Santa Paula","stateCode":"CA","countryCode":"US"},{"id":125922,"name":"Santa Rosa","stateCode":"CA","countryCode":"US"},{"id":125925,"name":"Santa Susana","stateCode":"CA","countryCode":"US"},{"id":125927,"name":"Santa Venetia","stateCode":"CA","countryCode":"US"},{"id":125928,"name":"Santa Ynez","stateCode":"CA","countryCode":"US"},{"id":125930,"name":"Santee","stateCode":"CA","countryCode":"US"},{"id":125937,"name":"Saranap","stateCode":"CA","countryCode":"US"},{"id":125941,"name":"Saratoga","stateCode":"CA","countryCode":"US"},{"id":125956,"name":"Saticoy","stateCode":"CA","countryCode":"US"},{"id":125970,"name":"Sausalito","stateCode":"CA","countryCode":"US"},{"id":126059,"name":"Scotts Valley","stateCode":"CA","countryCode":"US"},{"id":126075,"name":"Sea Ranch","stateCode":"CA","countryCode":"US"},{"id":126083,"name":"Seacliff","stateCode":"CA","countryCode":"US"},{"id":126090,"name":"Seal Beach","stateCode":"CA","countryCode":"US"},{"id":126095,"name":"Searles Valley","stateCode":"CA","countryCode":"US"},{"id":126099,"name":"Seaside","stateCode":"CA","countryCode":"US"},{"id":126108,"name":"Sebastopol","stateCode":"CA","countryCode":"US"},{"id":126116,"name":"Sedco Hills","stateCode":"CA","countryCode":"US"},{"id":126124,"name":"Seeley","stateCode":"CA","countryCode":"US"},{"id":126141,"name":"Selma","stateCode":"CA","countryCode":"US"},{"id":126176,"name":"Seven Trees","stateCode":"CA","countryCode":"US"},{"id":126198,"name":"Shackelford","stateCode":"CA","countryCode":"US"},{"id":126202,"name":"Shadow Hills","stateCode":"CA","countryCode":"US"},{"id":126210,"name":"Shafter","stateCode":"CA","countryCode":"US"},{"id":126217,"name":"Shandon","stateCode":"CA","countryCode":"US"},{"id":126238,"name":"Shasta","stateCode":"CA","countryCode":"US"},{"id":126239,"name":"Shasta County","stateCode":"CA","countryCode":"US"},{"id":126240,"name":"Shasta Lake","stateCode":"CA","countryCode":"US"},{"id":126321,"name":"Sheridan","stateCode":"CA","countryCode":"US"},{"id":126336,"name":"Sherman Oaks","stateCode":"CA","countryCode":"US"},{"id":126351,"name":"Shingle Springs","stateCode":"CA","countryCode":"US"},{"id":126353,"name":"Shingletown","stateCode":"CA","countryCode":"US"},{"id":126402,"name":"Sierra County","stateCode":"CA","countryCode":"US"},{"id":126404,"name":"Sierra Madre","stateCode":"CA","countryCode":"US"},{"id":126411,"name":"Signal Hill","stateCode":"CA","countryCode":"US"},{"id":126431,"name":"Silver Lake","stateCode":"CA","countryCode":"US"},{"id":126432,"name":"Silver Lakes","stateCode":"CA","countryCode":"US"},{"id":126445,"name":"Simi Valley","stateCode":"CA","countryCode":"US"},{"id":126465,"name":"Siskiyou County","stateCode":"CA","countryCode":"US"},{"id":126486,"name":"Sky Valley","stateCode":"CA","countryCode":"US"},{"id":126499,"name":"Sleepy Hollow","stateCode":"CA","countryCode":"US"},{"id":126561,"name":"Soda Bay","stateCode":"CA","countryCode":"US"},{"id":126565,"name":"Solana Beach","stateCode":"CA","countryCode":"US"},{"id":126566,"name":"Solano County","stateCode":"CA","countryCode":"US"},{"id":126568,"name":"Soledad","stateCode":"CA","countryCode":"US"},{"id":126572,"name":"Solvang","stateCode":"CA","countryCode":"US"},{"id":126598,"name":"Sonoma","stateCode":"CA","countryCode":"US"},{"id":126599,"name":"Sonoma County","stateCode":"CA","countryCode":"US"},{"id":126600,"name":"Sonora","stateCode":"CA","countryCode":"US"},{"id":126604,"name":"Soquel","stateCode":"CA","countryCode":"US"},{"id":126606,"name":"Sorrento Valley","stateCode":"CA","countryCode":"US"},{"id":126608,"name":"Soulsbyville","stateCode":"CA","countryCode":"US"},{"id":126648,"name":"South Dos Palos","stateCode":"CA","countryCode":"US"},{"id":126650,"name":"South El Monte","stateCode":"CA","countryCode":"US"},{"id":126659,"name":"South Gate","stateCode":"CA","countryCode":"US"},{"id":126684,"name":"South Lake Tahoe","stateCode":"CA","countryCode":"US"},{"id":126699,"name":"South Oroville","stateCode":"CA","countryCode":"US"},{"id":126706,"name":"South Pasadena","stateCode":"CA","countryCode":"US"},{"id":126723,"name":"South San Francisco","stateCode":"CA","countryCode":"US"},{"id":126724,"name":"South San Gabriel","stateCode":"CA","countryCode":"US"},{"id":126725,"name":"South San Jose Hills","stateCode":"CA","countryCode":"US"},{"id":126733,"name":"South Taft","stateCode":"CA","countryCode":"US"},{"id":126748,"name":"South Whittier","stateCode":"CA","countryCode":"US"},{"id":126756,"name":"South Yuba City","stateCode":"CA","countryCode":"US"},{"id":126880,"name":"Spring Valley","stateCode":"CA","countryCode":"US"},{"id":126882,"name":"Spring Valley Lake","stateCode":"CA","countryCode":"US"},{"id":126924,"name":"Squaw Valley","stateCode":"CA","countryCode":"US"},{"id":126941,"name":"Stallion Springs","stateCode":"CA","countryCode":"US"},{"id":126954,"name":"Stanford","stateCode":"CA","countryCode":"US"},{"id":126957,"name":"Stanislaus County","stateCode":"CA","countryCode":"US"},{"id":126969,"name":"Stanton","stateCode":"CA","countryCode":"US"},{"id":127046,"name":"Stevenson Ranch","stateCode":"CA","countryCode":"US"},{"id":127074,"name":"Stockton","stateCode":"CA","countryCode":"US"},{"id":127127,"name":"Stratford","stateCode":"CA","countryCode":"US"},{"id":127131,"name":"Strathmore","stateCode":"CA","countryCode":"US"},{"id":127133,"name":"Strawberry","stateCode":"CA","countryCode":"US"},{"id":127146,"name":"Studio City","stateCode":"CA","countryCode":"US"},{"id":127177,"name":"Suisun","stateCode":"CA","countryCode":"US"},{"id":127204,"name":"Summerland","stateCode":"CA","countryCode":"US"},{"id":127233,"name":"Sun City","stateCode":"CA","countryCode":"US"},{"id":127243,"name":"Sun Village","stateCode":"CA","countryCode":"US"},{"id":127253,"name":"Sunland","stateCode":"CA","countryCode":"US"},{"id":127259,"name":"Sunnyside","stateCode":"CA","countryCode":"US"},{"id":127261,"name":"Sunnyside-Tahoe City","stateCode":"CA","countryCode":"US"},{"id":127262,"name":"Sunnyslope","stateCode":"CA","countryCode":"US"},{"id":127265,"name":"Sunnyvale","stateCode":"CA","countryCode":"US"},{"id":127296,"name":"Susanville","stateCode":"CA","countryCode":"US"},{"id":127308,"name":"Sutter","stateCode":"CA","countryCode":"US"},{"id":127309,"name":"Sutter County","stateCode":"CA","countryCode":"US"},{"id":127310,"name":"Sutter Creek","stateCode":"CA","countryCode":"US"},{"id":127373,"name":"Taft","stateCode":"CA","countryCode":"US"},{"id":127374,"name":"Taft Heights","stateCode":"CA","countryCode":"US"},{"id":127375,"name":"Taft Mosswood","stateCode":"CA","countryCode":"US"},{"id":127378,"name":"Tahoe Vista","stateCode":"CA","countryCode":"US"},{"id":127380,"name":"Tahoma","stateCode":"CA","countryCode":"US"},{"id":127397,"name":"Talmage","stateCode":"CA","countryCode":"US"},{"id":127402,"name":"Tamalpais Valley","stateCode":"CA","countryCode":"US"},{"id":127403,"name":"Tamalpais-Homestead Valley","stateCode":"CA","countryCode":"US"},{"id":127427,"name":"Tara Hills","stateCode":"CA","countryCode":"US"},{"id":127432,"name":"Tarpey Village","stateCode":"CA","countryCode":"US"},{"id":127483,"name":"Tehachapi","stateCode":"CA","countryCode":"US"},{"id":127484,"name":"Tehama County","stateCode":"CA","countryCode":"US"},{"id":127492,"name":"Temecula","stateCode":"CA","countryCode":"US"},{"id":127493,"name":"Temelec","stateCode":"CA","countryCode":"US"},{"id":127501,"name":"Temple City","stateCode":"CA","countryCode":"US"},{"id":127505,"name":"Templeton","stateCode":"CA","countryCode":"US"},{"id":127515,"name":"Terra Bella","stateCode":"CA","countryCode":"US"},{"id":127541,"name":"Teviston","stateCode":"CA","countryCode":"US"},{"id":127570,"name":"Thermal","stateCode":"CA","countryCode":"US"},{"id":127571,"name":"Thermalito","stateCode":"CA","countryCode":"US"},{"id":127604,"name":"Thornton","stateCode":"CA","countryCode":"US"},{"id":127609,"name":"Thousand Oaks","stateCode":"CA","countryCode":"US"},{"id":127610,"name":"Thousand Palms","stateCode":"CA","countryCode":"US"},{"id":127620,"name":"Three Rivers","stateCode":"CA","countryCode":"US"},{"id":127632,"name":"Tiburon","stateCode":"CA","countryCode":"US"},{"id":127637,"name":"Tierra Buena","stateCode":"CA","countryCode":"US"},{"id":127678,"name":"Tipton","stateCode":"CA","countryCode":"US"},{"id":127730,"name":"Topanga","stateCode":"CA","countryCode":"US"},{"id":127741,"name":"Toro Canyon","stateCode":"CA","countryCode":"US"},{"id":127742,"name":"Torrance","stateCode":"CA","countryCode":"US"},{"id":127769,"name":"Trabuco Canyon","stateCode":"CA","countryCode":"US"},{"id":127771,"name":"Tracy","stateCode":"CA","countryCode":"US"},{"id":127829,"name":"Trinity County","stateCode":"CA","countryCode":"US"},{"id":127853,"name":"Truckee","stateCode":"CA","countryCode":"US"},{"id":127878,"name":"Tujunga","stateCode":"CA","countryCode":"US"},{"id":127882,"name":"Tulare","stateCode":"CA","countryCode":"US"},{"id":127883,"name":"Tulare County","stateCode":"CA","countryCode":"US"},{"id":127895,"name":"Tuolumne City","stateCode":"CA","countryCode":"US"},{"id":127896,"name":"Tuolumne County","stateCode":"CA","countryCode":"US"},{"id":127900,"name":"Turlock","stateCode":"CA","countryCode":"US"},{"id":127917,"name":"Tustin","stateCode":"CA","countryCode":"US"},{"id":127920,"name":"Twain Harte","stateCode":"CA","countryCode":"US"},{"id":127921,"name":"Twentynine Palms","stateCode":"CA","countryCode":"US"},{"id":127930,"name":"Twin Lakes","stateCode":"CA","countryCode":"US"},{"id":127958,"name":"Ukiah","stateCode":"CA","countryCode":"US"},{"id":127987,"name":"Union City","stateCode":"CA","countryCode":"US"},{"id":128023,"name":"Universal City","stateCode":"CA","countryCode":"US"},{"id":128039,"name":"Upland","stateCode":"CA","countryCode":"US"},{"id":128045,"name":"Upper Lake","stateCode":"CA","countryCode":"US"},{"id":128072,"name":"Vacaville","stateCode":"CA","countryCode":"US"},{"id":128078,"name":"Val Verde","stateCode":"CA","countryCode":"US"},{"id":128087,"name":"Valencia","stateCode":"CA","countryCode":"US"},{"id":128093,"name":"Valinda","stateCode":"CA","countryCode":"US"},{"id":128094,"name":"Valle Vista","stateCode":"CA","countryCode":"US"},{"id":128096,"name":"Vallejo","stateCode":"CA","countryCode":"US"},{"id":128100,"name":"Valley Center","stateCode":"CA","countryCode":"US"},{"id":128109,"name":"Valley Glen","stateCode":"CA","countryCode":"US"},{"id":128115,"name":"Valley Springs","stateCode":"CA","countryCode":"US"},{"id":128137,"name":"Van Nuys","stateCode":"CA","countryCode":"US"},{"id":128147,"name":"Vandenberg Air Force Base","stateCode":"CA","countryCode":"US"},{"id":128148,"name":"Vandenberg Village","stateCode":"CA","countryCode":"US"},{"id":128172,"name":"Venice","stateCode":"CA","countryCode":"US"},{"id":128175,"name":"Ventura","stateCode":"CA","countryCode":"US"},{"id":128176,"name":"Ventura County","stateCode":"CA","countryCode":"US"},{"id":128224,"name":"Victorville","stateCode":"CA","countryCode":"US"},{"id":128238,"name":"View Park-Windsor Hills","stateCode":"CA","countryCode":"US"},{"id":128244,"name":"Villa Park","stateCode":"CA","countryCode":"US"},{"id":128265,"name":"Vincent","stateCode":"CA","countryCode":"US"},{"id":128269,"name":"Vine Hill","stateCode":"CA","countryCode":"US"},{"id":128273,"name":"Vineyard","stateCode":"CA","countryCode":"US"},{"id":128293,"name":"Visalia","stateCode":"CA","countryCode":"US"},{"id":128294,"name":"Visitacion Valley","stateCode":"CA","countryCode":"US"},{"id":128295,"name":"Vista","stateCode":"CA","countryCode":"US"},{"id":128297,"name":"Vista Santa Rosa","stateCode":"CA","countryCode":"US"},{"id":128374,"name":"Waldon","stateCode":"CA","countryCode":"US"},{"id":128414,"name":"Walnut","stateCode":"CA","countryCode":"US"},{"id":128416,"name":"Walnut Creek","stateCode":"CA","countryCode":"US"},{"id":128419,"name":"Walnut Grove","stateCode":"CA","countryCode":"US"},{"id":128422,"name":"Walnut Park","stateCode":"CA","countryCode":"US"},{"id":128528,"name":"Wasco","stateCode":"CA","countryCode":"US"},{"id":128609,"name":"Waterford","stateCode":"CA","countryCode":"US"},{"id":128641,"name":"Watsonville","stateCode":"CA","countryCode":"US"},{"id":128723,"name":"Weaverville","stateCode":"CA","countryCode":"US"},{"id":128751,"name":"Weed","stateCode":"CA","countryCode":"US"},{"id":128752,"name":"Weedpatch","stateCode":"CA","countryCode":"US"},{"id":128770,"name":"Weldon","stateCode":"CA","countryCode":"US"},{"id":128818,"name":"West Athens","stateCode":"CA","countryCode":"US"},{"id":128826,"name":"West Bishop","stateCode":"CA","countryCode":"US"},{"id":128842,"name":"West Carson","stateCode":"CA","countryCode":"US"},{"id":128853,"name":"West Covina","stateCode":"CA","countryCode":"US"},{"id":128897,"name":"West Hills","stateCode":"CA","countryCode":"US"},{"id":128899,"name":"West Hollywood","stateCode":"CA","countryCode":"US"},{"id":128929,"name":"West Menlo Park","stateCode":"CA","countryCode":"US"},{"id":128934,"name":"West Modesto","stateCode":"CA","countryCode":"US"},{"id":128950,"name":"West Park","stateCode":"CA","countryCode":"US"},{"id":128964,"name":"West Puente Valley","stateCode":"CA","countryCode":"US"},{"id":128966,"name":"West Rancho Dominguez","stateCode":"CA","countryCode":"US"},{"id":128971,"name":"West Sacramento","stateCode":"CA","countryCode":"US"},{"id":129005,"name":"West Whittier-Los Nietos","stateCode":"CA","countryCode":"US"},{"id":129037,"name":"Westhaven-Moonstone","stateCode":"CA","countryCode":"US"},{"id":129040,"name":"Westlake Village","stateCode":"CA","countryCode":"US"},{"id":129048,"name":"Westminster","stateCode":"CA","countryCode":"US"},{"id":129051,"name":"Westmont","stateCode":"CA","countryCode":"US"},{"id":129057,"name":"Westmorland","stateCode":"CA","countryCode":"US"},{"id":129087,"name":"Westwood","stateCode":"CA","countryCode":"US"},{"id":129108,"name":"Wheatland","stateCode":"CA","countryCode":"US"},{"id":129210,"name":"Whittier","stateCode":"CA","countryCode":"US"},{"id":129235,"name":"Wildomar","stateCode":"CA","countryCode":"US"},{"id":129261,"name":"Williams","stateCode":"CA","countryCode":"US"},{"id":129302,"name":"Willits","stateCode":"CA","countryCode":"US"},{"id":129305,"name":"Willow Creek","stateCode":"CA","countryCode":"US"},{"id":129315,"name":"Willowbrook","stateCode":"CA","countryCode":"US"},{"id":129316,"name":"Willows","stateCode":"CA","countryCode":"US"},{"id":129346,"name":"Wilton","stateCode":"CA","countryCode":"US"},{"id":129360,"name":"Winchester","stateCode":"CA","countryCode":"US"},{"id":129386,"name":"Windsor","stateCode":"CA","countryCode":"US"},{"id":129439,"name":"Winter Gardens","stateCode":"CA","countryCode":"US"},{"id":129445,"name":"Winters","stateCode":"CA","countryCode":"US"},{"id":129454,"name":"Winton","stateCode":"CA","countryCode":"US"},{"id":129467,"name":"Wofford Heights","stateCode":"CA","countryCode":"US"},{"id":129493,"name":"Woodacre","stateCode":"CA","countryCode":"US"},{"id":129502,"name":"Woodbridge","stateCode":"CA","countryCode":"US"},{"id":129516,"name":"Woodcrest","stateCode":"CA","countryCode":"US"},{"id":129524,"name":"Woodlake","stateCode":"CA","countryCode":"US"},{"id":129526,"name":"Woodland","stateCode":"CA","countryCode":"US"},{"id":129530,"name":"Woodland Hills","stateCode":"CA","countryCode":"US"},{"id":129556,"name":"Woodside","stateCode":"CA","countryCode":"US"},{"id":129574,"name":"Woodville","stateCode":"CA","countryCode":"US"},{"id":129617,"name":"Wrightwood","stateCode":"CA","countryCode":"US"},{"id":129686,"name":"Yolo County","stateCode":"CA","countryCode":"US"},{"id":129689,"name":"Yorba Linda","stateCode":"CA","countryCode":"US"},{"id":129711,"name":"Yosemite Lakes","stateCode":"CA","countryCode":"US"},{"id":129712,"name":"Yosemite Valley","stateCode":"CA","countryCode":"US"},{"id":129723,"name":"Yountville","stateCode":"CA","countryCode":"US"},{"id":129725,"name":"Yreka","stateCode":"CA","countryCode":"US"},{"id":129726,"name":"Yuba City","stateCode":"CA","countryCode":"US"},{"id":129727,"name":"Yuba County","stateCode":"CA","countryCode":"US"},{"id":129728,"name":"Yucaipa","stateCode":"CA","countryCode":"US"},{"id":129729,"name":"Yucca Valley","stateCode":"CA","countryCode":"US"}]