[{"id":62295,"name":"Aenon Town","stateCode":"13","countryCode":"JM"},{"id":62302,"name":"Alley","stateCode":"13","countryCode":"JM"},{"id":62307,"name":"Alston","stateCode":"13","countryCode":"JM"},{"id":62319,"name":"Ashley","stateCode":"13","countryCode":"JM"},{"id":62331,"name":"Banks","stateCode":"13","countryCode":"JM"},{"id":62344,"name":"Beckford Kraal","stateCode":"13","countryCode":"JM"},{"id":62387,"name":"Brandon Hill","stateCode":"13","countryCode":"JM"},{"id":62391,"name":"Brixton Hill","stateCode":"13","countryCode":"JM"},{"id":62397,"name":"Bucknor","stateCode":"13","countryCode":"JM"},{"id":62398,"name":"Bucks Common","stateCode":"13","countryCode":"JM"},{"id":62406,"name":"Bushy Park","stateCode":"13","countryCode":"JM"},{"id":62446,"name":"Chapelton","stateCode":"13","countryCode":"JM"},{"id":62449,"name":"Chateau","stateCode":"13","countryCode":"JM"},{"id":62462,"name":"Cockpit","stateCode":"13","countryCode":"JM"},{"id":62463,"name":"Coffee Piece","stateCode":"13","countryCode":"JM"},{"id":62466,"name":"Colonels Ridge","stateCode":"13","countryCode":"JM"},{"id":62485,"name":"Coxswain","stateCode":"13","countryCode":"JM"},{"id":62489,"name":"Crofts Hill","stateCode":"13","countryCode":"JM"},{"id":62491,"name":"Crooked River","stateCode":"13","countryCode":"JM"},{"id":62496,"name":"Cumberland","stateCode":"13","countryCode":"JM"},{"id":62497,"name":"Curatoe Hill","stateCode":"13","countryCode":"JM"},{"id":62504,"name":"Dawkins","stateCode":"13","countryCode":"JM"},{"id":62533,"name":"Effortville","stateCode":"13","countryCode":"JM"},{"id":62565,"name":"Four Paths","stateCode":"13","countryCode":"JM"},{"id":62566,"name":"Frankfield","stateCode":"13","countryCode":"JM"},{"id":62570,"name":"Freetown","stateCode":"13","countryCode":"JM"},{"id":62585,"name":"Gimme-me-bit","stateCode":"13","countryCode":"JM"},{"id":62590,"name":"Glenmuir","stateCode":"13","countryCode":"JM"},{"id":62602,"name":"Grantham","stateCode":"13","countryCode":"JM"},{"id":62606,"name":"Gravel Hill","stateCode":"13","countryCode":"JM"},{"id":62638,"name":"Hayes","stateCode":"13","countryCode":"JM"},{"id":62640,"name":"Hazard","stateCode":"13","countryCode":"JM"},{"id":62661,"name":"Inverness","stateCode":"13","countryCode":"JM"},{"id":62670,"name":"James Hill","stateCode":"13","countryCode":"JM"},{"id":62676,"name":"Johns Hall","stateCode":"13","countryCode":"JM"},{"id":62683,"name":"Kellits","stateCode":"13","countryCode":"JM"},{"id":62712,"name":"Limit","stateCode":"13","countryCode":"JM"},{"id":62715,"name":"Lionel Town","stateCode":"13","countryCode":"JM"},{"id":62727,"name":"Longville Park","stateCode":"13","countryCode":"JM"},{"id":62728,"name":"Longwood","stateCode":"13","countryCode":"JM"},{"id":62764,"name":"May Pen","stateCode":"13","countryCode":"JM"},{"id":62765,"name":"May Pen Proper","stateCode":"13","countryCode":"JM"},{"id":62776,"name":"Milk River","stateCode":"13","countryCode":"JM"},{"id":62777,"name":"Mineral Heights","stateCode":"13","countryCode":"JM"},{"id":62778,"name":"Mitchell Town","stateCode":"13","countryCode":"JM"},{"id":62788,"name":"Moores","stateCode":"13","countryCode":"JM"},{"id":62790,"name":"Morgans Forest","stateCode":"13","countryCode":"JM"},{"id":62791,"name":"Morgans Pass","stateCode":"13","countryCode":"JM"},{"id":62793,"name":"Mount Airy","stateCode":"13","countryCode":"JM"},{"id":62812,"name":"New Denbigh","stateCode":"13","countryCode":"JM"},{"id":62817,"name":"New Longsville","stateCode":"13","countryCode":"JM"},{"id":62836,"name":"Old Denbigh","stateCode":"13","countryCode":"JM"},{"id":62846,"name":"Orange Hill","stateCode":"13","countryCode":"JM"},{"id":62847,"name":"Osbourne Store","stateCode":"13","countryCode":"JM"},{"id":62848,"name":"Paisley","stateCode":"13","countryCode":"JM"},{"id":62849,"name":"Palmers Cross","stateCode":"13","countryCode":"JM"},{"id":62858,"name":"Part of Banana Ground","stateCode":"13","countryCode":"JM"},{"id":62859,"name":"Part of Douglas Castle","stateCode":"13","countryCode":"JM"},{"id":62861,"name":"Part of Kellits","stateCode":"13","countryCode":"JM"},{"id":62871,"name":"Peckham","stateCode":"13","countryCode":"JM"},{"id":62875,"name":"Pennants","stateCode":"13","countryCode":"JM"},{"id":62886,"name":"Pleasant Valley","stateCode":"13","countryCode":"JM"},{"id":62897,"name":"Portland Cottage","stateCode":"13","countryCode":"JM"},{"id":62901,"name":"Porus","stateCode":"13","countryCode":"JM"},{"id":62910,"name":"Race Course","stateCode":"13","countryCode":"JM"},{"id":62930,"name":"Richmond Park","stateCode":"13","countryCode":"JM"},{"id":62934,"name":"Ritchies","stateCode":"13","countryCode":"JM"},{"id":62942,"name":"Rock","stateCode":"13","countryCode":"JM"},{"id":62944,"name":"Rock River","stateCode":"13","countryCode":"JM"},{"id":62946,"name":"Rocky Point","stateCode":"13","countryCode":"JM"},{"id":62964,"name":"Salt River","stateCode":"13","countryCode":"JM"},{"id":62969,"name":"Sandy Bay","stateCode":"13","countryCode":"JM"},{"id":62970,"name":"Sanguinetti","stateCode":"13","countryCode":"JM"},{"id":62984,"name":"Sedgepond","stateCode":"13","countryCode":"JM"},{"id":62992,"name":"Silent Hill","stateCode":"13","countryCode":"JM"},{"id":62998,"name":"Smithville","stateCode":"13","countryCode":"JM"},{"id":63006,"name":"Spaldings","stateCode":"13","countryCode":"JM"},{"id":63040,"name":"Summerfield","stateCode":"13","countryCode":"JM"},{"id":63048,"name":"Thompson Town","stateCode":"13","countryCode":"JM"},{"id":63053,"name":"Tollgate","stateCode":"13","countryCode":"JM"},{"id":63061,"name":"Treadlight","stateCode":"13","countryCode":"JM"},{"id":63067,"name":"Trout Hall","stateCode":"13","countryCode":"JM"},{"id":63071,"name":"Turners","stateCode":"13","countryCode":"JM"},{"id":63087,"name":"Water Lane","stateCode":"13","countryCode":"JM"},{"id":63119,"name":"Woodhall","stateCode":"13","countryCode":"JM"},{"id":63127,"name":"York Town","stateCode":"13","countryCode":"JM"},{"id":62322,"name":"Askenish","stateCode":"09","countryCode":"JM"},{"id":62409,"name":"Cacoon","stateCode":"09","countryCode":"JM"},{"id":62410,"name":"Cacoon Castle","stateCode":"09","countryCode":"JM"},{"id":62422,"name":"Cascade","stateCode":"09","countryCode":"JM"},{"id":62425,"name":"Cash Hill","stateCode":"09","countryCode":"JM"},{"id":62432,"name":"Cauldwell","stateCode":"09","countryCode":"JM"},{"id":62443,"name":"Chambers Pen","stateCode":"09","countryCode":"JM"},{"id":62452,"name":"Chester Castle","stateCode":"09","countryCode":"JM"},{"id":62479,"name":"Copse","stateCode":"09","countryCode":"JM"},{"id":62484,"name":"Cousins Cove","stateCode":"09","countryCode":"JM"},{"id":62512,"name":"Dias","stateCode":"09","countryCode":"JM"},{"id":62608,"name":"Great Valley","stateCode":"09","countryCode":"JM"},{"id":62610,"name":"Green Island","stateCode":"09","countryCode":"JM"},{"id":62620,"name":"Haddington","stateCode":"09","countryCode":"JM"},{"id":62657,"name":"Hopewell","stateCode":"09","countryCode":"JM"},{"id":62672,"name":"Jericho","stateCode":"09","countryCode":"JM"},{"id":62685,"name":"Kendal","stateCode":"09","countryCode":"JM"},{"id":62693,"name":"Kingsvale","stateCode":"09","countryCode":"JM"},{"id":62702,"name":"Lances Bay","stateCode":"09","countryCode":"JM"},{"id":62723,"name":"Logwood","stateCode":"09","countryCode":"JM"},{"id":62731,"name":"Lucea","stateCode":"09","countryCode":"JM"},{"id":62732,"name":"Lucea East","stateCode":"09","countryCode":"JM"},{"id":62733,"name":"Lucea West","stateCode":"09","countryCode":"JM"},{"id":62752,"name":"March Town","stateCode":"09","countryCode":"JM"},{"id":62758,"name":"Maryland","stateCode":"09","countryCode":"JM"},{"id":62799,"name":"Mount Peto","stateCode":"09","countryCode":"JM"},{"id":62844,"name":"Orange Bay","stateCode":"09","countryCode":"JM"},{"id":62873,"name":"Pell River","stateCode":"09","countryCode":"JM"},{"id":62890,"name":"Pondside","stateCode":"09","countryCode":"JM"},{"id":62913,"name":"Ramble","stateCode":"09","countryCode":"JM"},{"id":62945,"name":"Rock Spring","stateCode":"09","countryCode":"JM"},{"id":62968,"name":"Sandy Bay","stateCode":"09","countryCode":"JM"},{"id":62972,"name":"Santoy","stateCode":"09","countryCode":"JM"},{"id":63038,"name":"Success","stateCode":"09","countryCode":"JM"},{"id":63120,"name":"Woodlands","stateCode":"09","countryCode":"JM"},{"id":63123,"name":"Woodsville","stateCode":"09","countryCode":"JM"},{"id":62305,"name":"Allman Town","stateCode":"01","countryCode":"JM"},{"id":62380,"name":"Bournemouth Gardens","stateCode":"01","countryCode":"JM"},{"id":62416,"name":"Campbell Town","stateCode":"01","countryCode":"JM"},{"id":62439,"name":"Central Down Town","stateCode":"01","countryCode":"JM"},{"id":62498,"name":"D'Aguilar Town/ Rennock Lodge","stateCode":"01","countryCode":"JM"},{"id":62509,"name":"Denham Town","stateCode":"01","countryCode":"JM"},{"id":62530,"name":"East Down Town","stateCode":"01","countryCode":"JM"},{"id":62558,"name":"Fletchers Land","stateCode":"01","countryCode":"JM"},{"id":62567,"name":"Franklyn Town","stateCode":"01","countryCode":"JM"},{"id":62629,"name":"Hannah Town/ Craig Town","stateCode":"01","countryCode":"JM"},{"id":62679,"name":"Johnson Town","stateCode":"01","countryCode":"JM"},{"id":62691,"name":"Kingston","stateCode":"01","countryCode":"JM"},{"id":62692,"name":"Kingston Gardens","stateCode":"01","countryCode":"JM"},{"id":62748,"name":"Manley Meadows","stateCode":"01","countryCode":"JM"},{"id":62825,"name":"Newport East","stateCode":"01","countryCode":"JM"},{"id":62827,"name":"Newton Square","stateCode":"01","countryCode":"JM"},{"id":62831,"name":"Norman Gardens","stateCode":"01","countryCode":"JM"},{"id":62866,"name":"Passmore Town","stateCode":"01","countryCode":"JM"},{"id":62895,"name":"Port Royal","stateCode":"01","countryCode":"JM"},{"id":62911,"name":"Rae Town","stateCode":"01","countryCode":"JM"},{"id":62949,"name":"Rollington Town","stateCode":"01","countryCode":"JM"},{"id":63005,"name":"Southside","stateCode":"01","countryCode":"JM"},{"id":63016,"name":"Springfield","stateCode":"01","countryCode":"JM"},{"id":63052,"name":"Tivoli Gardens","stateCode":"01","countryCode":"JM"},{"id":63096,"name":"West Down Town","stateCode":"01","countryCode":"JM"},{"id":62304,"name":"Alligator Pond","stateCode":"12","countryCode":"JM"},{"id":62321,"name":"Asia/Pratville","stateCode":"12","countryCode":"JM"},{"id":62323,"name":"Auchtembeddie","stateCode":"12","countryCode":"JM"},{"id":62349,"name":"Bellefield","stateCode":"12","countryCode":"JM"},{"id":62354,"name":"Bethany","stateCode":"12","countryCode":"JM"},{"id":62366,"name":"Blue Mountain","stateCode":"12","countryCode":"JM"},{"id":62374,"name":"Bombay","stateCode":"12","countryCode":"JM"},{"id":62407,"name":"Butt-Up","stateCode":"12","countryCode":"JM"},{"id":62437,"name":"Cedar Grove","stateCode":"12","countryCode":"JM"},{"id":62444,"name":"Chantilly","stateCode":"12","countryCode":"JM"},{"id":62453,"name":"Christiana","stateCode":"12","countryCode":"JM"},{"id":62454,"name":"Chudleigh","stateCode":"12","countryCode":"JM"},{"id":62460,"name":"Cobbla","stateCode":"12","countryCode":"JM"},{"id":62465,"name":"Coleyville","stateCode":"12","countryCode":"JM"},{"id":62467,"name":"Comfort","stateCode":"12","countryCode":"JM"},{"id":62470,"name":"Comfort Hall","stateCode":"12","countryCode":"JM"},{"id":62474,"name":"Content","stateCode":"12","countryCode":"JM"},{"id":62486,"name":"Craig Head","stateCode":"12","countryCode":"JM"},{"id":62492,"name":"Cross Keys","stateCode":"12","countryCode":"JM"},{"id":62510,"name":"Devon","stateCode":"12","countryCode":"JM"},{"id":62517,"name":"Downs","stateCode":"12","countryCode":"JM"},{"id":62536,"name":"Ellen Street","stateCode":"12","countryCode":"JM"},{"id":62543,"name":"Evergreen","stateCode":"12","countryCode":"JM"},{"id":62547,"name":"Fairfield","stateCode":"12","countryCode":"JM"},{"id":62571,"name":"French Park","stateCode":"12","countryCode":"JM"},{"id":62581,"name":"George's Valley","stateCode":"12","countryCode":"JM"},{"id":62595,"name":"Good Intent","stateCode":"12","countryCode":"JM"},{"id":62613,"name":"Greenvale","stateCode":"12","countryCode":"JM"},{"id":62617,"name":"Grove Place","stateCode":"12","countryCode":"JM"},{"id":62618,"name":"Grove Town","stateCode":"12","countryCode":"JM"},{"id":62633,"name":"Harmons","stateCode":"12","countryCode":"JM"},{"id":62635,"name":"Harry Watch","stateCode":"12","countryCode":"JM"},{"id":62636,"name":"Hatfield","stateCode":"12","countryCode":"JM"},{"id":62641,"name":"Heartease","stateCode":"12","countryCode":"JM"},{"id":62646,"name":"Hibernia","stateCode":"12","countryCode":"JM"},{"id":62659,"name":"Huntley","stateCode":"12","countryCode":"JM"},{"id":62686,"name":"Kendal","stateCode":"12","countryCode":"JM"},{"id":62697,"name":"Knockpatrick","stateCode":"12","countryCode":"JM"},{"id":62701,"name":"Lancaster","stateCode":"12","countryCode":"JM"},{"id":62716,"name":"Litchfield","stateCode":"12","countryCode":"JM"},{"id":62740,"name":"Maidstone","stateCode":"12","countryCode":"JM"},{"id":62745,"name":"Mandeville","stateCode":"12","countryCode":"JM"},{"id":62746,"name":"Mandeville Proper","stateCode":"12","countryCode":"JM"},{"id":62753,"name":"Marlie Hill","stateCode":"12","countryCode":"JM"},{"id":62763,"name":"May Day","stateCode":"12","countryCode":"JM"},{"id":62769,"name":"Medina","stateCode":"12","countryCode":"JM"},{"id":62773,"name":"Mike Town","stateCode":"12","countryCode":"JM"},{"id":62775,"name":"Mile Gully","stateCode":"12","countryCode":"JM"},{"id":62813,"name":"New Forest","stateCode":"12","countryCode":"JM"},{"id":62814,"name":"New Green","stateCode":"12","countryCode":"JM"},{"id":62824,"name":"Newport","stateCode":"12","countryCode":"JM"},{"id":62837,"name":"Old England","stateCode":"12","countryCode":"JM"},{"id":62856,"name":"Part Of Banana Ground","stateCode":"12","countryCode":"JM"},{"id":62857,"name":"Part Of Gutters","stateCode":"12","countryCode":"JM"},{"id":62864,"name":"Part of Spaldings","stateCode":"12","countryCode":"JM"},{"id":62882,"name":"Pike","stateCode":"12","countryCode":"JM"},{"id":62887,"name":"Plowden","stateCode":"12","countryCode":"JM"},{"id":62900,"name":"Porus","stateCode":"12","countryCode":"JM"},{"id":62905,"name":"Prospect","stateCode":"12","countryCode":"JM"},{"id":62929,"name":"Richmond","stateCode":"12","countryCode":"JM"},{"id":62941,"name":"Robins Hall","stateCode":"12","countryCode":"JM"},{"id":62953,"name":"Rose Hill","stateCode":"12","countryCode":"JM"},{"id":62958,"name":"Royal Flat","stateCode":"12","countryCode":"JM"},{"id":62978,"name":"Scotts Pass","stateCode":"12","countryCode":"JM"},{"id":63000,"name":"Snowdon","stateCode":"12","countryCode":"JM"},{"id":63002,"name":"Somerset","stateCode":"12","countryCode":"JM"},{"id":63014,"name":"Spring Ground","stateCode":"12","countryCode":"JM"},{"id":63018,"name":"Spur Tree","stateCode":"12","countryCode":"JM"},{"id":63025,"name":"St. Paul's","stateCode":"12","countryCode":"JM"},{"id":63043,"name":"Swaby's Hope","stateCode":"12","countryCode":"JM"},{"id":63055,"name":"Top Hill","stateCode":"12","countryCode":"JM"},{"id":63076,"name":"Victoria Town","stateCode":"12","countryCode":"JM"},{"id":63080,"name":"Walderston","stateCode":"12","countryCode":"JM"},{"id":63092,"name":"Watham","stateCode":"12","countryCode":"JM"},{"id":63107,"name":"Williamsfield","stateCode":"12","countryCode":"JM"},{"id":62327,"name":"Balcarres","stateCode":"04","countryCode":"JM"},{"id":62330,"name":"Bangor Ridge","stateCode":"04","countryCode":"JM"},{"id":62351,"name":"Belvedere","stateCode":"04","countryCode":"JM"},{"id":62362,"name":"Black Hill","stateCode":"04","countryCode":"JM"},{"id":62378,"name":"Boundbrook","stateCode":"04","countryCode":"JM"},{"id":62388,"name":"Breastworks","stateCode":"04","countryCode":"JM"},{"id":62399,"name":"Buff Bay","stateCode":"04","countryCode":"JM"},{"id":62408,"name":"Bybrook","stateCode":"04","countryCode":"JM"},{"id":62423,"name":"Cascade","stateCode":"04","countryCode":"JM"},{"id":62427,"name":"Castle Comfort","stateCode":"04","countryCode":"JM"},{"id":62440,"name":"Central Port Antonio","stateCode":"04","countryCode":"JM"},{"id":62447,"name":"Charles Town","stateCode":"04","countryCode":"JM"},{"id":62458,"name":"Claverty Cottage","stateCode":"04","countryCode":"JM"},{"id":62468,"name":"Comfort Castle","stateCode":"04","countryCode":"JM"},{"id":62518,"name":"Drapers","stateCode":"04","countryCode":"JM"},{"id":62528,"name":"Durham","stateCode":"04","countryCode":"JM"},{"id":62548,"name":"Fairy Hill","stateCode":"04","countryCode":"JM"},{"id":62552,"name":"Fellowship","stateCode":"04","countryCode":"JM"},{"id":62575,"name":"Fruitfulvale","stateCode":"04","countryCode":"JM"},{"id":62642,"name":"Hectors River","stateCode":"04","countryCode":"JM"},{"id":62652,"name":"Hope Bay","stateCode":"04","countryCode":"JM"},{"id":62687,"name":"Kensington","stateCode":"04","countryCode":"JM"},{"id":62724,"name":"Long Bay","stateCode":"04","countryCode":"JM"},{"id":62726,"name":"Long Road","stateCode":"04","countryCode":"JM"},{"id":62744,"name":"Manchioneal","stateCode":"04","countryCode":"JM"},{"id":62787,"name":"Moore Town","stateCode":"04","countryCode":"JM"},{"id":62800,"name":"Mount Pleasant","stateCode":"04","countryCode":"JM"},{"id":62829,"name":"Nonsuch","stateCode":"04","countryCode":"JM"},{"id":62832,"name":"Norwich","stateCode":"04","countryCode":"JM"},{"id":62843,"name":"Orange Bay","stateCode":"04","countryCode":"JM"},{"id":62892,"name":"Port Antonio","stateCode":"04","countryCode":"JM"},{"id":62904,"name":"Prospect","stateCode":"04","countryCode":"JM"},{"id":62943,"name":"Rock Hall","stateCode":"04","countryCode":"JM"},{"id":62989,"name":"Sherwood Forest","stateCode":"04","countryCode":"JM"},{"id":62990,"name":"Shirley Castle","stateCode":"04","countryCode":"JM"},{"id":62994,"name":"Skibo","stateCode":"04","countryCode":"JM"},{"id":62999,"name":"Snow Hill","stateCode":"04","countryCode":"JM"},{"id":63015,"name":"Spring Hill","stateCode":"04","countryCode":"JM"},{"id":63024,"name":"St. Margaret's Bay","stateCode":"04","countryCode":"JM"},{"id":63045,"name":"Swift River","stateCode":"04","countryCode":"JM"},{"id":63060,"name":"Tranquility","stateCode":"04","countryCode":"JM"},{"id":63113,"name":"Windsor","stateCode":"04","countryCode":"JM"},{"id":63114,"name":"Windsor Castle","stateCode":"04","countryCode":"JM"},{"id":63115,"name":"Windsor Forest","stateCode":"04","countryCode":"JM"},{"id":62316,"name":"Arcadia","stateCode":"02","countryCode":"JM"},{"id":62317,"name":"Arlene Gardens","stateCode":"02","countryCode":"JM"},{"id":62318,"name":"Arnett Gardens","stateCode":"02","countryCode":"JM"},{"id":62324,"name":"August Town","stateCode":"02","countryCode":"JM"},{"id":62334,"name":"Barbican","stateCode":"02","countryCode":"JM"},{"id":62357,"name":"Beverley Hills","stateCode":"02","countryCode":"JM"},{"id":62361,"name":"Bito","stateCode":"02","countryCode":"JM"},{"id":62365,"name":"Bloxborough","stateCode":"02","countryCode":"JM"},{"id":62377,"name":"Boucher Park","stateCode":"02","countryCode":"JM"},{"id":62385,"name":"Brandon Hill","stateCode":"02","countryCode":"JM"},{"id":62400,"name":"Bull Bay/ Seven Mile","stateCode":"02","countryCode":"JM"},{"id":62417,"name":"Cane River","stateCode":"02","countryCode":"JM"},{"id":62426,"name":"Cassia Park","stateCode":"02","countryCode":"JM"},{"id":62433,"name":"Cavaliers","stateCode":"02","countryCode":"JM"},{"id":62450,"name":"Cherry Gardens","stateCode":"02","countryCode":"JM"},{"id":62461,"name":"Cockburn Gardens","stateCode":"02","countryCode":"JM"},{"id":62471,"name":"Constant Spring","stateCode":"02","countryCode":"JM"},{"id":62472,"name":"Constant Spring Gardens","stateCode":"02","countryCode":"JM"},{"id":62473,"name":"Constitution Hill","stateCode":"02","countryCode":"JM"},{"id":62476,"name":"Content Gap","stateCode":"02","countryCode":"JM"},{"id":62478,"name":"Cooreville Gardens","stateCode":"02","countryCode":"JM"},{"id":62493,"name":"Cross Roads","stateCode":"02","countryCode":"JM"},{"id":62499,"name":"Dallas","stateCode":"02","countryCode":"JM"},{"id":62506,"name":"Delacree Park/ Union Gardens","stateCode":"02","countryCode":"JM"},{"id":62507,"name":"Delacree Pen","stateCode":"02","countryCode":"JM"},{"id":62519,"name":"Drewsland","stateCode":"02","countryCode":"JM"},{"id":62520,"name":"Drumblair","stateCode":"02","countryCode":"JM"},{"id":62523,"name":"Duhaney Park","stateCode":"02","countryCode":"JM"},{"id":62531,"name":"Eastwood Park Gardens","stateCode":"02","countryCode":"JM"},{"id":62537,"name":"Elleston Flats/ Mona Commons","stateCode":"02","countryCode":"JM"},{"id":62554,"name":"Ferry","stateCode":"02","countryCode":"JM"},{"id":62562,"name":"Forest Hills Gardens","stateCode":"02","countryCode":"JM"},{"id":62563,"name":"Forest Hills/ Plantation Height","stateCode":"02","countryCode":"JM"},{"id":62594,"name":"Golden Spring","stateCode":"02","countryCode":"JM"},{"id":62598,"name":"Gordon Town","stateCode":"02","countryCode":"JM"},{"id":62603,"name":"Grants Pen","stateCode":"02","countryCode":"JM"},{"id":62614,"name":"Greenwich Town/ Newport West","stateCode":"02","countryCode":"JM"},{"id":62623,"name":"Half Way Tree","stateCode":"02","countryCode":"JM"},{"id":62624,"name":"Half-Way-Tree","stateCode":"02","countryCode":"JM"},{"id":62630,"name":"Harbour View","stateCode":"02","countryCode":"JM"},{"id":62637,"name":"Havendale","stateCode":"02","countryCode":"JM"},{"id":62644,"name":"Hermitage","stateCode":"02","countryCode":"JM"},{"id":62653,"name":"Hope Pastures/ UTECH","stateCode":"02","countryCode":"JM"},{"id":62654,"name":"Hope Tavern","stateCode":"02","countryCode":"JM"},{"id":62658,"name":"Hughenden","stateCode":"02","countryCode":"JM"},{"id":62663,"name":"Irish Town","stateCode":"02","countryCode":"JM"},{"id":62667,"name":"Jacks Hill","stateCode":"02","countryCode":"JM"},{"id":62681,"name":"Jones Town","stateCode":"02","countryCode":"JM"},{"id":62684,"name":"Kencot","stateCode":"02","countryCode":"JM"},{"id":62695,"name":"Kintyre","stateCode":"02","countryCode":"JM"},{"id":62703,"name":"Lawrence Tavern","stateCode":"02","countryCode":"JM"},{"id":62708,"name":"Liguanea","stateCode":"02","countryCode":"JM"},{"id":62741,"name":"Majestic Gardens","stateCode":"02","countryCode":"JM"},{"id":62749,"name":"Mannings Hill","stateCode":"02","countryCode":"JM"},{"id":62750,"name":"Mannings Hill (Rural)","stateCode":"02","countryCode":"JM"},{"id":62757,"name":"Marverley","stateCode":"02","countryCode":"JM"},{"id":62759,"name":"Maryland","stateCode":"02","countryCode":"JM"},{"id":62761,"name":"Mavis Bank","stateCode":"02","countryCode":"JM"},{"id":62762,"name":"Maxfield Park","stateCode":"02","countryCode":"JM"},{"id":62766,"name":"Meadowbrook","stateCode":"02","countryCode":"JM"},{"id":62767,"name":"Meadowbrook Estate","stateCode":"02","countryCode":"JM"},{"id":62780,"name":"Molynes Four Roads","stateCode":"02","countryCode":"JM"},{"id":62781,"name":"Molynes Gardens","stateCode":"02","countryCode":"JM"},{"id":62782,"name":"Mona Heights","stateCode":"02","countryCode":"JM"},{"id":62796,"name":"Mount James","stateCode":"02","countryCode":"JM"},{"id":62804,"name":"Mountain View Gardens","stateCode":"02","countryCode":"JM"},{"id":62810,"name":"Nannyville","stateCode":"02","countryCode":"JM"},{"id":62815,"name":"New Haven","stateCode":"02","countryCode":"JM"},{"id":62816,"name":"New Kingston","stateCode":"02","countryCode":"JM"},{"id":62830,"name":"Norbrook","stateCode":"02","countryCode":"JM"},{"id":62834,"name":"Oaklands","stateCode":"02","countryCode":"JM"},{"id":62851,"name":"Papine","stateCode":"02","countryCode":"JM"},{"id":62853,"name":"Parks Road","stateCode":"02","countryCode":"JM"},{"id":62867,"name":"Patrick City","stateCode":"02","countryCode":"JM"},{"id":62874,"name":"Pembroke Hall","stateCode":"02","countryCode":"JM"},{"id":62876,"name":"Penwood","stateCode":"02","countryCode":"JM"},{"id":62908,"name":"Queensborough/ Tunbridge","stateCode":"02","countryCode":"JM"},{"id":62917,"name":"Red Hills (Rural)","stateCode":"02","countryCode":"JM"},{"id":62918,"name":"Red Hills Gardens","stateCode":"02","countryCode":"JM"},{"id":62919,"name":"Red Hills/ Sterling Castle","stateCode":"02","countryCode":"JM"},{"id":62931,"name":"Richmond Park","stateCode":"02","countryCode":"JM"},{"id":62938,"name":"Riverton City","stateCode":"02","countryCode":"JM"},{"id":62947,"name":"Roehampton","stateCode":"02","countryCode":"JM"},{"id":62955,"name":"Rose Town","stateCode":"02","countryCode":"JM"},{"id":62982,"name":"Seaview Gardens","stateCode":"02","countryCode":"JM"},{"id":62983,"name":"Seaward Pen","stateCode":"02","countryCode":"JM"},{"id":62986,"name":"Seymour Lands","stateCode":"02","countryCode":"JM"},{"id":63026,"name":"St. Peter's","stateCode":"02","countryCode":"JM"},{"id":63028,"name":"Stadium Gardens","stateCode":"02","countryCode":"JM"},{"id":63033,"name":"Stony Hill","stateCode":"02","countryCode":"JM"},{"id":63044,"name":"Swallowfield","stateCode":"02","countryCode":"JM"},{"id":63047,"name":"Temple Hall","stateCode":"02","countryCode":"JM"},{"id":63051,"name":"Three Oaks/ Glendale","stateCode":"02","countryCode":"JM"},{"id":63056,"name":"Tower Hill","stateCode":"02","countryCode":"JM"},{"id":63059,"name":"Trafalgar Park","stateCode":"02","countryCode":"JM"},{"id":63063,"name":"Trench Town","stateCode":"02","countryCode":"JM"},{"id":63074,"name":"University","stateCode":"02","countryCode":"JM"},{"id":63077,"name":"Vineyard Town","stateCode":"02","countryCode":"JM"},{"id":63082,"name":"Waltham Gardens","stateCode":"02","countryCode":"JM"},{"id":63085,"name":"Washington Gardens","stateCode":"02","countryCode":"JM"},{"id":63090,"name":"Waterhouse","stateCode":"02","countryCode":"JM"},{"id":63102,"name":"Whitehall","stateCode":"02","countryCode":"JM"},{"id":63104,"name":"Whitfield Town","stateCode":"02","countryCode":"JM"},{"id":63111,"name":"Wilton Gardens/ Rema","stateCode":"02","countryCode":"JM"},{"id":63117,"name":"Woodford","stateCode":"02","countryCode":"JM"},{"id":63118,"name":"Woodford Park","stateCode":"02","countryCode":"JM"},{"id":63128,"name":"Zaidie Gardens","stateCode":"02","countryCode":"JM"},{"id":62291,"name":"Aboukir","stateCode":"06","countryCode":"JM"},{"id":62300,"name":"Alderton","stateCode":"06","countryCode":"JM"},{"id":62301,"name":"Alexandria","stateCode":"06","countryCode":"JM"},{"id":62308,"name":"Alva","stateCode":"06","countryCode":"JM"},{"id":62329,"name":"Bamboo","stateCode":"06","countryCode":"JM"},{"id":62345,"name":"Beecher Town","stateCode":"06","countryCode":"JM"},{"id":62352,"name":"Bensonton","stateCode":"06","countryCode":"JM"},{"id":62364,"name":"Blackstonedge","stateCode":"06","countryCode":"JM"},{"id":62373,"name":"Bohemia","stateCode":"06","countryCode":"JM"},{"id":62376,"name":"Borobridge","stateCode":"06","countryCode":"JM"},{"id":62396,"name":"Browns Town","stateCode":"06","countryCode":"JM"},{"id":62412,"name":"Calderwood","stateCode":"06","countryCode":"JM"},{"id":62424,"name":"Cascade","stateCode":"06","countryCode":"JM"},{"id":62435,"name":"Cave Valley","stateCode":"06","countryCode":"JM"},{"id":62442,"name":"Chalky Hill","stateCode":"06","countryCode":"JM"},{"id":62451,"name":"Chester","stateCode":"06","countryCode":"JM"},{"id":62456,"name":"Claremont","stateCode":"06","countryCode":"JM"},{"id":62464,"name":"Cole Gate","stateCode":"06","countryCode":"JM"},{"id":62477,"name":"Content Garden","stateCode":"06","countryCode":"JM"},{"id":62494,"name":"Cuffie Ridge","stateCode":"06","countryCode":"JM"},{"id":62514,"name":"Discovery Bay","stateCode":"06","countryCode":"JM"},{"id":62542,"name":"Epworth","stateCode":"06","countryCode":"JM"},{"id":62545,"name":"Exchange","stateCode":"06","countryCode":"JM"},{"id":62549,"name":"Faith's Pen","stateCode":"06","countryCode":"JM"},{"id":62583,"name":"Gibraltar","stateCode":"06","countryCode":"JM"},{"id":62593,"name":"Golden Grove","stateCode":"06","countryCode":"JM"},{"id":62607,"name":"Great Pond","stateCode":"06","countryCode":"JM"},{"id":62647,"name":"Higgin Land","stateCode":"06","countryCode":"JM"},{"id":62650,"name":"Hinds Town","stateCode":"06","countryCode":"JM"},{"id":62662,"name":"Inverness","stateCode":"06","countryCode":"JM"},{"id":62710,"name":"Lime Hall","stateCode":"06","countryCode":"JM"},{"id":62711,"name":"Lime Tree Gardens","stateCode":"06","countryCode":"JM"},{"id":62714,"name":"Linton Park","stateCode":"06","countryCode":"JM"},{"id":62737,"name":"Macknie","stateCode":"06","countryCode":"JM"},{"id":62738,"name":"Madras","stateCode":"06","countryCode":"JM"},{"id":62751,"name":"Mansfield","stateCode":"06","countryCode":"JM"},{"id":62783,"name":"Moneague","stateCode":"06","countryCode":"JM"},{"id":62798,"name":"Mount Moriah","stateCode":"06","countryCode":"JM"},{"id":62803,"name":"Mount Zion","stateCode":"06","countryCode":"JM"},{"id":62835,"name":"Ocho Rios","stateCode":"06","countryCode":"JM"},{"id":62855,"name":"Parry Town","stateCode":"06","countryCode":"JM"},{"id":62881,"name":"Philadelphia","stateCode":"06","countryCode":"JM"},{"id":62883,"name":"Pimento Walk","stateCode":"06","countryCode":"JM"},{"id":62903,"name":"Priory","stateCode":"06","countryCode":"JM"},{"id":62935,"name":"River Head","stateCode":"06","countryCode":"JM"},{"id":62959,"name":"Runaway Bay","stateCode":"06","countryCode":"JM"},{"id":62962,"name":"Saint Ann’s Bay","stateCode":"06","countryCode":"JM"},{"id":63019,"name":"St. Ann's Bay","stateCode":"06","countryCode":"JM"},{"id":63020,"name":"St. D'Acre","stateCode":"06","countryCode":"JM"},{"id":63029,"name":"Steer Town","stateCode":"06","countryCode":"JM"},{"id":63037,"name":"Sturge Town","stateCode":"06","countryCode":"JM"},{"id":63081,"name":"Walkers Wood","stateCode":"06","countryCode":"JM"},{"id":63093,"name":"Watt Town","stateCode":"06","countryCode":"JM"},{"id":63126,"name":"York Castle","stateCode":"06","countryCode":"JM"},{"id":62292,"name":"Above Rocks","stateCode":"14","countryCode":"JM"},{"id":62338,"name":"Bartons","stateCode":"14","countryCode":"JM"},{"id":62348,"name":"Bellas Gate","stateCode":"14","countryCode":"JM"},{"id":62369,"name":"Bog Walk","stateCode":"14","countryCode":"JM"},{"id":62372,"name":"Bogwalk","stateCode":"14","countryCode":"JM"},{"id":62382,"name":"Braeton","stateCode":"14","countryCode":"JM"},{"id":62389,"name":"Bridgeport","stateCode":"14","countryCode":"JM"},{"id":62395,"name":"Browns Hill","stateCode":"14","countryCode":"JM"},{"id":62436,"name":"Caymanas","stateCode":"14","countryCode":"JM"},{"id":62441,"name":"Central Village","stateCode":"14","countryCode":"JM"},{"id":62488,"name":"Crescent","stateCode":"14","countryCode":"JM"},{"id":62490,"name":"Cromarty","stateCode":"14","countryCode":"JM"},{"id":62495,"name":"Cumberland","stateCode":"14","countryCode":"JM"},{"id":62532,"name":"Edgewater","stateCode":"14","countryCode":"JM"},{"id":62540,"name":"Ensom","stateCode":"14","countryCode":"JM"},{"id":62544,"name":"Ewarton","stateCode":"14","countryCode":"JM"},{"id":62587,"name":"Ginger Ridge","stateCode":"14","countryCode":"JM"},{"id":62589,"name":"Glengoffe","stateCode":"14","countryCode":"JM"},{"id":62591,"name":"Golden Acres","stateCode":"14","countryCode":"JM"},{"id":62609,"name":"Greater Portmore","stateCode":"14","countryCode":"JM"},{"id":62612,"name":"Greendale","stateCode":"14","countryCode":"JM"},{"id":62616,"name":"Gregory Park","stateCode":"14","countryCode":"JM"},{"id":62628,"name":"Hampton Green","stateCode":"14","countryCode":"JM"},{"id":62631,"name":"Harewood","stateCode":"14","countryCode":"JM"},{"id":62632,"name":"Harkers Hall","stateCode":"14","countryCode":"JM"},{"id":62643,"name":"Hellshire","stateCode":"14","countryCode":"JM"},{"id":62660,"name":"Independence City","stateCode":"14","countryCode":"JM"},{"id":62689,"name":"Keystone","stateCode":"14","countryCode":"JM"},{"id":62696,"name":"Kitson Town","stateCode":"14","countryCode":"JM"},{"id":62713,"name":"Linstead","stateCode":"14","countryCode":"JM"},{"id":62722,"name":"Lluidas Vale","stateCode":"14","countryCode":"JM"},{"id":62808,"name":"Naggo Head","stateCode":"14","countryCode":"JM"},{"id":62838,"name":"Old Harbour","stateCode":"14","countryCode":"JM"},{"id":62839,"name":"Old Harbour Bay","stateCode":"14","countryCode":"JM"},{"id":62840,"name":"Old Harbour Road","stateCode":"14","countryCode":"JM"},{"id":62860,"name":"Part of Guys Hill","stateCode":"14","countryCode":"JM"},{"id":62862,"name":"Part of Keystone","stateCode":"14","countryCode":"JM"},{"id":62863,"name":"Part of Rock Hall","stateCode":"14","countryCode":"JM"},{"id":62865,"name":"Passage Fort","stateCode":"14","countryCode":"JM"},{"id":62870,"name":"Pear Tree Grove","stateCode":"14","countryCode":"JM"},{"id":62888,"name":"Point Hill","stateCode":"14","countryCode":"JM"},{"id":62898,"name":"Portmore","stateCode":"14","countryCode":"JM"},{"id":62920,"name":"Redwood","stateCode":"14","countryCode":"JM"},{"id":62937,"name":"Riversdale","stateCode":"14","countryCode":"JM"},{"id":62995,"name":"Sligoville","stateCode":"14","countryCode":"JM"},{"id":63007,"name":"Spanish Town","stateCode":"14","countryCode":"JM"},{"id":63008,"name":"Spanish Town Central","stateCode":"14","countryCode":"JM"},{"id":63021,"name":"St. John's East","stateCode":"14","countryCode":"JM"},{"id":63022,"name":"St. John's West","stateCode":"14","countryCode":"JM"},{"id":63066,"name":"Troja","stateCode":"14","countryCode":"JM"},{"id":63089,"name":"Waterford","stateCode":"14","countryCode":"JM"},{"id":63091,"name":"Watermount","stateCode":"14","countryCode":"JM"},{"id":63095,"name":"West Cumberland","stateCode":"14","countryCode":"JM"},{"id":63108,"name":"Willowdene","stateCode":"14","countryCode":"JM"},{"id":62290,"name":"Aberdeen","stateCode":"11","countryCode":"JM"},{"id":62293,"name":"Accompong","stateCode":"11","countryCode":"JM"},{"id":62303,"name":"Alligator Pond","stateCode":"11","countryCode":"JM"},{"id":62326,"name":"Balaclava","stateCode":"11","countryCode":"JM"},{"id":62328,"name":"Ballards  Valley","stateCode":"11","countryCode":"JM"},{"id":62333,"name":"Barbary Hall","stateCode":"11","countryCode":"JM"},{"id":62360,"name":"Bigwoods","stateCode":"11","countryCode":"JM"},{"id":62363,"name":"Black River","stateCode":"11","countryCode":"JM"},{"id":62371,"name":"Bogue","stateCode":"11","countryCode":"JM"},{"id":62381,"name":"Braes River","stateCode":"11","countryCode":"JM"},{"id":62390,"name":"Brighton","stateCode":"11","countryCode":"JM"},{"id":62393,"name":"Brompton","stateCode":"11","countryCode":"JM"},{"id":62401,"name":"Bull Savanna","stateCode":"11","countryCode":"JM"},{"id":62402,"name":"Bull Savannah","stateCode":"11","countryCode":"JM"},{"id":62405,"name":"Burnt Savannah","stateCode":"11","countryCode":"JM"},{"id":62419,"name":"Carisbrook","stateCode":"11","countryCode":"JM"},{"id":62483,"name":"Cotterwood","stateCode":"11","countryCode":"JM"},{"id":62487,"name":"Crawford","stateCode":"11","countryCode":"JM"},{"id":62534,"name":"Elderslie","stateCode":"11","countryCode":"JM"},{"id":62577,"name":"Fullerswood","stateCode":"11","countryCode":"JM"},{"id":62584,"name":"Giddy Hall","stateCode":"11","countryCode":"JM"},{"id":62586,"name":"Ginger Hill","stateCode":"11","countryCode":"JM"},{"id":62599,"name":"Goshen","stateCode":"11","countryCode":"JM"},{"id":62651,"name":"Holland","stateCode":"11","countryCode":"JM"},{"id":62655,"name":"Hopeton","stateCode":"11","countryCode":"JM"},{"id":62682,"name":"Junction","stateCode":"11","countryCode":"JM"},{"id":62699,"name":"Lacovia","stateCode":"11","countryCode":"JM"},{"id":62705,"name":"Leeds","stateCode":"11","countryCode":"JM"},{"id":62717,"name":"Lititz","stateCode":"11","countryCode":"JM"},{"id":62739,"name":"Maggotty","stateCode":"11","countryCode":"JM"},{"id":62743,"name":"Malvern","stateCode":"11","countryCode":"JM"},{"id":62770,"name":"Merrywood","stateCode":"11","countryCode":"JM"},{"id":62771,"name":"Middle Quarters","stateCode":"11","countryCode":"JM"},{"id":62805,"name":"Mountainside","stateCode":"11","countryCode":"JM"},{"id":62806,"name":"Mulgrave","stateCode":"11","countryCode":"JM"},{"id":62807,"name":"Myersville","stateCode":"11","countryCode":"JM"},{"id":62809,"name":"Nain","stateCode":"11","countryCode":"JM"},{"id":62818,"name":"New Market","stateCode":"11","countryCode":"JM"},{"id":62823,"name":"Newell","stateCode":"11","countryCode":"JM"},{"id":62826,"name":"Newton","stateCode":"11","countryCode":"JM"},{"id":62854,"name":"Parottee","stateCode":"11","countryCode":"JM"},{"id":62872,"name":"Pedro Plains","stateCode":"11","countryCode":"JM"},{"id":62877,"name":"Pepper","stateCode":"11","countryCode":"JM"},{"id":62884,"name":"Pisgah","stateCode":"11","countryCode":"JM"},{"id":62889,"name":"Pondside","stateCode":"11","countryCode":"JM"},{"id":62902,"name":"Potsdam","stateCode":"11","countryCode":"JM"},{"id":62909,"name":"Quick Step","stateCode":"11","countryCode":"JM"},{"id":62915,"name":"Red Bank","stateCode":"11","countryCode":"JM"},{"id":62923,"name":"Retirement","stateCode":"11","countryCode":"JM"},{"id":62951,"name":"Rose Hall","stateCode":"11","countryCode":"JM"},{"id":62960,"name":"Russels","stateCode":"11","countryCode":"JM"},{"id":62971,"name":"Santa Cruz","stateCode":"11","countryCode":"JM"},{"id":62976,"name":"Scholefield","stateCode":"11","countryCode":"JM"},{"id":62993,"name":"Siloah","stateCode":"11","countryCode":"JM"},{"id":62996,"name":"Slipe","stateCode":"11","countryCode":"JM"},{"id":63004,"name":"Southfield","stateCode":"11","countryCode":"JM"},{"id":63017,"name":"Springfield","stateCode":"11","countryCode":"JM"},{"id":63049,"name":"Thornton","stateCode":"11","countryCode":"JM"},{"id":63054,"name":"Top Hill","stateCode":"11","countryCode":"JM"},{"id":63062,"name":"Treasure Beach","stateCode":"11","countryCode":"JM"},{"id":63083,"name":"Warminister","stateCode":"11","countryCode":"JM"},{"id":63086,"name":"Watchwell","stateCode":"11","countryCode":"JM"},{"id":63100,"name":"White Hill","stateCode":"11","countryCode":"JM"},{"id":62294,"name":"Adelphi","stateCode":"08","countryCode":"JM"},{"id":62298,"name":"Albion","stateCode":"08","countryCode":"JM"},{"id":62312,"name":"Anchovy","stateCode":"08","countryCode":"JM"},{"id":62315,"name":"Arcadia","stateCode":"08","countryCode":"JM"},{"id":62337,"name":"Barrett Town","stateCode":"08","countryCode":"JM"},{"id":62358,"name":"Bickersteth","stateCode":"08","countryCode":"JM"},{"id":62370,"name":"Bogue","stateCode":"08","countryCode":"JM"},{"id":62386,"name":"Brandon Hill","stateCode":"08","countryCode":"JM"},{"id":62415,"name":"Cambridge","stateCode":"08","countryCode":"JM"},{"id":62418,"name":"Canterbury","stateCode":"08","countryCode":"JM"},{"id":62429,"name":"Catadupa","stateCode":"08","countryCode":"JM"},{"id":62430,"name":"Catherine Hall","stateCode":"08","countryCode":"JM"},{"id":62431,"name":"Catherine Mount","stateCode":"08","countryCode":"JM"},{"id":62469,"name":"Comfort Hall","stateCode":"08","countryCode":"JM"},{"id":62480,"name":"Coral Gardens","stateCode":"08","countryCode":"JM"},{"id":62481,"name":"Cornwall","stateCode":"08","countryCode":"JM"},{"id":62516,"name":"Down Town Montego Bay","stateCode":"08","countryCode":"JM"},{"id":62525,"name":"Dumfries","stateCode":"08","countryCode":"JM"},{"id":62546,"name":"Fairfield","stateCode":"08","countryCode":"JM"},{"id":62551,"name":"Farm Heights","stateCode":"08","countryCode":"JM"},{"id":62555,"name":"Flagstaff","stateCode":"08","countryCode":"JM"},{"id":62556,"name":"Flamstead","stateCode":"08","countryCode":"JM"},{"id":62557,"name":"Flankers","stateCode":"08","countryCode":"JM"},{"id":62560,"name":"Flower Hill","stateCode":"08","countryCode":"JM"},{"id":62572,"name":"Friendship","stateCode":"08","countryCode":"JM"},{"id":62579,"name":"Garlands","stateCode":"08","countryCode":"JM"},{"id":62588,"name":"Glendevon","stateCode":"08","countryCode":"JM"},{"id":62597,"name":"Goodwill","stateCode":"08","countryCode":"JM"},{"id":62604,"name":"Granville","stateCode":"08","countryCode":"JM"},{"id":62611,"name":"Green Pond","stateCode":"08","countryCode":"JM"},{"id":62615,"name":"Greenwood","stateCode":"08","countryCode":"JM"},{"id":62656,"name":"Hopeton","stateCode":"08","countryCode":"JM"},{"id":62664,"name":"Ironshore","stateCode":"08","countryCode":"JM"},{"id":62665,"name":"Irwin","stateCode":"08","countryCode":"JM"},{"id":62675,"name":"John's Hall","stateCode":"08","countryCode":"JM"},{"id":62709,"name":"Lilliput","stateCode":"08","countryCode":"JM"},{"id":62730,"name":"Lottery","stateCode":"08","countryCode":"JM"},{"id":62742,"name":"Maldon","stateCode":"08","countryCode":"JM"},{"id":62754,"name":"Maroon Town","stateCode":"08","countryCode":"JM"},{"id":62779,"name":"Mocho","stateCode":"08","countryCode":"JM"},{"id":62784,"name":"Montego Bay","stateCode":"08","countryCode":"JM"},{"id":62785,"name":"Montego Hill","stateCode":"08","countryCode":"JM"},{"id":62786,"name":"Montpelier","stateCode":"08","countryCode":"JM"},{"id":62794,"name":"Mount Carey","stateCode":"08","countryCode":"JM"},{"id":62795,"name":"Mount Horeb","stateCode":"08","countryCode":"JM"},{"id":62801,"name":"Mount Salem","stateCode":"08","countryCode":"JM"},{"id":62828,"name":"Niagara","stateCode":"08","countryCode":"JM"},{"id":62833,"name":"Norwood","stateCode":"08","countryCode":"JM"},{"id":62842,"name":"Orange","stateCode":"08","countryCode":"JM"},{"id":62852,"name":"Paradise","stateCode":"08","countryCode":"JM"},{"id":62885,"name":"Pitfour","stateCode":"08","countryCode":"JM"},{"id":62899,"name":"Porto Bello","stateCode":"08","countryCode":"JM"},{"id":62914,"name":"Reading","stateCode":"08","countryCode":"JM"},{"id":62922,"name":"Retirement","stateCode":"08","countryCode":"JM"},{"id":62926,"name":"Retrieve","stateCode":"08","countryCode":"JM"},{"id":62948,"name":"Roehampton","stateCode":"08","countryCode":"JM"},{"id":62950,"name":"Rose Hall","stateCode":"08","countryCode":"JM"},{"id":62952,"name":"Rose Heights","stateCode":"08","countryCode":"JM"},{"id":62954,"name":"Rose Mount Garden","stateCode":"08","countryCode":"JM"},{"id":62956,"name":"Rosemount","stateCode":"08","countryCode":"JM"},{"id":62965,"name":"Salt Spring","stateCode":"08","countryCode":"JM"},{"id":62985,"name":"Seven Rivers","stateCode":"08","countryCode":"JM"},{"id":63003,"name":"Somerton","stateCode":"08","countryCode":"JM"},{"id":63010,"name":"Spot Valley","stateCode":"08","countryCode":"JM"},{"id":63032,"name":"Stonehenge","stateCode":"08","countryCode":"JM"},{"id":63039,"name":"Summer Hill","stateCode":"08","countryCode":"JM"},{"id":63041,"name":"Sunderland","stateCode":"08","countryCode":"JM"},{"id":63046,"name":"Tangle River","stateCode":"08","countryCode":"JM"},{"id":63057,"name":"Tower Hill/Moy Hall","stateCode":"08","countryCode":"JM"},{"id":63070,"name":"Tucker","stateCode":"08","countryCode":"JM"},{"id":63073,"name":"Unity Hall","stateCode":"08","countryCode":"JM"},{"id":63075,"name":"Vaughnsfield","stateCode":"08","countryCode":"JM"},{"id":63094,"name":"Welcome Hall","stateCode":"08","countryCode":"JM"},{"id":63097,"name":"West Green","stateCode":"08","countryCode":"JM"},{"id":62309,"name":"Amiel Town","stateCode":"05","countryCode":"JM"},{"id":62313,"name":"Annotto Bay","stateCode":"05","countryCode":"JM"},{"id":62325,"name":"Baileys Vale","stateCode":"05","countryCode":"JM"},{"id":62342,"name":"Baxter Mountain","stateCode":"05","countryCode":"JM"},{"id":62347,"name":"Belfield","stateCode":"05","countryCode":"JM"},{"id":62375,"name":"Bonnygate","stateCode":"05","countryCode":"JM"},{"id":62383,"name":"Brainerd","stateCode":"05","countryCode":"JM"},{"id":62392,"name":"Broadgate","stateCode":"05","countryCode":"JM"},{"id":62414,"name":"Camberwell","stateCode":"05","countryCode":"JM"},{"id":62421,"name":"Carron Hall","stateCode":"05","countryCode":"JM"},{"id":62428,"name":"Castleton","stateCode":"05","countryCode":"JM"},{"id":62448,"name":"Charles Town","stateCode":"05","countryCode":"JM"},{"id":62459,"name":"Clonmel","stateCode":"05","countryCode":"JM"},{"id":62511,"name":"Devon Pen","stateCode":"05","countryCode":"JM"},{"id":62515,"name":"Dover","stateCode":"05","countryCode":"JM"},{"id":62539,"name":"Enfield","stateCode":"05","countryCode":"JM"},{"id":62541,"name":"Epson","stateCode":"05","countryCode":"JM"},{"id":62559,"name":"Flint River","stateCode":"05","countryCode":"JM"},{"id":62568,"name":"Free Hill","stateCode":"05","countryCode":"JM"},{"id":62573,"name":"Friendship Gap","stateCode":"05","countryCode":"JM"},{"id":62578,"name":"Galina","stateCode":"05","countryCode":"JM"},{"id":62580,"name":"Gayle","stateCode":"05","countryCode":"JM"},{"id":62619,"name":"Guys Hill","stateCode":"05","countryCode":"JM"},{"id":62626,"name":"Hampstead","stateCode":"05","countryCode":"JM"},{"id":62648,"name":"Highgate","stateCode":"05","countryCode":"JM"},{"id":62666,"name":"Islington","stateCode":"05","countryCode":"JM"},{"id":62668,"name":"Jacks River","stateCode":"05","countryCode":"JM"},{"id":62671,"name":"Jeffery Town","stateCode":"05","countryCode":"JM"},{"id":62698,"name":"Labyrinth","stateCode":"05","countryCode":"JM"},{"id":62725,"name":"Long Road","stateCode":"05","countryCode":"JM"},{"id":62734,"name":"Lucky Hill","stateCode":"05","countryCode":"JM"},{"id":62747,"name":"Mango Valley","stateCode":"05","countryCode":"JM"},{"id":62756,"name":"Martin","stateCode":"05","countryCode":"JM"},{"id":62760,"name":"Mason Hall","stateCode":"05","countryCode":"JM"},{"id":62774,"name":"Mile Gully","stateCode":"05","countryCode":"JM"},{"id":62841,"name":"Oracabessa","stateCode":"05","countryCode":"JM"},{"id":62893,"name":"Port Maria","stateCode":"05","countryCode":"JM"},{"id":62906,"name":"Prospect","stateCode":"05","countryCode":"JM"},{"id":62924,"name":"Retreat","stateCode":"05","countryCode":"JM"},{"id":62928,"name":"Richmond","stateCode":"05","countryCode":"JM"},{"id":62940,"name":"Robins Bay","stateCode":"05","countryCode":"JM"},{"id":62967,"name":"Sandside","stateCode":"05","countryCode":"JM"},{"id":62977,"name":"Scotts Hall","stateCode":"05","countryCode":"JM"},{"id":63121,"name":"Woodpark","stateCode":"05","countryCode":"JM"},{"id":63122,"name":"Woodside","stateCode":"05","countryCode":"JM"},{"id":62296,"name":"Airy Castle","stateCode":"03","countryCode":"JM"},{"id":62299,"name":"Albion","stateCode":"03","countryCode":"JM"},{"id":62311,"name":"Amity Hall","stateCode":"03","countryCode":"JM"},{"id":62314,"name":"Arcadia","stateCode":"03","countryCode":"JM"},{"id":62332,"name":"Baptist","stateCode":"03","countryCode":"JM"},{"id":62335,"name":"Barking Lodge","stateCode":"03","countryCode":"JM"},{"id":62339,"name":"Bath","stateCode":"03","countryCode":"JM"},{"id":62355,"name":"Bethel","stateCode":"03","countryCode":"JM"},{"id":62438,"name":"Cedar Valley","stateCode":"03","countryCode":"JM"},{"id":62455,"name":"Church Corner","stateCode":"03","countryCode":"JM"},{"id":62500,"name":"Dalvey","stateCode":"03","countryCode":"JM"},{"id":62502,"name":"Danvers Pen","stateCode":"03","countryCode":"JM"},{"id":62522,"name":"Duckenfield","stateCode":"03","countryCode":"JM"},{"id":62524,"name":"Duhaney Pen","stateCode":"03","countryCode":"JM"},{"id":62529,"name":"Easington","stateCode":"03","countryCode":"JM"},{"id":62535,"name":"Eleven Miles","stateCode":"03","countryCode":"JM"},{"id":62561,"name":"Font Hill","stateCode":"03","countryCode":"JM"},{"id":62592,"name":"Golden Grove","stateCode":"03","countryCode":"JM"},{"id":62622,"name":"Hagley Gap","stateCode":"03","countryCode":"JM"},{"id":62627,"name":"Hampton Court","stateCode":"03","countryCode":"JM"},{"id":62639,"name":"Hayfield","stateCode":"03","countryCode":"JM"},{"id":62649,"name":"Hillside","stateCode":"03","countryCode":"JM"},{"id":62677,"name":"Johns Town","stateCode":"03","countryCode":"JM"},{"id":62678,"name":"Johnson Mountain","stateCode":"03","countryCode":"JM"},{"id":62680,"name":"Jones Pen","stateCode":"03","countryCode":"JM"},{"id":62706,"name":"Leith Hall","stateCode":"03","countryCode":"JM"},{"id":62719,"name":"Llandewey","stateCode":"03","countryCode":"JM"},{"id":62721,"name":"Lloyds","stateCode":"03","countryCode":"JM"},{"id":62735,"name":"Lyssons","stateCode":"03","countryCode":"JM"},{"id":62772,"name":"Middleton","stateCode":"03","countryCode":"JM"},{"id":62789,"name":"Morant Bay","stateCode":"03","countryCode":"JM"},{"id":62797,"name":"Mount Lebanus","stateCode":"03","countryCode":"JM"},{"id":62820,"name":"New Monkland","stateCode":"03","countryCode":"JM"},{"id":62850,"name":"Pamphret","stateCode":"03","countryCode":"JM"},{"id":62869,"name":"Pear Tree","stateCode":"03","countryCode":"JM"},{"id":62891,"name":"Poormans Corner","stateCode":"03","countryCode":"JM"},{"id":62894,"name":"Port Morant","stateCode":"03","countryCode":"JM"},{"id":62907,"name":"Prospect","stateCode":"03","countryCode":"JM"},{"id":62912,"name":"Ramble","stateCode":"03","countryCode":"JM"},{"id":62925,"name":"Retreat","stateCode":"03","countryCode":"JM"},{"id":62932,"name":"Richmond Vale","stateCode":"03","countryCode":"JM"},{"id":62936,"name":"River Head","stateCode":"03","countryCode":"JM"},{"id":62957,"name":"Rowlandsfield","stateCode":"03","countryCode":"JM"},{"id":62980,"name":"Seaforth","stateCode":"03","countryCode":"JM"},{"id":63001,"name":"Somerset","stateCode":"03","countryCode":"JM"},{"id":63011,"name":"Spring Bank","stateCode":"03","countryCode":"JM"},{"id":63012,"name":"Spring Garden","stateCode":"03","countryCode":"JM"},{"id":63042,"name":"Sunning Hill","stateCode":"03","countryCode":"JM"},{"id":63064,"name":"Trinity Ville","stateCode":"03","countryCode":"JM"},{"id":63065,"name":"Trinityville","stateCode":"03","countryCode":"JM"},{"id":63098,"name":"Wheelerfield","stateCode":"03","countryCode":"JM"},{"id":63099,"name":"White Hall","stateCode":"03","countryCode":"JM"},{"id":63101,"name":"White Horses","stateCode":"03","countryCode":"JM"},{"id":63109,"name":"Wilmington","stateCode":"03","countryCode":"JM"},{"id":63112,"name":"Winchester","stateCode":"03","countryCode":"JM"},{"id":63124,"name":"Yallahs","stateCode":"03","countryCode":"JM"},{"id":63125,"name":"York","stateCode":"03","countryCode":"JM"},{"id":62297,"name":"Albert Town","stateCode":"07","countryCode":"JM"},{"id":62306,"name":"Alps","stateCode":"07","countryCode":"JM"},{"id":62379,"name":"Bounty Hall","stateCode":"07","countryCode":"JM"},{"id":62384,"name":"Brampton","stateCode":"07","countryCode":"JM"},{"id":62403,"name":"Bunkers Hill","stateCode":"07","countryCode":"JM"},{"id":62457,"name":"Clarks Town","stateCode":"07","countryCode":"JM"},{"id":62501,"name":"Daniel Town","stateCode":"07","countryCode":"JM"},{"id":62505,"name":"Deeside","stateCode":"07","countryCode":"JM"},{"id":62521,"name":"Duanvale","stateCode":"07","countryCode":"JM"},{"id":62526,"name":"Duncans","stateCode":"07","countryCode":"JM"},{"id":62550,"name":"Falmouth","stateCode":"07","countryCode":"JM"},{"id":62569,"name":"Freemans Hall","stateCode":"07","countryCode":"JM"},{"id":62605,"name":"Granville","stateCode":"07","countryCode":"JM"},{"id":62625,"name":"Hampden","stateCode":"07","countryCode":"JM"},{"id":62669,"name":"Jackson Town","stateCode":"07","countryCode":"JM"},{"id":62674,"name":"Joe Hut","stateCode":"07","countryCode":"JM"},{"id":62694,"name":"Kinloss","stateCode":"07","countryCode":"JM"},{"id":62729,"name":"Lorrimers","stateCode":"07","countryCode":"JM"},{"id":62755,"name":"Martha Brae","stateCode":"07","countryCode":"JM"},{"id":62878,"name":"Perth Town","stateCode":"07","countryCode":"JM"},{"id":62921,"name":"Refuge","stateCode":"07","countryCode":"JM"},{"id":62933,"name":"Rio Bueno","stateCode":"07","countryCode":"JM"},{"id":62963,"name":"Salt Marsh","stateCode":"07","countryCode":"JM"},{"id":62966,"name":"Samuels Prospect","stateCode":"07","countryCode":"JM"},{"id":62975,"name":"Sawyers","stateCode":"07","countryCode":"JM"},{"id":62988,"name":"Sherwood Content","stateCode":"07","countryCode":"JM"},{"id":63009,"name":"Spicy Hill","stateCode":"07","countryCode":"JM"},{"id":63013,"name":"Spring Garden","stateCode":"07","countryCode":"JM"},{"id":63027,"name":"St. Vincent","stateCode":"07","countryCode":"JM"},{"id":63030,"name":"Stettin","stateCode":"07","countryCode":"JM"},{"id":63031,"name":"Stewart Town","stateCode":"07","countryCode":"JM"},{"id":63068,"name":"Troy","stateCode":"07","countryCode":"JM"},{"id":63072,"name":"Ulster Spring","stateCode":"07","countryCode":"JM"},{"id":63078,"name":"Wait-A-Bit","stateCode":"07","countryCode":"JM"},{"id":63079,"name":"Wakefield","stateCode":"07","countryCode":"JM"},{"id":63084,"name":"Warsop","stateCode":"07","countryCode":"JM"},{"id":63110,"name":"Wilson's Run","stateCode":"07","countryCode":"JM"},{"id":63116,"name":"Wirefence","stateCode":"07","countryCode":"JM"},{"id":62289,"name":"12th Street","stateCode":"10","countryCode":"JM"},{"id":62310,"name":"Amity","stateCode":"10","countryCode":"JM"},{"id":62320,"name":"Ashton","stateCode":"10","countryCode":"JM"},{"id":62336,"name":"Barneyside","stateCode":"10","countryCode":"JM"},{"id":62340,"name":"Bath","stateCode":"10","countryCode":"JM"},{"id":62341,"name":"Bath Mountain","stateCode":"10","countryCode":"JM"},{"id":62343,"name":"Beaufort","stateCode":"10","countryCode":"JM"},{"id":62346,"name":"Beeston Spring","stateCode":"10","countryCode":"JM"},{"id":62350,"name":"Belvedere","stateCode":"10","countryCode":"JM"},{"id":62353,"name":"Berkshire","stateCode":"10","countryCode":"JM"},{"id":62356,"name":"Bethel Town","stateCode":"10","countryCode":"JM"},{"id":62359,"name":"Big Bridge","stateCode":"10","countryCode":"JM"},{"id":62367,"name":"Bluefields","stateCode":"10","countryCode":"JM"},{"id":62368,"name":"Bog","stateCode":"10","countryCode":"JM"},{"id":62394,"name":"Broughton","stateCode":"10","countryCode":"JM"},{"id":62404,"name":"Burnt Savannah","stateCode":"10","countryCode":"JM"},{"id":62411,"name":"Cairn Curran","stateCode":"10","countryCode":"JM"},{"id":62413,"name":"Caledonia","stateCode":"10","countryCode":"JM"},{"id":62420,"name":"Carmel","stateCode":"10","countryCode":"JM"},{"id":62434,"name":"Cave","stateCode":"10","countryCode":"JM"},{"id":62445,"name":"Chantilly","stateCode":"10","countryCode":"JM"},{"id":62475,"name":"Content","stateCode":"10","countryCode":"JM"},{"id":62482,"name":"Cornwall Mountian","stateCode":"10","countryCode":"JM"},{"id":62503,"name":"Darliston","stateCode":"10","countryCode":"JM"},{"id":62508,"name":"Delveland","stateCode":"10","countryCode":"JM"},{"id":62513,"name":"Dillion Bigwoods","stateCode":"10","countryCode":"JM"},{"id":62527,"name":"Dundee","stateCode":"10","countryCode":"JM"},{"id":62538,"name":"Enfield","stateCode":"10","countryCode":"JM"},{"id":62553,"name":"Ferris","stateCode":"10","countryCode":"JM"},{"id":62564,"name":"Fort Williams","stateCode":"10","countryCode":"JM"},{"id":62574,"name":"Frome","stateCode":"10","countryCode":"JM"},{"id":62576,"name":"Fullersfield","stateCode":"10","countryCode":"JM"},{"id":62582,"name":"Georges Plain","stateCode":"10","countryCode":"JM"},{"id":62596,"name":"Gooden's River","stateCode":"10","countryCode":"JM"},{"id":62600,"name":"Grange","stateCode":"10","countryCode":"JM"},{"id":62601,"name":"Grange Hill","stateCode":"10","countryCode":"JM"},{"id":62621,"name":"Haddo","stateCode":"10","countryCode":"JM"},{"id":62634,"name":"Harmony Town","stateCode":"10","countryCode":"JM"},{"id":62645,"name":"Hertford","stateCode":"10","countryCode":"JM"},{"id":62673,"name":"Jerusalem","stateCode":"10","countryCode":"JM"},{"id":62688,"name":"Kentucky","stateCode":"10","countryCode":"JM"},{"id":62690,"name":"Kilmarnoch","stateCode":"10","countryCode":"JM"},{"id":62700,"name":"Lambs River","stateCode":"10","countryCode":"JM"},{"id":62704,"name":"Leamington","stateCode":"10","countryCode":"JM"},{"id":62707,"name":"Lenox Bigwoods","stateCode":"10","countryCode":"JM"},{"id":62718,"name":"Little London","stateCode":"10","countryCode":"JM"},{"id":62720,"name":"Llandilo","stateCode":"10","countryCode":"JM"},{"id":62736,"name":"Mackfield","stateCode":"10","countryCode":"JM"},{"id":62768,"name":"Mearnsville","stateCode":"10","countryCode":"JM"},{"id":62792,"name":"Mount Airy","stateCode":"10","countryCode":"JM"},{"id":62802,"name":"Mount Stewart","stateCode":"10","countryCode":"JM"},{"id":62811,"name":"Negril","stateCode":"10","countryCode":"JM"},{"id":62819,"name":"New Market Oval","stateCode":"10","countryCode":"JM"},{"id":62821,"name":"New Roads","stateCode":"10","countryCode":"JM"},{"id":62822,"name":"New Works","stateCode":"10","countryCode":"JM"},{"id":62845,"name":"Orange Hill","stateCode":"10","countryCode":"JM"},{"id":62868,"name":"Paul Island","stateCode":"10","countryCode":"JM"},{"id":62879,"name":"Petersfield","stateCode":"10","countryCode":"JM"},{"id":62880,"name":"Petersville","stateCode":"10","countryCode":"JM"},{"id":62896,"name":"Porters Mountain","stateCode":"10","countryCode":"JM"},{"id":62916,"name":"Red Hills","stateCode":"10","countryCode":"JM"},{"id":62927,"name":"Revival","stateCode":"10","countryCode":"JM"},{"id":62939,"name":"Roaring River","stateCode":"10","countryCode":"JM"},{"id":62961,"name":"Russia","stateCode":"10","countryCode":"JM"},{"id":62973,"name":"Savanna-la-Mar","stateCode":"10","countryCode":"JM"},{"id":62974,"name":"Savannah-la-mar Business Dist.","stateCode":"10","countryCode":"JM"},{"id":62979,"name":"Seaford Town","stateCode":"10","countryCode":"JM"},{"id":62981,"name":"Seaton Crescent","stateCode":"10","countryCode":"JM"},{"id":62987,"name":"Shefield","stateCode":"10","countryCode":"JM"},{"id":62991,"name":"Shoalin Grotto","stateCode":"10","countryCode":"JM"},{"id":62997,"name":"Smithfield","stateCode":"10","countryCode":"JM"},{"id":63023,"name":"St. Leonards","stateCode":"10","countryCode":"JM"},{"id":63034,"name":"Strathbogie","stateCode":"10","countryCode":"JM"},{"id":63035,"name":"Strawberry","stateCode":"10","countryCode":"JM"},{"id":63036,"name":"Struie","stateCode":"10","countryCode":"JM"},{"id":63050,"name":"Three Mile River","stateCode":"10","countryCode":"JM"},{"id":63058,"name":"Town Head","stateCode":"10","countryCode":"JM"},{"id":63069,"name":"Truro","stateCode":"10","countryCode":"JM"},{"id":63088,"name":"Water Works","stateCode":"10","countryCode":"JM"},{"id":63103,"name":"Whitehouse","stateCode":"10","countryCode":"JM"},{"id":63105,"name":"Whithorn","stateCode":"10","countryCode":"JM"},{"id":63106,"name":"Williamsfield","stateCode":"10","countryCode":"JM"}]